sample_id,path,source_label,true_label,mapping_type,fold,esc10,sha256,leakage_status,condition,predicted_label,raw_predicted_label,confidence,correct,latency_ms
1-100032-A-0,benchmark_data/external/esc50/audio/1-100032-A-0.wav,dog,dog_barking,compatible,1,True,f40a849a2375c8c63312a73dd2dd6c74007301fcc21b4be2ece29a642831e3d8,POSSIBLE SOURCE OVERLAP,clean,dog_barking,Bark,0.6253823041915894,True,25.25989996502176
1-101336-A-30,benchmark_data/external/esc50/audio/1-101336-A-30.wav,door_wood_knock,door_activity,compatible,1,False,e738266e395e378102f74e0920b05ff5937543788420d5b2a6b8d3df8bdb3910,POSSIBLE SOURCE OVERLAP,clean,door_activity,Knock,0.6385424137115479,True,64.1378000145778
1-103995-A-30,benchmark_data/external/esc50/audio/1-103995-A-30.wav,door_wood_knock,door_activity,compatible,1,False,1c1d3e65b7a58658766180d2faeeb9bdd1fe7405119bf100d9cd2f671a6e2b11,POSSIBLE SOURCE OVERLAP,clean,door_activity,Knock,0.7098401188850403,True,61.125800013542175
1-103999-A-30,benchmark_data/external/esc50/audio/1-103999-A-30.wav,door_wood_knock,door_activity,compatible,1,False,f33db9ec0b036d0dd17c911d456c33a59c0fc85974245a85fed56b8d2568724e,POSSIBLE SOURCE OVERLAP,clean,door_activity,Knock,0.7142820358276367,True,42.346299975179136
1-110389-A-0,benchmark_data/external/esc50/audio/1-110389-A-0.wav,dog,dog_barking,compatible,1,True,4a18f3f834eb184b9f02595ac74c7de37ef8048a3da92f58f27018fec580b36a,POSSIBLE SOURCE OVERLAP,clean,dog,Dog,0.6231082081794739,False,44.577499967999756
1-17124-A-43,benchmark_data/external/esc50/audio/1-17124-A-43.wav,car_horn,vehicle_horn,compatible,1,False,9d5e01e07a386ee36c2e73f40817d132a54d91c936eccc01414280abca5a4209,POSSIBLE SOURCE OVERLAP,clean,vehicle_horn,"Vehicle horn, car horn, honking",0.7162976264953613,True,29.64259998407215
1-17150-A-12,benchmark_data/external/esc50/audio/1-17150-A-12.wav,crackling_fire,fire,compatible,1,True,3d278bc2034dfb83881491a8eec97de6f1239f0a5b8a7c02be46b5aab0a51609,POSSIBLE SOURCE OVERLAP,clean,fire,Fire,0.6504863500595093,True,36.44860000349581
1-17565-A-12,benchmark_data/external/esc50/audio/1-17565-A-12.wav,crackling_fire,fire,compatible,1,True,bf16e25363a2d5824c07e96dc05defcb87e1d9dcd47bfd241a9d25e01b411209,POSSIBLE SOURCE OVERLAP,clean,crumpling_crinkling,"Crumpling, crinkling",0.5569571256637573,False,26.226599991787225
1-17742-A-12,benchmark_data/external/esc50/audio/1-17742-A-12.wav,crackling_fire,fire,compatible,1,True,57c4d44ed80ad163ac63353ea98a7b286cfbe5ceb844cc57959b70c08ce5dde9,POSSIBLE SOURCE OVERLAP,clean,patter,Patter,0.5535062551498413,False,33.44229998765513
1-17808-A-12,benchmark_data/external/esc50/audio/1-17808-A-12.wav,crackling_fire,fire,compatible,1,True,e6a90f134fe2f2eaa759b2b01ec831d6f86e300522fb0a5d19e050df16c606af,POSSIBLE SOURCE OVERLAP,clean,rain_on_surface,Rain on surface,0.5407716035842896,False,33.77330000512302
1-17808-B-12,benchmark_data/external/esc50/audio/1-17808-B-12.wav,crackling_fire,fire,compatible,1,True,f28b0f8158b6a5adfa4bca5df5c71963c839dd22815440c8b3e220ef2016a365,POSSIBLE SOURCE OVERLAP,clean,fire,Fire,0.5333807468414307,True,31.271199986804277
1-187207-A-20,benchmark_data/external/esc50/audio/1-187207-A-20.wav,crying_baby,baby_crying,exact,1,True,ddf5bf45f73bc73d1838bf0cb6af530584f324aef513112ee15c210e83ecbd6b,POSSIBLE SOURCE OVERLAP,clean,laughter,Laughter,0.610967755317688,False,30.53150000050664
1-19026-A-43,benchmark_data/external/esc50/audio/1-19026-A-43.wav,car_horn,vehicle_horn,compatible,1,False,67bb2fe5cf138930eb6a6a84bedeb7284093076738cd47ef73cc8b3b8393ff40,POSSIBLE SOURCE OVERLAP,clean,vehicle_horn,"Vehicle horn, car horn, honking",0.7195093631744385,True,32.28390001459047
1-20133-A-39,benchmark_data/external/esc50/audio/1-20133-A-39.wav,glass_breaking,glass_breaking,exact,1,False,db6946133c37fbd4513fe932dbb71e0b077bf7d240beaed339eb6c88e48c903b,POSSIBLE SOURCE OVERLAP,clean,breaking,Breaking,0.6422007083892822,False,32.49929996673018
1-211527-A-20,benchmark_data/external/esc50/audio/1-211527-A-20.wav,crying_baby,baby_crying,exact,1,True,3cbcd59a0db21f0ed8c252c74ea1bc193117d2c13ed99821885c46c564010b3e,POSSIBLE SOURCE OVERLAP,clean,baby_crying,"Baby cry, infant cry",0.6049343943595886,True,31.262599979527295
1-211527-B-20,benchmark_data/external/esc50/audio/1-211527-B-20.wav,crying_baby,baby_crying,exact,1,True,935be6bfdd4e24f767f5af092bb88c9a6ac000b926f1fe9075b66ebed907c8c0,POSSIBLE SOURCE OVERLAP,clean,crying_sobbing,"Crying, sobbing",0.6304613351821899,False,31.248199986293912
1-211527-C-20,benchmark_data/external/esc50/audio/1-211527-C-20.wav,crying_baby,baby_crying,exact,1,True,165fa383fbfd24ea4455a84802a78970f02c3461677c23fabecd647c3c675dbc,POSSIBLE SOURCE OVERLAP,clean,baby_crying,"Baby cry, infant cry",0.6493192911148071,True,33.66739995544776
1-22694-A-20,benchmark_data/external/esc50/audio/1-22694-A-20.wav,crying_baby,baby_crying,exact,1,True,e97893bf8a391f769576ee70497ba51640d3bc646cbf20e719f6d22cc033b2e3,POSSIBLE SOURCE OVERLAP,clean,crying_sobbing,"Crying, sobbing",0.6585046648979187,False,33.85870001511648
1-22694-B-20,benchmark_data/external/esc50/audio/1-22694-B-20.wav,crying_baby,baby_crying,exact,1,True,cf7f480ac6fe0f61ed436d230200ca160f0c936c70009f3622b71c432af8b5ce,POSSIBLE SOURCE OVERLAP,clean,crying_sobbing,"Crying, sobbing",0.6504919528961182,False,35.31589999329299
1-24074-A-43,benchmark_data/external/esc50/audio/1-24074-A-43.wav,car_horn,vehicle_horn,compatible,1,False,ebdbc03e89c6a41c8ce1df7b12d4e2c4bb3f91345c43e7d75a1ed1357ff5f7e0,POSSIBLE SOURCE OVERLAP,clean,vehicle,Vehicle,0.6793633103370667,False,30.508800002280623
1-24076-A-43,benchmark_data/external/esc50/audio/1-24076-A-43.wav,car_horn,vehicle_horn,compatible,1,False,723edafd5bda638184bab5038745b6cafc9c813440b236175074d4d42b142d94,POSSIBLE SOURCE OVERLAP,clean,vehicle,Vehicle,0.6848150491714478,False,31.871600018348545
1-254507-A-43,benchmark_data/external/esc50/audio/1-254507-A-43.wav,car_horn,vehicle_horn,compatible,1,False,ebe976ccd285cb44e6585d889f2a8759c5de47e9940f638ecaa300def46e544a,POSSIBLE SOURCE OVERLAP,clean,music,Music,0.571916937828064,False,33.031600003596395
1-26176-A-43,benchmark_data/external/esc50/audio/1-26176-A-43.wav,car_horn,vehicle_horn,compatible,1,False,f1972b41b111a56e84d4fff30dd2e628521d6c699693adc60c14985c4cfdbf25,POSSIBLE SOURCE OVERLAP,clean,vehicle_horn,"Vehicle horn, car horn, honking",0.6707643270492554,True,31.18350001750514
1-26177-A-43,benchmark_data/external/esc50/audio/1-26177-A-43.wav,car_horn,vehicle_horn,compatible,1,False,65655fc14cb749884c5965a42912decebf922aa6b51f1e27f56da7f35d1d381f,POSSIBLE SOURCE OVERLAP,clean,vehicle,Vehicle,0.6697713732719421,False,30.9463000157848
1-26188-A-30,benchmark_data/external/esc50/audio/1-26188-A-30.wav,door_wood_knock,door_activity,compatible,1,False,655277d3f1c75ddc67aada3ab350bd6029fea04d288b9c747e10bc84cc802de1,POSSIBLE SOURCE OVERLAP,clean,door_activity,Knock,0.7218550443649292,True,31.502800004091114
1-28808-A-43,benchmark_data/external/esc50/audio/1-28808-A-43.wav,car_horn,vehicle_horn,compatible,1,False,23c54679c820a7f6a71674df1ef064afffd3344d8ea859d9c5978301ce2736a5,POSSIBLE SOURCE OVERLAP,clean,toot,Toot,0.7022253274917603,False,32.12690004147589
1-30226-A-0,benchmark_data/external/esc50/audio/1-30226-A-0.wav,dog,dog_barking,compatible,1,True,ca2626d2b49c7c20a3e0f9f8d7aa56f4497643c6bc264ff37764392be2b15753,POSSIBLE SOURCE OVERLAP,clean,animal,Animal,0.6955667734146118,False,27.41399995284155
1-30344-A-0,benchmark_data/external/esc50/audio/1-30344-A-0.wav,dog,dog_barking,compatible,1,True,52a876cff473fe9b6deb4feea9545a2b976e63e03744921afc72f9800758ce30,POSSIBLE SOURCE OVERLAP,clean,dog,Dog,0.7032626271247864,False,33.59990002354607
1-31482-A-42,benchmark_data/external/esc50/audio/1-31482-A-42.wav,siren,siren,exact,1,False,e4c640a001c2abe808389c90b90ba7084fb1922d58235e3ec95c18c4afb4ef5c,POSSIBLE SOURCE OVERLAP,clean,siren,Siren,0.6195546984672546,True,32.02179999789223
1-31482-B-42,benchmark_data/external/esc50/audio/1-31482-B-42.wav,siren,siren,exact,1,False,2446a3eb69758de0ddde8962ab8966790a19960c71ab649cff52aae3d5d93a54,POSSIBLE SOURCE OVERLAP,clean,emergency_vehicle,Emergency vehicle,0.678929328918457,False,32.17259998200461
1-32318-A-0,benchmark_data/external/esc50/audio/1-32318-A-0.wav,dog,dog_barking,compatible,1,True,0e96f0bab8bbba81c98a8d7741cf258c8381c6481bac36961b8603a600a6c321,POSSIBLE SOURCE OVERLAP,clean,animal,Animal,0.6996122002601624,False,30.48549999948591
1-4211-A-12,benchmark_data/external/esc50/audio/1-4211-A-12.wav,crackling_fire,fire,compatible,1,True,6e8d15a855d1622c1f7dcd12e00ba2bfc3b65a316947e1bbdcaa0be0157175db,POSSIBLE SOURCE OVERLAP,clean,fire,Fire,0.5322495102882385,True,27.685800043400377
1-46272-A-12,benchmark_data/external/esc50/audio/1-46272-A-12.wav,crackling_fire,fire,compatible,1,True,d48f5f4994b0ac7bbd4983f7c4cb3bdee0a3fe15bdbd0ac8f0fba7450d75c678,POSSIBLE SOURCE OVERLAP,clean,fire,Fire,0.6692807674407959,True,24.760000000242144
1-52290-A-30,benchmark_data/external/esc50/audio/1-52290-A-30.wav,door_wood_knock,door_activity,compatible,1,False,09082f42b1ee2bc467eab41e2251419eb29fbf0b8bb7ab72a4b04812641c5dc6,POSSIBLE SOURCE OVERLAP,clean,door_activity,Knock,0.6373239755630493,True,24.43140000104904
1-54084-A-42,benchmark_data/external/esc50/audio/1-54084-A-42.wav,siren,siren,exact,1,False,b0ce84a3c012d144a1f97394cab2830512078d660e809eecb8abc4fa8ad0a9e1,POSSIBLE SOURCE OVERLAP,clean,siren,Siren,0.6986021399497986,True,25.075600016862154
1-59513-A-0,benchmark_data/external/esc50/audio/1-59513-A-0.wav,dog,dog_barking,compatible,1,True,b573fcbb4d3a8a05a857dc1ffdb09c687253ff3a03baa326460e291ce4cbfee7,POSSIBLE SOURCE OVERLAP,clean,animal,Animal,0.6937968730926514,False,25.14739998150617
1-60997-A-20,benchmark_data/external/esc50/audio/1-60997-A-20.wav,crying_baby,baby_crying,exact,1,True,6e225fdade2a26e8477eab8f3d9058537cd919de78fd1a2dcb029dcc014ce744,POSSIBLE SOURCE OVERLAP,clean,crying_sobbing,"Crying, sobbing",0.657921552658081,False,23.72220001416281
1-60997-B-20,benchmark_data/external/esc50/audio/1-60997-B-20.wav,crying_baby,baby_crying,exact,1,True,2de04b4d958ab53a2f66653f66bc640757bb07cacbb1a614c28777f505c9aa20,POSSIBLE SOURCE OVERLAP,clean,baby_crying,"Baby cry, infant cry",0.634234607219696,True,25.569199991878122
1-7057-A-12,benchmark_data/external/esc50/audio/1-7057-A-12.wav,crackling_fire,fire,compatible,1,True,f92e52f9ab78d700dc10bcbc36020082613e669db245961b3205e8394c075da6,POSSIBLE SOURCE OVERLAP,clean,fire,Fire,0.6912358403205872,True,25.281800015363842
1-76831-A-42,benchmark_data/external/esc50/audio/1-76831-A-42.wav,siren,siren,exact,1,False,4b3084efd71e12121f459df54c21b24e4a4710f93dd4f1585d2c2d507b6ec365,POSSIBLE SOURCE OVERLAP,clean,police_car_siren,Police car (siren),0.7081062197685242,False,27.59790001437068
1-76831-B-42,benchmark_data/external/esc50/audio/1-76831-B-42.wav,siren,siren,exact,1,False,5e91fb8adabdc48483e968357f839d801e29054c7fdb1338f8781ececbd9e76c,POSSIBLE SOURCE OVERLAP,clean,siren,Siren,0.6857609152793884,True,28.274099982809275
1-76831-C-42,benchmark_data/external/esc50/audio/1-76831-C-42.wav,siren,siren,exact,1,False,bed7848fd5b111ba310961c15e6a89520f14f5f3207178035a0807f5f60ab841,POSSIBLE SOURCE OVERLAP,clean,siren,Siren,0.6853029131889343,True,24.99609999358654
1-76831-D-42,benchmark_data/external/esc50/audio/1-76831-D-42.wav,siren,siren,exact,1,False,6e69b25168dae7ff0833fd132c37fe599ed98a946cf1e44d702444e06b9a1913,POSSIBLE SOURCE OVERLAP,clean,siren,Siren,0.711489737033844,True,27.801799995359033
1-76831-E-42,benchmark_data/external/esc50/audio/1-76831-E-42.wav,siren,siren,exact,1,False,d45df4c567ab2398c4fae35654266e74f92de5022d36944fef4c9f79d919288a,POSSIBLE SOURCE OVERLAP,clean,siren,Siren,0.7089418172836304,True,27.237100002821535
1-81001-A-30,benchmark_data/external/esc50/audio/1-81001-A-30.wav,door_wood_knock,door_activity,compatible,1,False,9f3bb3b76f7094b8f0df0385cc1feb208b55823efb08ab0cc50799a303400f48,POSSIBLE SOURCE OVERLAP,clean,chopping_food,Chopping (food),0.5544090270996094,False,26.49580000434071
1-81001-B-30,benchmark_data/external/esc50/audio/1-81001-B-30.wav,door_wood_knock,door_activity,compatible,1,False,bab8493c0ffff799ecfc8f1f112ec52a9efbf522535ad0007dedaf53e9c766b9,POSSIBLE SOURCE OVERLAP,clean,door_activity,Knock,0.5450127124786377,True,27.83779997844249
1-82817-A-30,benchmark_data/external/esc50/audio/1-82817-A-30.wav,door_wood_knock,door_activity,compatible,1,False,acfb2591c6a5430b3abbfe59c8a3c866e849576bb4327ac668721b91367220cf,POSSIBLE SOURCE OVERLAP,clean,door_activity,Knock,0.6891883611679077,True,28.02759996848181
1-84536-A-39,benchmark_data/external/esc50/audio/1-84536-A-39.wav,glass_breaking,glass_breaking,exact,1,False,79efba4c0c54acadc88783e83b428fc9c430db94515b25339a6b5598e2ade0c0,POSSIBLE SOURCE OVERLAP,clean,breaking,Breaking,0.6587580442428589,False,26.453300029970706
1-84704-A-39,benchmark_data/external/esc50/audio/1-84704-A-39.wav,glass_breaking,glass_breaking,exact,1,False,c3e1abf0273f02b5f89e7d51cb890f3ad1575dc55fe1023650b0860b6f3abd15,POSSIBLE SOURCE OVERLAP,clean,breaking,Breaking,0.6422986388206482,False,25.423399987630546
1-84705-A-39,benchmark_data/external/esc50/audio/1-84705-A-39.wav,glass_breaking,glass_breaking,exact,1,False,e8cc52dd91213cd69031e10c0fe15f77230f588ececb13cc7c906c43ece32336,POSSIBLE SOURCE OVERLAP,clean,explosion,"Smash, crash",0.5436896085739136,False,26.006300002336502
1-85168-A-39,benchmark_data/external/esc50/audio/1-85168-A-39.wav,glass_breaking,glass_breaking,exact,1,False,08fcf5a7656cc1c824122aba2a7dd1107130a0f9d6f3e3b73e7d06575b246ed5,POSSIBLE SOURCE OVERLAP,clean,breaking,Breaking,0.654688835144043,False,26.25280001666397
1-85184-A-39,benchmark_data/external/esc50/audio/1-85184-A-39.wav,glass_breaking,glass_breaking,exact,1,False,aafacfae6a441ba21f4c76a11042726f933272709a099a54a15a905a1d65b837,POSSIBLE SOURCE OVERLAP,clean,breaking,Breaking,0.6587942838668823,False,26.546400040388107
1-85362-A-0,benchmark_data/external/esc50/audio/1-85362-A-0.wav,dog,dog_barking,compatible,1,True,2f7742933d677b0dc8d77b802e90ee0fb94b5828183ca96f7a8dd8d24ab57b7b,POSSIBLE SOURCE OVERLAP,clean,animal,Animal,0.6959073543548584,False,26.91049996064976
1-88807-A-39,benchmark_data/external/esc50/audio/1-88807-A-39.wav,glass_breaking,glass_breaking,exact,1,False,e5c368173342c2acba450c7d3116fac74fcec86bc8dc26055c6da7ebc509d191,POSSIBLE SOURCE OVERLAP,clean,chink_clink,"Chink, clink",0.599907398223877,False,26.103199983481318
1-97392-A-0,benchmark_data/external/esc50/audio/1-97392-A-0.wav,dog,dog_barking,compatible,1,True,9ec2eb304d2a1ab3a50150a2a558dce0771e4ffc920d074e107fd76cb7b5d28c,POSSIBLE SOURCE OVERLAP,clean,animal,Animal,0.6963436603546143,False,25.46309999888763
1-977-A-39,benchmark_data/external/esc50/audio/1-977-A-39.wav,glass_breaking,glass_breaking,exact,1,False,67c88e07db9e2dd7a7551f0c5b99da315ce7df041f83ed57b479d8fda8fbfe27,POSSIBLE SOURCE OVERLAP,clean,chink_clink,"Chink, clink",0.6266515254974365,False,26.198900013696402
2-100648-A-43,benchmark_data/external/esc50/audio/2-100648-A-43.wav,car_horn,vehicle_horn,compatible,2,False,d52b04e2cd6fee1467d9faae0297b5eb2e3c7a68575bf6f982ca0c738f91df68,POSSIBLE SOURCE OVERLAP,clean,vehicle,Vehicle,0.6771644949913025,False,26.118599984329194
2-106881-A-39,benchmark_data/external/esc50/audio/2-106881-A-39.wav,glass_breaking,glass_breaking,exact,2,False,e54a661c1fff8150b7c34d54da1686a18eaeaaf454394b866a251ceb68e3f886,POSSIBLE SOURCE OVERLAP,clean,crackle,Crackle,0.5867802500724792,False,26.099600014276803
2-107351-A-20,benchmark_data/external/esc50/audio/2-107351-A-20.wav,crying_baby,baby_crying,exact,2,True,f89a24c9494eab238d80013b9409e6da4058b8097c665a789e48de1aef1bcef5,POSSIBLE SOURCE OVERLAP,clean,crying_sobbing,"Crying, sobbing",0.6570410132408142,False,24.84630001708865
2-107351-B-20,benchmark_data/external/esc50/audio/2-107351-B-20.wav,crying_baby,baby_crying,exact,2,True,ebb3365010813cec4b951d1294d3376fc598116a1f86115a3e279ea013160a6a,POSSIBLE SOURCE OVERLAP,clean,baby_crying,"Baby cry, infant cry",0.6430341005325317,True,26.414500025566667
2-112213-A-39,benchmark_data/external/esc50/audio/2-112213-A-39.wav,glass_breaking,glass_breaking,exact,2,False,a6b60fb2268d7f0ceda0ff6f798d2d51b4ceb08218b3ac5ca91980a42d9c706b,POSSIBLE SOURCE OVERLAP,clean,glass,Glass,0.7007136344909668,False,25.22889996180311
2-112213-B-39,benchmark_data/external/esc50/audio/2-112213-B-39.wav,glass_breaking,glass_breaking,exact,2,False,d1d705535a4506b6e7f94c8ebff688bc0aa8bc115b42e8daf13542bec4f90ac7,POSSIBLE SOURCE OVERLAP,clean,glass,Glass,0.672457218170166,False,26.638399984221905
2-114254-A-30,benchmark_data/external/esc50/audio/2-114254-A-30.wav,door_wood_knock,door_activity,compatible,2,False,5717c5c7a3bce7f38c9c444ef54f4c702cca53a6e368a6dc5b1cfb8388f7f9eb,POSSIBLE SOURCE OVERLAP,clean,door_activity,Knock,0.6165563464164734,True,25.71040001930669
2-114280-A-0,benchmark_data/external/esc50/audio/2-114280-A-0.wav,dog,dog_barking,compatible,2,True,23cd06e6c8b2e054d13ad6392d34d91588cd8572041d6f4c1c337048fd5deb69,POSSIBLE SOURCE OVERLAP,clean,animal,Animal,0.6964837908744812,False,26.27189998747781
2-114587-A-0,benchmark_data/external/esc50/audio/2-114587-A-0.wav,dog,dog_barking,compatible,2,True,34d7f9c32c2cda9b6b68483028bb85326259d1c5f2956eac2ecc48b18b06f999,POSSIBLE SOURCE OVERLAP,clean,animal,Animal,0.7170587182044983,False,26.09569998458028
2-116400-A-0,benchmark_data/external/esc50/audio/2-116400-A-0.wav,dog,dog_barking,compatible,2,True,9830a9ccefad59e7ac9313b86913a6a15e5b4cb281fd479fc6fb076a06ff2a6e,POSSIBLE SOURCE OVERLAP,clean,animal,Animal,0.6896010637283325,False,28.954500041436404
2-117271-A-0,benchmark_data/external/esc50/audio/2-117271-A-0.wav,dog,dog_barking,compatible,2,True,636eb41093489304bb85802fdf2e8ac8b911500516e210e01f3b0b92f156c01d,POSSIBLE SOURCE OVERLAP,clean,animal,Animal,0.7071551084518433,False,25.57699999306351
2-118072-A-0,benchmark_data/external/esc50/audio/2-118072-A-0.wav,dog,dog_barking,compatible,2,True,c2003f5ce159e77c3a0e52ff042567d159ea8eab6cd3081e64c0b709556dcb4e,POSSIBLE SOURCE OVERLAP,clean,bow_wow,Bow-wow,0.6322854161262512,False,25.9131999919191
2-118624-A-30,benchmark_data/external/esc50/audio/2-118624-A-30.wav,door_wood_knock,door_activity,compatible,2,False,9da7306a102bb32df6375513c35f7211c002b078b5d1161e3d8ca234867216e6,POSSIBLE SOURCE OVERLAP,clean,door_activity,Knock,0.6755468249320984,True,26.08829998644069
2-118625-A-30,benchmark_data/external/esc50/audio/2-118625-A-30.wav,door_wood_knock,door_activity,compatible,2,False,547e4a4b40cbc54a390e4e20ca8740bae55659dcd6dfaf3f872147fc7b87eb93,POSSIBLE SOURCE OVERLAP,clean,door_activity,Knock,0.6382719874382019,True,27.057899977080524
2-118964-A-0,benchmark_data/external/esc50/audio/2-118964-A-0.wav,dog,dog_barking,compatible,2,True,c684bc7d6ff7d8b9dbb7b033760319c4b4aac2ec0ae221df9ba684790a502d87,POSSIBLE SOURCE OVERLAP,clean,dog,Dog,0.6562652587890625,False,26.88650001073256
2-120218-A-30,benchmark_data/external/esc50/audio/2-120218-A-30.wav,door_wood_knock,door_activity,compatible,2,False,dae3ed8868e44ec84033f246f4e52817cb8805804083fd8d8aee9c109322d88c,POSSIBLE SOURCE OVERLAP,clean,door_activity,Knock,0.6892527937889099,True,25.693700008559972
2-120218-B-30,benchmark_data/external/esc50/audio/2-120218-B-30.wav,door_wood_knock,door_activity,compatible,2,False,a9a1af8ac24e54bd91cb8d6127baf42fca8502f49cf3d1cea1e9806d262aeab7,POSSIBLE SOURCE OVERLAP,clean,door_activity,Knock,0.6430111527442932,True,25.72219999274239
2-122104-A-0,benchmark_data/external/esc50/audio/2-122104-A-0.wav,dog,dog_barking,compatible,2,True,0ed7ff66a9d9a570768815d0027803283f091201ec8bf742f466441ad051f736,POSSIBLE SOURCE OVERLAP,clean,animal,Animal,0.6867651343345642,False,25.54859995143488
2-122104-B-0,benchmark_data/external/esc50/audio/2-122104-B-0.wav,dog,dog_barking,compatible,2,True,3cbf9d8b919210c37a2c74706cdeacf99073a83e98ae6a797d31b34e35db9a59,POSSIBLE SOURCE OVERLAP,clean,animal,Animal,0.6927394866943359,False,26.004499988630414
2-125520-A-43,benchmark_data/external/esc50/audio/2-125520-A-43.wav,car_horn,vehicle_horn,compatible,2,False,79e2335cf1fa4b0a6be7d2a93007f630acd89e178405ae2fabf45ee3af801fda,POSSIBLE SOURCE OVERLAP,clean,vehicle_horn,"Vehicle horn, car horn, honking",0.6836609840393066,True,26.555599994026124
2-128465-A-43,benchmark_data/external/esc50/audio/2-128465-A-43.wav,car_horn,vehicle_horn,compatible,2,False,3ea14ee5f81618b2f7575597fd5ea84b81e9f6cad8be31925c8146e593c4223c,POSSIBLE SOURCE OVERLAP,clean,vehicle,Vehicle,0.6476535797119141,False,25.55609995033592
2-128465-B-43,benchmark_data/external/esc50/audio/2-128465-B-43.wav,car_horn,vehicle_horn,compatible,2,False,33b2d69540813ddad41ec1fd472d0a488badd3f584d6d2866b1c01cc8bf3f4fc,POSSIBLE SOURCE OVERLAP,clean,vehicle,Vehicle,0.6804361343383789,False,27.064200025051832
2-133889-A-30,benchmark_data/external/esc50/audio/2-133889-A-30.wav,door_wood_knock,door_activity,compatible,2,False,107b60bc008ec68f0cd71632c12b7518ed4dfd5183538fc31b80db3800ee6e3b,POSSIBLE SOURCE OVERLAP,clean,door_activity,Knock,0.5439158082008362,True,26.304900005925447
2-134915-A-30,benchmark_data/external/esc50/audio/2-134915-A-30.wav,door_wood_knock,door_activity,compatible,2,False,18d40b05f1f00bde85437275e099b2bc1d1ef55d98e9b086858b0506b270d9ee,POSSIBLE SOURCE OVERLAP,clean,door_activity,Knock,0.5458449125289917,True,27.02159999171272
2-138465-A-43,benchmark_data/external/esc50/audio/2-138465-A-43.wav,car_horn,vehicle_horn,compatible,2,False,380ec3e24401d866e349066951383dce4d58b6244fce3780f1b40c37b2aad242,POSSIBLE SOURCE OVERLAP,clean,music,Music,0.5688939690589905,False,25.221799965947866
2-140841-A-30,benchmark_data/external/esc50/audio/2-140841-A-30.wav,door_wood_knock,door_activity,compatible,2,False,1641e186482eb7088b54b56bfe3a2c4526b00e7f4ec046dddea6effe945e7298,POSSIBLE SOURCE OVERLAP,clean,door_activity,Knock,0.6625474095344543,True,24.23000003909692
2-141563-A-39,benchmark_data/external/esc50/audio/2-141563-A-39.wav,glass_breaking,glass_breaking,exact,2,False,3ef4dae6a116b3d18a0f9f18d4373f0247debb168b0718eee89c0a30a38890c7,POSSIBLE SOURCE OVERLAP,clean,chink_clink,"Chink, clink",0.6269675493240356,False,25.94870002940297
2-144137-A-43,benchmark_data/external/esc50/audio/2-144137-A-43.wav,car_horn,vehicle_horn,compatible,2,False,47a434e6db6ed5f323cb3c27db65d6bb3e8b63190126ede88e0b5d07597df8bd,POSSIBLE SOURCE OVERLAP,clean,vehicle_horn,"Vehicle horn, car horn, honking",0.7105281949043274,True,25.958299986086786
2-151079-A-20,benchmark_data/external/esc50/audio/2-151079-A-20.wav,crying_baby,baby_crying,exact,2,True,8a13243f77b12668061f6fb18e820d8398c75d35eca09f9640efdd9df6703499,POSSIBLE SOURCE OVERLAP,clean,baby_crying,"Baby cry, infant cry",0.6700964570045471,True,27.70330000203103
2-173559-A-39,benchmark_data/external/esc50/audio/2-173559-A-39.wav,glass_breaking,glass_breaking,exact,2,False,e60d74d17651551cb82e4fd8a542ceae3f278da1a6b4393fe9e704c786ff4125,POSSIBLE SOURCE OVERLAP,clean,breaking,Breaking,0.619610071182251,False,28.05259998422116
2-173607-A-39,benchmark_data/external/esc50/audio/2-173607-A-39.wav,glass_breaking,glass_breaking,exact,2,False,55cc07864f3f8195e51bbdf10fda1601df6b5ff0d5f486a356d79b60c0beb3d6,POSSIBLE SOURCE OVERLAP,clean,breaking,Breaking,0.6193497180938721,False,26.895000017248094
2-173618-A-39,benchmark_data/external/esc50/audio/2-173618-A-39.wav,glass_breaking,glass_breaking,exact,2,False,9170ecdc0903514ded47782447d6f0828d752ebc9765fa0cb257f869529dd830,POSSIBLE SOURCE OVERLAP,clean,glass,Glass,0.5892844796180725,False,26.964799966663122
2-18766-A-12,benchmark_data/external/esc50/audio/2-18766-A-12.wav,crackling_fire,fire,compatible,2,True,10a98a61a73baee8028c19b9de330261f2dae87f57b2792457d81e46a544697a,POSSIBLE SOURCE OVERLAP,clean,fire,Fire,0.6134812235832214,True,28.055300004780293
2-18766-B-12,benchmark_data/external/esc50/audio/2-18766-B-12.wav,crackling_fire,fire,compatible,2,True,ce9d67f6f6b8d093d3dc2d14088251d76b2772210733908d01b0ecc08c349fe4,POSSIBLE SOURCE OVERLAP,clean,fire,Fire,0.5261296033859253,True,29.35370005434379
2-250710-A-39,benchmark_data/external/esc50/audio/2-250710-A-39.wav,glass_breaking,glass_breaking,exact,2,False,ca0b7286ded500bd1f1928ef96ad5c35704bec66a790181afeb17ec7d995dbac,POSSIBLE SOURCE OVERLAP,clean,chink_clink,"Chink, clink",0.5458612442016602,False,26.697700028307736
2-28314-A-12,benchmark_data/external/esc50/audio/2-28314-A-12.wav,crackling_fire,fire,compatible,2,True,f77a729e093baeeba246d00c4875e6fd7702c3635e0e5e58aca2357f62d16c92,POSSIBLE SOURCE OVERLAP,clean,fire,Fire,0.6271076798439026,True,25.251600018236786
2-28314-B-12,benchmark_data/external/esc50/audio/2-28314-B-12.wav,crackling_fire,fire,compatible,2,True,6c5f3f8b6af384c0b553741b51e7348c24537d686e7abaa6eadf4badd2da2168,POSSIBLE SOURCE OVERLAP,clean,whip,Whip,0.549264669418335,False,22.677899978589267
2-30322-A-12,benchmark_data/external/esc50/audio/2-30322-A-12.wav,crackling_fire,fire,compatible,2,True,894526cbb7e9ca1150893b332a69cdc2cffaede5a29a881b4b7fe7dab4f1156e,POSSIBLE SOURCE OVERLAP,clean,fire,Fire,0.634678065776825,True,27.232499967794865
2-30322-B-12,benchmark_data/external/esc50/audio/2-30322-B-12.wav,crackling_fire,fire,compatible,2,True,b0a16101ed58292d6105d0f694adfb885578c56292e04e6c64a53ca3d5c2e884,POSSIBLE SOURCE OVERLAP,clean,fire,Fire,0.6262653470039368,True,25.510800012852997
2-42101-A-43,benchmark_data/external/esc50/audio/2-42101-A-43.wav,car_horn,vehicle_horn,compatible,2,False,7dbb349df688e552e85413d808b6338aa9e8fcc8a907d905817820a6dc603d49,POSSIBLE SOURCE OVERLAP,clean,vehicle,Vehicle,0.6820052266120911,False,25.659099977929145
2-43802-A-42,benchmark_data/external/esc50/audio/2-43802-A-42.wav,siren,siren,exact,2,False,ba6777f4ea87490953ec0fe89499368ce993afb99ba9eec60747cbb94785eb4f,POSSIBLE SOURCE OVERLAP,clean,siren,Siren,0.6617250442504883,True,26.63759997813031
2-43806-A-42,benchmark_data/external/esc50/audio/2-43806-A-42.wav,siren,siren,exact,2,False,376353be53fe9eff3dc25d6ff94fd685510a985ba11cdfea39ea5ae33bbd42c2,POSSIBLE SOURCE OVERLAP,clean,emergency_vehicle,Emergency vehicle,0.6787448525428772,False,26.588400010950863
2-50665-A-20,benchmark_data/external/esc50/audio/2-50665-A-20.wav,crying_baby,baby_crying,exact,2,True,8179d295f531f165ee89e92c3fb9f496ca6e13cff1fae3bb76067ee84da49078,POSSIBLE SOURCE OVERLAP,clean,baby_crying,"Baby cry, infant cry",0.6503474712371826,True,25.39450000040233
2-50666-A-20,benchmark_data/external/esc50/audio/2-50666-A-20.wav,crying_baby,baby_crying,exact,2,True,1f15be2b6c7bc156ccb5174b205b03eace593d728ea227a889ecd17375d4f5ea,POSSIBLE SOURCE OVERLAP,clean,child_singing,Child singing,0.6245274543762207,False,25.349300005473197
2-54086-A-43,benchmark_data/external/esc50/audio/2-54086-A-43.wav,car_horn,vehicle_horn,compatible,2,False,66d57ce16595c23b696ce37858261d98342005f1b07c2b9c2e6a9e4b76480d33,POSSIBLE SOURCE OVERLAP,clean,vehicle_horn,"Vehicle horn, car horn, honking",0.6029453873634338,True,24.70589999575168
2-61311-A-12,benchmark_data/external/esc50/audio/2-61311-A-12.wav,crackling_fire,fire,compatible,2,True,e0c27e6498d90f6e3a70346ebd43669478a92a170d453ebae6afbda2af1954e2,POSSIBLE SOURCE OVERLAP,clean,slap_smack,"Slap, smack",0.5802309513092041,False,26.190800010226667
2-65747-A-12,benchmark_data/external/esc50/audio/2-65747-A-12.wav,crackling_fire,fire,compatible,2,True,14a098365b21366eeec932f9cadfb368144fbd7d84e0066f81992afc3fac19a5,POSSIBLE SOURCE OVERLAP,clean,patter,Patter,0.5509771108627319,False,27.275300002656877
2-66637-A-20,benchmark_data/external/esc50/audio/2-66637-A-20.wav,crying_baby,baby_crying,exact,2,True,7956582f54756ada936b22c5d2e810d7237ddc95897a1557a59417e3b1be0f99,POSSIBLE SOURCE OVERLAP,clean,crying_sobbing,"Crying, sobbing",0.678965151309967,False,26.911500026471913
2-66637-B-20,benchmark_data/external/esc50/audio/2-66637-B-20.wav,crying_baby,baby_crying,exact,2,True,9ef70dfc68879c756405662282e61e32aa88b3716455b13205936c4f7a135bb8,POSSIBLE SOURCE OVERLAP,clean,baby_crying,"Baby cry, infant cry",0.6424083709716797,True,29.241300013381988
2-70052-A-42,benchmark_data/external/esc50/audio/2-70052-A-42.wav,siren,siren,exact,2,False,012cf9bf49d8619a9c60cf0a606af4b0e32645d9220e9fa266865a858a906608,POSSIBLE SOURCE OVERLAP,clean,emergency_vehicle,Emergency vehicle,0.7027578353881836,False,26.718499953858554
2-70052-B-42,benchmark_data/external/esc50/audio/2-70052-B-42.wav,siren,siren,exact,2,False,65bf1c84e863a15e878f73c316d66df38872ec63462efc0989cf06538e01aa62,POSSIBLE SOURCE OVERLAP,clean,emergency_vehicle,Emergency vehicle,0.6902459859848022,False,27.768900035880506
2-70936-A-42,benchmark_data/external/esc50/audio/2-70936-A-42.wav,siren,siren,exact,2,False,187e6149565a5c95d350d672dfca2750e9471d6cad846ba5ddc998e7a3958f58,POSSIBLE SOURCE OVERLAP,clean,siren,Siren,0.7108388543128967,True,29.086299997288734
2-70938-A-42,benchmark_data/external/esc50/audio/2-70938-A-42.wav,siren,siren,exact,2,False,942d1f4b4959e4f72b8176377934f26015f58863102188a25c07189bffe743d2,POSSIBLE SOURCE OVERLAP,clean,siren,Siren,0.7118971347808838,True,27.676800033077598
2-70939-A-42,benchmark_data/external/esc50/audio/2-70939-A-42.wav,siren,siren,exact,2,False,a3b366a40193537c92bc4053a1691a36f102c6067514f116cf07773498a0decf,POSSIBLE SOURCE OVERLAP,clean,emergency_vehicle,Emergency vehicle,0.6968838572502136,False,29.782700003124774
2-72688-A-42,benchmark_data/external/esc50/audio/2-72688-A-42.wav,siren,siren,exact,2,False,406225783170623a673c8104c9eef1871d8a693f5f93372965e1041543530f30,POSSIBLE SOURCE OVERLAP,clean,siren,Siren,0.7039804458618164,True,26.650199957657605
2-80482-A-20,benchmark_data/external/esc50/audio/2-80482-A-20.wav,crying_baby,baby_crying,exact,2,True,1bc0b84be46c90e74f19f4704f488cb17a4e34686fd76bc4454007f13bf64f33,POSSIBLE SOURCE OVERLAP,clean,baby_crying,"Baby cry, infant cry",0.6871262192726135,True,28.754499973729253
3-104632-A-12,benchmark_data/external/esc50/audio/3-104632-A-12.wav,crackling_fire,fire,compatible,3,True,415e6d92371447377a916760fdda326f55f6f88cf428dc45b3edfe45b1d2b0a5,POSSIBLE SOURCE OVERLAP,clean,tearing,Tearing,0.5319837331771851,False,26.070700027048588
3-104958-A-12,benchmark_data/external/esc50/audio/3-104958-A-12.wav,crackling_fire,fire,compatible,3,True,d538428b1a51d450809757d169ba16f77c85721c267a46d29f5d538dfc846563,POSSIBLE SOURCE OVERLAP,clean,crackle,Crackle,0.587339460849762,False,27.021099987905473
3-120644-A-12,benchmark_data/external/esc50/audio/3-120644-A-12.wav,crackling_fire,fire,compatible,3,True,44acca39a9f884a0ba916ea8f5865079006d42acd31a8498f4e5bb0d5bd10146,POSSIBLE SOURCE OVERLAP,clean,animal,Animal,0.5939489006996155,False,27.58880000328645
3-136288-A-0,benchmark_data/external/esc50/audio/3-136288-A-0.wav,dog,dog_barking,compatible,3,True,8293b4fe3c40cf9bbe243fa27d153bbef86217f855e4295e89f41411267c9f8d,POSSIBLE SOURCE OVERLAP,clean,animal,Animal,0.681969404220581,False,26.688900019507855
3-144028-A-0,benchmark_data/external/esc50/audio/3-144028-A-0.wav,dog,dog_barking,compatible,3,True,2828c40f81b8bdfded734b1ea057444f780d1ada4241a2dc2ab70c646f963b47,POSSIBLE SOURCE OVERLAP,clean,animal,Animal,0.7045944333076477,False,27.108199952635914
3-144510-A-30,benchmark_data/external/esc50/audio/3-144510-A-30.wav,door_wood_knock,door_activity,compatible,3,False,c7fbb4cbda9d1f2950bf205212115a372b840382228c3baeb6451ae83366ee34,POSSIBLE SOURCE OVERLAP,clean,door_activity,Knock,0.7071053981781006,True,28.320200042799115
3-145577-A-43,benchmark_data/external/esc50/audio/3-145577-A-43.wav,car_horn,vehicle_horn,compatible,3,False,0cfe3103f197d1f8d23cb7afb5b81468f44a66ca86e7cc1b6051fc2892f9c4e3,POSSIBLE SOURCE OVERLAP,clean,vehicle_horn,"Vehicle horn, car horn, honking",0.6496291756629944,True,26.66030003456399
3-145774-A-12,benchmark_data/external/esc50/audio/3-145774-A-12.wav,crackling_fire,fire,compatible,3,True,126163ee53c9cfc620a9963303a56e5e8fb2e1a47da02ac0a8849f35244e0c8e,POSSIBLE SOURCE OVERLAP,clean,fire,Fire,0.5376675724983215,True,29.124299995601177
3-146697-A-43,benchmark_data/external/esc50/audio/3-146697-A-43.wav,car_horn,vehicle_horn,compatible,3,False,eecf11e6945781d89a689d5e691329935ca865a23827d4d57e79b6b84bd6b631,POSSIBLE SOURCE OVERLAP,clean,vehicle,Vehicle,0.6596954464912415,False,27.43790001841262
3-147965-A-12,benchmark_data/external/esc50/audio/3-147965-A-12.wav,crackling_fire,fire,compatible,3,True,e5de3d144c438512347ce7ebad8a7d69b0f1a28e47dc1c2ee86da44a6ef30a03,POSSIBLE SOURCE OVERLAP,clean,boiling,Boiling,0.6206125020980835,False,27.795900008641183
3-151080-A-20,benchmark_data/external/esc50/audio/3-151080-A-20.wav,crying_baby,baby_crying,exact,3,True,e673e80074c99c9a8426ff708ca40d5f7a146605cf7b1625532276a7b95fd801,POSSIBLE SOURCE OVERLAP,clean,baby_crying,"Baby cry, infant cry",0.6494714617729187,True,24.521299987100065
3-151081-A-20,benchmark_data/external/esc50/audio/3-151081-A-20.wav,crying_baby,baby_crying,exact,3,True,48a0009a2b2f7e97d19c020c1292e17ee0775dc7537bca3109c4128fb17ac7de,POSSIBLE SOURCE OVERLAP,clean,baby_crying,"Baby cry, infant cry",0.6232219338417053,True,26.93280001403764
3-151081-B-20,benchmark_data/external/esc50/audio/3-151081-B-20.wav,crying_baby,baby_crying,exact,3,True,922250bbeca13111c955a83958f013c3a50b48e240705c57a645faf8b47a35d6,POSSIBLE SOURCE OVERLAP,clean,baby_crying,"Baby cry, infant cry",0.6262281537055969,True,28.421099996194243
3-151089-A-30,benchmark_data/external/esc50/audio/3-151089-A-30.wav,door_wood_knock,door_activity,compatible,3,False,77f3f8c26ea85756b565e142b920908a443bc95cc2b3e1e2546e7a69746bc06c,POSSIBLE SOURCE OVERLAP,clean,door_activity,Knock,0.6103403568267822,True,26.210699987132102
3-152007-A-20,benchmark_data/external/esc50/audio/3-152007-A-20.wav,crying_baby,baby_crying,exact,3,True,dff786672fb70a78c6ddcde9935d1327fcb6704251844753c3a28b73ad2eef44,POSSIBLE SOURCE OVERLAP,clean,baby_crying,"Baby cry, infant cry",0.658744215965271,True,30.72270000120625
3-152007-B-20,benchmark_data/external/esc50/audio/3-152007-B-20.wav,crying_baby,baby_crying,exact,3,True,39f6c0417c9bc1154f1cc292a593a33caec51eb985482c89d57e5fede76cdb9f,POSSIBLE SOURCE OVERLAP,clean,baby_crying,"Baby cry, infant cry",0.6524450182914734,True,26.77590004168451
3-152007-C-20,benchmark_data/external/esc50/audio/3-152007-C-20.wav,crying_baby,baby_crying,exact,3,True,ccd8f855a799a8d21f3234ba81cce8a4eccbbfdef8d141b938f2c5e0ea85aa44,POSSIBLE SOURCE OVERLAP,clean,baby_crying,"Baby cry, infant cry",0.6306049227714539,True,27.459000004455447
3-152007-D-20,benchmark_data/external/esc50/audio/3-152007-D-20.wav,crying_baby,baby_crying,exact,3,True,c47feeedb4dbf4681b595318dfc3ca0aa555af0a2ef87022715c55ff47922999,POSSIBLE SOURCE OVERLAP,clean,baby_crying,"Baby cry, infant cry",0.6387611627578735,True,28.10739999404177
3-152007-E-20,benchmark_data/external/esc50/audio/3-152007-E-20.wav,crying_baby,baby_crying,exact,3,True,2369f99bd8ec01a9eb92d1be9a418143ff6f2298791d7811b614ba6cf92ef420,POSSIBLE SOURCE OVERLAP,clean,baby_crying,"Baby cry, infant cry",0.6991137862205505,True,27.237100002821535
3-152594-A-30,benchmark_data/external/esc50/audio/3-152594-A-30.wav,door_wood_knock,door_activity,compatible,3,False,8d897589e0bf01b2f19f4cc90253688711a522a05306ecc13fa7903f7be8bbdd,POSSIBLE SOURCE OVERLAP,clean,door_activity,Knock,0.6153110265731812,True,26.38870000373572
3-153057-A-43,benchmark_data/external/esc50/audio/3-153057-A-43.wav,car_horn,vehicle_horn,compatible,3,False,d9ef718570e5f58436d84a45a0619d1b812eac187282dad30fbf166432f6cf79,POSSIBLE SOURCE OVERLAP,clean,vehicle_horn,"Vehicle horn, car horn, honking",0.6919952034950256,True,29.225199948996305
3-154378-A-30,benchmark_data/external/esc50/audio/3-154378-A-30.wav,door_wood_knock,door_activity,compatible,3,False,1621d5c3bb3b77d5e24a13751cb53e5924578c71bd1617578e12cc525d949a67,POSSIBLE SOURCE OVERLAP,clean,door_activity,Knock,0.666164755821228,True,31.874399981461465
3-155130-A-43,benchmark_data/external/esc50/audio/3-155130-A-43.wav,car_horn,vehicle_horn,compatible,3,False,3e0868245e2f29e1c437f21d9e9da69ca15187c9c54d8339150f677e8ed3c34b,POSSIBLE SOURCE OVERLAP,clean,vehicle,Vehicle,0.6875668168067932,False,34.13350001210347
3-155234-A-43,benchmark_data/external/esc50/audio/3-155234-A-43.wav,car_horn,vehicle_horn,compatible,3,False,d3dd9ebc885f00e0857e10fc2c42716c078506c88bb4c28b1eceff75dbf21100,POSSIBLE SOURCE OVERLAP,clean,vehicle,Vehicle,0.6160370707511902,False,34.73509999457747
3-155312-A-0,benchmark_data/external/esc50/audio/3-155312-A-0.wav,dog,dog_barking,compatible,3,True,cd91728dada57b9083122f0991dad5de4010287f91847bca4ac828d6402080e4,POSSIBLE SOURCE OVERLAP,clean,animal,Animal,0.7154205441474915,False,31.357599946204573
3-157187-A-12,benchmark_data/external/esc50/audio/3-157187-A-12.wav,crackling_fire,fire,compatible,3,True,732379827a29ef372d098553de376a66adaac8c32b357221295a9bc7ebba84f0,POSSIBLE SOURCE OVERLAP,clean,fire,Fire,0.5479868650436401,True,27.74130000034347
3-157695-A-0,benchmark_data/external/esc50/audio/3-157695-A-0.wav,dog,dog_barking,compatible,3,True,7a6099b6ef5f58af8b6f9a9deda41cc0d8efe5a0fd60fdd638a711523674903a,POSSIBLE SOURCE OVERLAP,clean,animal,Animal,0.5499885082244873,False,28.87659997213632
3-158476-A-12,benchmark_data/external/esc50/audio/3-158476-A-12.wav,crackling_fire,fire,compatible,3,True,6d5eb5cbb48457fddc3647fa4750e1c5d3c8f5121756182206adfbf9c9eedc50,POSSIBLE SOURCE OVERLAP,clean,animal,Animal,0.5911495089530945,False,25.448900007177144
3-161010-A-43,benchmark_data/external/esc50/audio/3-161010-A-43.wav,car_horn,vehicle_horn,compatible,3,False,b44f3e2b3e75394ab4f475cad59304852c64f5d9c3e3ee7735913cc4de176346,POSSIBLE SOURCE OVERLAP,clean,vehicle,Vehicle,0.6398831605911255,False,27.2096999688074
3-163459-A-0,benchmark_data/external/esc50/audio/3-163459-A-0.wav,dog,dog_barking,compatible,3,True,fede0d9dcbf6c0252880acf39d411d62e0060e9c9ff3bda9135b3dc2bccb41fe,POSSIBLE SOURCE OVERLAP,clean,dog_barking,Bark,0.6619614362716675,True,27.91060000890866
3-170015-A-0,benchmark_data/external/esc50/audio/3-170015-A-0.wav,dog,dog_barking,compatible,3,True,7aff1d04c4c381636e0bfc7d9dfbf76509d0f30674fc542bb8f8ed757f29e29d,POSSIBLE SOURCE OVERLAP,clean,dog,Dog,0.6793336272239685,False,29.265000019222498
3-170574-A-30,benchmark_data/external/esc50/audio/3-170574-A-30.wav,door_wood_knock,door_activity,compatible,3,False,d017959970fb74e3ba50b976fbf3841a26b9ae38e29da0d1b82c31b8eb703c60,POSSIBLE SOURCE OVERLAP,clean,door_activity,Knock,0.6359358429908752,True,25.945000001229346
3-174840-A-43,benchmark_data/external/esc50/audio/3-174840-A-43.wav,car_horn,vehicle_horn,compatible,3,False,86c2d00015c345e5aef746eedd00068d941c298a8408f01a4b0e7dfccbbafc44,POSSIBLE SOURCE OVERLAP,clean,vehicle_horn,"Vehicle horn, car horn, honking",0.6581592559814453,True,30.110299994703382
3-180147-A-30,benchmark_data/external/esc50/audio/3-180147-A-30.wav,door_wood_knock,door_activity,compatible,3,False,ce82be45dfc494abcefd7c0337d883d2ded12775dff29acc4de0b9a44b9a76e2,POSSIBLE SOURCE OVERLAP,clean,door_activity,Knock,0.6781901717185974,True,26.576600037515163
3-180256-A-0,benchmark_data/external/esc50/audio/3-180256-A-0.wav,dog,dog_barking,compatible,3,True,39ed8c8b60974843511f0f53e33e37f670f9cf22eebcb8b23798d52e0309127b,POSSIBLE SOURCE OVERLAP,clean,animal,Animal,0.6566168069839478,False,29.244300036225468
3-180977-A-0,benchmark_data/external/esc50/audio/3-180977-A-0.wav,dog,dog_barking,compatible,3,True,d5d290a12f7aac1e5a5cee44e7a4d6033ee9f9999846f84b2278f7fbd6516df2,POSSIBLE SOURCE OVERLAP,clean,animal,Animal,0.7075738310813904,False,28.03480002330616
3-182023-A-30,benchmark_data/external/esc50/audio/3-182023-A-30.wav,door_wood_knock,door_activity,compatible,3,False,a5bc28b75bb25bd3f3cf0afb845a930e78e02aba383b31f593e1c9abf865736f,POSSIBLE SOURCE OVERLAP,clean,door_activity,Knock,0.7149810194969177,True,26.113700005225837
3-182025-A-30,benchmark_data/external/esc50/audio/3-182025-A-30.wav,door_wood_knock,door_activity,compatible,3,False,183c8545811df752f9c9a0a4c13ba03c9385dd87a645f5b84cff00b28b84eece,POSSIBLE SOURCE OVERLAP,clean,door_activity,Knock,0.681353747844696,True,35.39509995607659
3-203371-A-39,benchmark_data/external/esc50/audio/3-203371-A-39.wav,glass_breaking,glass_breaking,exact,3,False,60a600ff3e1ac00b41c60b0e3979ee8b1b46ebfcbc370523389094e4fbda415b,POSSIBLE SOURCE OVERLAP,clean,breaking,Breaking,0.6218697428703308,False,66.16330001270398
3-203373-A-39,benchmark_data/external/esc50/audio/3-203373-A-39.wav,glass_breaking,glass_breaking,exact,3,False,beb0605537f3fe20e98b54f19f20842d92b7a95f9408dee41e620a8955b33111,POSSIBLE SOURCE OVERLAP,clean,breaking,Breaking,0.6514564752578735,False,42.34879999421537
3-203374-A-39,benchmark_data/external/esc50/audio/3-203374-A-39.wav,glass_breaking,glass_breaking,exact,3,False,d2d0b97a0ad01b927a83605cd4e5cc988c4b868e1e01a4fa874563c038e16473,POSSIBLE SOURCE OVERLAP,clean,breaking,Breaking,0.6536749601364136,False,43.955500004813075
3-203375-A-39,benchmark_data/external/esc50/audio/3-203375-A-39.wav,glass_breaking,glass_breaking,exact,3,False,b6a987feb4855cf91f55498dcc04bee4fd0f8ed06290d451ce37a07fff230feb,POSSIBLE SOURCE OVERLAP,clean,breaking,Breaking,0.665103554725647,False,36.06990003027022
3-203377-A-39,benchmark_data/external/esc50/audio/3-203377-A-39.wav,glass_breaking,glass_breaking,exact,3,False,66c6c338f75f509754b454cedae44597f70c97a44f79a3079da0183a63e34562,POSSIBLE SOURCE OVERLAP,clean,breaking,Breaking,0.5926232933998108,False,28.957200003787875
3-216280-A-39,benchmark_data/external/esc50/audio/3-216280-A-39.wav,glass_breaking,glass_breaking,exact,3,False,2ff2076e898eb818ee6ce5edb615126500b72f6c2fb525ea6bd411d73f8ca580,POSSIBLE SOURCE OVERLAP,clean,breaking,Breaking,0.5974894165992737,False,27.328700001817197
3-216281-A-39,benchmark_data/external/esc50/audio/3-216281-A-39.wav,glass_breaking,glass_breaking,exact,3,False,6f0ae114a872f560946a6a45d474f2b9e0664325ac5b236bc396723ecfbcb5ff,POSSIBLE SOURCE OVERLAP,clean,chink_clink,"Chink, clink",0.6430759429931641,False,25.427900021895766
3-216284-A-39,benchmark_data/external/esc50/audio/3-216284-A-39.wav,glass_breaking,glass_breaking,exact,3,False,b494fb47b9afd88715976c1476e6115024b8869681a293ea761fea72a03abf3e,POSSIBLE SOURCE OVERLAP,clean,chink_clink,"Chink, clink",0.6339840888977051,False,33.01319997990504
3-243726-A-43,benchmark_data/external/esc50/audio/3-243726-A-43.wav,car_horn,vehicle_horn,compatible,3,False,59d89e8d5ec2897522d4f9ff35dc381f751e3af6253db49ddc7865e75b35121e,POSSIBLE SOURCE OVERLAP,clean,toot,Toot,0.6656010150909424,False,32.7897000242956
3-51376-A-42,benchmark_data/external/esc50/audio/3-51376-A-42.wav,siren,siren,exact,3,False,de32c52b3f928f02ad8dd388f424bbe7c7e22dbe4614cfcd2a271946aec3325a,POSSIBLE SOURCE OVERLAP,clean,siren,Siren,0.707667350769043,True,42.336000013165176
3-51731-A-42,benchmark_data/external/esc50/audio/3-51731-A-42.wav,siren,siren,exact,3,False,0268313151d1865b712d5556e6a0fc7fcf87807639c68de23d9951d38474208e,POSSIBLE SOURCE OVERLAP,clean,emergency_vehicle,Emergency vehicle,0.6946187615394592,False,54.899899987503886
3-51731-B-42,benchmark_data/external/esc50/audio/3-51731-B-42.wav,siren,siren,exact,3,False,4918f7e9c5b2056580ea7261db9b13d026c21aa132bcc6ff981e09c2b7d0518e,POSSIBLE SOURCE OVERLAP,clean,emergency_vehicle,Emergency vehicle,0.6880602836608887,False,43.404500000178814
3-51909-A-42,benchmark_data/external/esc50/audio/3-51909-A-42.wav,siren,siren,exact,3,False,5f5c273e29bd8fbcb52cecc798cbbcdb4497f503e04731ef7bcdc3094d0b046d,POSSIBLE SOURCE OVERLAP,clean,siren,Siren,0.7016452550888062,True,39.457400038372725
3-51909-B-42,benchmark_data/external/esc50/audio/3-51909-B-42.wav,siren,siren,exact,3,False,75bf135fc612f63b9e79fcf0461c2ea30677d0254c84f43005cfc7d337da75e8,POSSIBLE SOURCE OVERLAP,clean,siren,Siren,0.714445173740387,True,24.413100036326796
3-58772-A-42,benchmark_data/external/esc50/audio/3-58772-A-42.wav,siren,siren,exact,3,False,b7b50b9bd964f0026d5d29d9bffd4b7be78171a231d4a190b9addd8ce3390352,POSSIBLE SOURCE OVERLAP,clean,siren,Siren,0.7055160403251648,True,26.351299951784313
3-62878-A-42,benchmark_data/external/esc50/audio/3-62878-A-42.wav,siren,siren,exact,3,False,9a68c6a6678a7fda587c12dd45064d12093befd4b8b4b10e187ad2248c71e445,POSSIBLE SOURCE OVERLAP,clean,siren,Siren,0.7010191082954407,True,26.798899983987212
3-62878-B-42,benchmark_data/external/esc50/audio/3-62878-B-42.wav,siren,siren,exact,3,False,387866faea68816ac73cf30fecf94ae886660fbce7e80992d23eaa108ba82990,POSSIBLE SOURCE OVERLAP,clean,police_car_siren,Police car (siren),0.6995037794113159,False,32.1624000207521
3-65748-A-12,benchmark_data/external/esc50/audio/3-65748-A-12.wav,crackling_fire,fire,compatible,3,True,e829acb3fa5e83e70139e275435c6bf63b2400d85456d34490633d4e16f4309e,POSSIBLE SOURCE OVERLAP,clean,fire,Fire,0.570309579372406,True,28.534999990370125
4-102871-A-42,benchmark_data/external/esc50/audio/4-102871-A-42.wav,siren,siren,exact,4,False,9dabae27ebcd55cc16ea57e813fc1984ec444159b62f246c0399cb4f920454ea,POSSIBLE SOURCE OVERLAP,clean,emergency_vehicle,Emergency vehicle,0.6832640767097473,False,28.957300004549325
4-111671-A-42,benchmark_data/external/esc50/audio/4-111671-A-42.wav,siren,siren,exact,4,False,365e4a2a7fcb455894d3b0a7b7ad08ac9725f6565fc4d3ace32876b5afc4c2cd,POSSIBLE SOURCE OVERLAP,clean,siren,Siren,0.697741687297821,True,27.903900016099215
4-111671-B-42,benchmark_data/external/esc50/audio/4-111671-B-42.wav,siren,siren,exact,4,False,7b862bec0a634cc342e53fe54fbac85c28801588903e2a35e9eff705b5593b05,POSSIBLE SOURCE OVERLAP,clean,siren,Siren,0.6900690793991089,True,27.318999986164272
4-121532-A-42,benchmark_data/external/esc50/audio/4-121532-A-42.wav,siren,siren,exact,4,False,9f7d32892f55d06a7ce39a0c97c5fd24fcc477c3e517c6e34003a5a9d2c822f5,POSSIBLE SOURCE OVERLAP,clean,siren,Siren,0.7144401669502258,True,30.554199998732656
4-164661-A-12,benchmark_data/external/esc50/audio/4-164661-A-12.wav,crackling_fire,fire,compatible,4,True,5dba3d3689ad470168a93c321674fb1d0e152a939bc034dcfe88c7a055e6d5f5,POSSIBLE SOURCE OVERLAP,clean,vehicle,Vehicle,0.5890183448791504,False,27.12379995500669
4-164661-B-12,benchmark_data/external/esc50/audio/4-164661-B-12.wav,crackling_fire,fire,compatible,4,True,e8db809460aaf1d4cad3458762e5b60c31e88efdc00b33a6d6a7c3bd83306ec4,POSSIBLE SOURCE OVERLAP,clean,sizzle,Sizzle,0.5256965756416321,False,27.6941999909468
4-167077-A-20,benchmark_data/external/esc50/audio/4-167077-A-20.wav,crying_baby,baby_crying,exact,4,True,43a894a23a4a1bed053e2ca040f7029a5d9029269173d8bac1c650c52c03e937,POSSIBLE SOURCE OVERLAP,clean,crying_sobbing,"Crying, sobbing",0.6306555867195129,False,27.642700006254017
4-167077-B-20,benchmark_data/external/esc50/audio/4-167077-B-20.wav,crying_baby,baby_crying,exact,4,True,0dd0122251e1b989c8309596e92ea95d06989db8b37d28fee3c485842f9f0014,POSSIBLE SOURCE OVERLAP,clean,baby_crying,"Baby cry, infant cry",0.6491277813911438,True,30.401899944990873
4-167077-C-20,benchmark_data/external/esc50/audio/4-167077-C-20.wav,crying_baby,baby_crying,exact,4,True,c9ec416d8fb525a66d084250b4fbbf041e8bd5f31cc1c7c809e381a45902cc06,POSSIBLE SOURCE OVERLAP,clean,baby_crying,"Baby cry, infant cry",0.6605081558227539,True,34.338500001467764
4-170247-A-12,benchmark_data/external/esc50/audio/4-170247-A-12.wav,crackling_fire,fire,compatible,4,True,19a2e37237b10d02f8c54281ecacd17d4e7af1c4b69df5c1db3831fe55d996a7,POSSIBLE SOURCE OVERLAP,clean,fire,Fire,0.5332506895065308,True,32.84459997667
4-170247-B-12,benchmark_data/external/esc50/audio/4-170247-B-12.wav,crackling_fire,fire,compatible,4,True,ff4985fe31123d45350cfc29e048d6817a1cdfe27059b5ccb55546d67c668bee,POSSIBLE SOURCE OVERLAP,clean,crackle,Crackle,0.5360779762268066,False,47.607599990442395
4-171207-A-12,benchmark_data/external/esc50/audio/4-171207-A-12.wav,crackling_fire,fire,compatible,4,True,c2b852693789c4d835c9e6e5584788298401fb2cae183353f6388cfc99f30027,POSSIBLE SOURCE OVERLAP,clean,vehicle,Vehicle,0.6121729016304016,False,49.32829999597743
4-175845-A-43,benchmark_data/external/esc50/audio/4-175845-A-43.wav,car_horn,vehicle_horn,compatible,4,False,aeaf26bd07b54964985f7c5726b2724f57b9912b6e70c0af2f8bf3758ca0f18c,POSSIBLE SOURCE OVERLAP,clean,vehicle_horn,"Vehicle horn, car horn, honking",0.6892819404602051,True,33.715899975504726
4-175846-A-43,benchmark_data/external/esc50/audio/4-175846-A-43.wav,car_horn,vehicle_horn,compatible,4,False,5d8600b8472cd713a5ab9953a78ab4c47e1d400b91b23dada33fbeb2597a6daf,POSSIBLE SOURCE OVERLAP,clean,vehicle_horn,"Vehicle horn, car horn, honking",0.7066165804862976,True,33.539699972607195
4-175855-A-43,benchmark_data/external/esc50/audio/4-175855-A-43.wav,car_horn,vehicle_horn,compatible,4,False,b7b7a822f27aa7af474e69404c0694f4c3811769e99f64f58493d99b85dc5e45,POSSIBLE SOURCE OVERLAP,clean,vehicle_horn,"Vehicle horn, car horn, honking",0.7174618244171143,True,32.35340001992881
4-175856-A-43,benchmark_data/external/esc50/audio/4-175856-A-43.wav,car_horn,vehicle_horn,compatible,4,False,2ef0a166b66435ecd822f654692dc8e128835fb438bc8a5b061502271176e3d2,POSSIBLE SOURCE OVERLAP,clean,vehicle,Vehicle,0.6868920922279358,False,29.874400002881885
4-176631-A-43,benchmark_data/external/esc50/audio/4-176631-A-43.wav,car_horn,vehicle_horn,compatible,4,False,81a26b475d2206ffc57c1e1bead922dee628bf6ce8f3cc1f7e0d95a1692e384c,POSSIBLE SOURCE OVERLAP,clean,vehicle,Vehicle,0.6753458976745605,False,27.16540003893897
4-176638-A-43,benchmark_data/external/esc50/audio/4-176638-A-43.wav,car_horn,vehicle_horn,compatible,4,False,6e2cf0e0671f26167772c0aa34bcdeb711fec40b62b79311433bf4dd9497ce5a,POSSIBLE SOURCE OVERLAP,clean,vehicle_horn,"Vehicle horn, car horn, honking",0.7027219533920288,True,29.32240004884079
4-178402-A-43,benchmark_data/external/esc50/audio/4-178402-A-43.wav,car_horn,vehicle_horn,compatible,4,False,9ec40aa83ad3ae9a7a5c2184b7db241f6e288d13e4d6cce1ceac97ddffe2faff,POSSIBLE SOURCE OVERLAP,clean,vehicle_horn,"Vehicle horn, car horn, honking",0.6620245575904846,True,27.230900013819337
4-181563-A-12,benchmark_data/external/esc50/audio/4-181563-A-12.wav,crackling_fire,fire,compatible,4,True,ddb4f826b26093badfbec99c52ae78fdf83b8f86a633864f220f7097660d7132,POSSIBLE SOURCE OVERLAP,clean,rain_on_surface,Rain on surface,0.5642309784889221,False,28.75629998743534
4-182034-A-30,benchmark_data/external/esc50/audio/4-182034-A-30.wav,door_wood_knock,door_activity,compatible,4,False,8548390103bfa9097087ea552b42e6b493697f9fbe0b9d78a1aefdbf8b18219f,POSSIBLE SOURCE OVERLAP,clean,door_activity,Knock,0.7075281143188477,True,27.977999998256564
4-182039-A-30,benchmark_data/external/esc50/audio/4-182039-A-30.wav,door_wood_knock,door_activity,compatible,4,False,64ba4dcfb42f253c93cf7b52d52584be213bcd058a9a8aa35055d76f10cc7920,POSSIBLE SOURCE OVERLAP,clean,door_activity,Knock,0.7130188941955566,True,29.103800014127046
4-182041-A-30,benchmark_data/external/esc50/audio/4-182041-A-30.wav,door_wood_knock,door_activity,compatible,4,False,9ccf22ef141031359b6547ef7b3b0cceef5ea7798ee90f5de87a84064dba23f7,POSSIBLE SOURCE OVERLAP,clean,door_activity,Knock,0.6944817304611206,True,27.924800000619143
4-182368-A-12,benchmark_data/external/esc50/audio/4-182368-A-12.wav,crackling_fire,fire,compatible,4,True,c3ba5793bb74cbf7e92b678bc41f7ad4ab925b175c77e8320a755d92e4d1bad8,POSSIBLE SOURCE OVERLAP,clean,fire,Fire,0.5234586596488953,True,29.52969999751076
4-182369-A-12,benchmark_data/external/esc50/audio/4-182369-A-12.wav,crackling_fire,fire,compatible,4,True,886fca3ecfcbd5fbfb52cb83d4c490f9e865b58f7992282220354e1731a9f2a7,POSSIBLE SOURCE OVERLAP,clean,fire,Fire,0.5564680695533752,True,27.274399995803833
4-182395-A-0,benchmark_data/external/esc50/audio/4-182395-A-0.wav,dog,dog_barking,compatible,4,True,c249bcb8ef81d12516ad17c8a77f88c01952cdf70b9413732af5fb8b803f9c7d,POSSIBLE SOURCE OVERLAP,clean,dog,Dog,0.6170189380645752,False,27.823399985209107
4-183992-A-0,benchmark_data/external/esc50/audio/4-183992-A-0.wav,dog,dog_barking,compatible,4,True,96bf2e0efce166f347db6ae02b3c17d24acadffc45d67ad6015de7b1162f54dc,POSSIBLE SOURCE OVERLAP,clean,dog,Dog,0.6906720995903015,False,34.42240000003949
4-184575-A-0,benchmark_data/external/esc50/audio/4-184575-A-0.wav,dog,dog_barking,compatible,4,True,417a923837951edc374447528f1387b6bfb961a9605b165cfcb3d9d63735d179,POSSIBLE SOURCE OVERLAP,clean,animal,Animal,0.7091957330703735,False,30.91969998786226
4-185575-A-20,benchmark_data/external/esc50/audio/4-185575-A-20.wav,crying_baby,baby_crying,exact,4,True,9f40eaeef4e23e134a64b010d8a42636c7a9337e066539ebb183117744745f48,POSSIBLE SOURCE OVERLAP,clean,baby_crying,"Baby cry, infant cry",0.6018319129943848,True,27.78299996862188
4-185575-B-20,benchmark_data/external/esc50/audio/4-185575-B-20.wav,crying_baby,baby_crying,exact,4,True,630641ffb71938bd943b0ac6c5c2523fea1d7aa1e34a93de6f7268183a25ee5a,POSSIBLE SOURCE OVERLAP,clean,babbling,Babbling,0.6232777237892151,False,30.232299992349
4-185575-C-20,benchmark_data/external/esc50/audio/4-185575-C-20.wav,crying_baby,baby_crying,exact,4,True,7cdd46d701197c99ab637a10bc37e61a9859fd88218d339d4699a46f748c0200,POSSIBLE SOURCE OVERLAP,clean,crying_sobbing,"Crying, sobbing",0.5993543863296509,False,33.00450003007427
4-186518-A-30,benchmark_data/external/esc50/audio/4-186518-A-30.wav,door_wood_knock,door_activity,compatible,4,False,20ac1b533d72043c8370ca5de40826e50d9a8c6cfaa098650e2044bda7ca12a0,POSSIBLE SOURCE OVERLAP,clean,door_activity,Knock,0.5716354846954346,True,41.84239997994155
4-187284-A-30,benchmark_data/external/esc50/audio/4-187284-A-30.wav,door_wood_knock,door_activity,compatible,4,False,c653e16e3ef1954e3ee3bf9ebb80bd80472cf59c05c211c1ada00fc9b10b0ac0,POSSIBLE SOURCE OVERLAP,clean,machine_gun,Machine gun,0.6095433235168457,False,33.20289996918291
4-188878-A-30,benchmark_data/external/esc50/audio/4-188878-A-30.wav,door_wood_knock,door_activity,compatible,4,False,072852ce3b23b40d58774570a5758fae5b114be54a3d8242cf26a722ff735a07,POSSIBLE SOURCE OVERLAP,clean,door_activity,Knock,0.6487847566604614,True,30.247399990912527
4-191015-A-43,benchmark_data/external/esc50/audio/4-191015-A-43.wav,car_horn,vehicle_horn,compatible,4,False,ca89718085b0dff144e5e7833dce424364f1ca1b737eb8d45df70cf8e1d1250a,POSSIBLE SOURCE OVERLAP,clean,vehicle,Vehicle,0.663229763507843,False,30.251800024416298
4-191687-A-0,benchmark_data/external/esc50/audio/4-191687-A-0.wav,dog,dog_barking,compatible,4,True,65bcaf4cce64177bb0dcc139c63dc9bee48d86c559b3019248d7c79db6a8b2ef,POSSIBLE SOURCE OVERLAP,clean,animal,Animal,0.694878339767456,False,29.252600041218102
4-192236-A-0,benchmark_data/external/esc50/audio/4-192236-A-0.wav,dog,dog_barking,compatible,4,True,cea20645e18a4ad56ad53905a6185e891b53f65989e4208f3014aba838096f08,POSSIBLE SOURCE OVERLAP,clean,animal,Animal,0.7069580554962158,False,31.76109999185428
4-194754-A-0,benchmark_data/external/esc50/audio/4-194754-A-0.wav,dog,dog_barking,compatible,4,True,89e569fc4f5659de5a5c70fc5b196270b218d8f51cb6d1235d9568540061b309,POSSIBLE SOURCE OVERLAP,clean,animal,Animal,0.6831022500991821,False,35.08129995316267
4-199261-A-0,benchmark_data/external/esc50/audio/4-199261-A-0.wav,dog,dog_barking,compatible,4,True,527a52b5cd50b5171b45ea0dd3c5efe5d11fb75a0c29cdd777c6f17255ac8262,POSSIBLE SOURCE OVERLAP,clean,animal,Animal,0.6958242654800415,False,30.306099972222
4-204115-A-39,benchmark_data/external/esc50/audio/4-204115-A-39.wav,glass_breaking,glass_breaking,exact,4,False,3d4a520122727b384d55738c254f33103e1eee73152f4c45893736089915eff9,POSSIBLE SOURCE OVERLAP,clean,breaking,Breaking,0.5864644646644592,False,33.714399964082986
4-204119-A-39,benchmark_data/external/esc50/audio/4-204119-A-39.wav,glass_breaking,glass_breaking,exact,4,False,2fbc4acd76fa931f8461c3370eeef3e417b1ea28da20eff7874d4b4e2177fc41,POSSIBLE SOURCE OVERLAP,clean,breaking,Breaking,0.5376596450805664,False,36.75229998771101
4-204121-A-39,benchmark_data/external/esc50/audio/4-204121-A-39.wav,glass_breaking,glass_breaking,exact,4,False,ad42b3c91dd21d4f3a8238290c20dac179e7a7674320dab7029c5b111116d1d1,POSSIBLE SOURCE OVERLAP,clean,breaking,Breaking,0.5833755731582642,False,33.15339999971911
4-204123-A-39,benchmark_data/external/esc50/audio/4-204123-A-39.wav,glass_breaking,glass_breaking,exact,4,False,a35fd2223acb65ae87ab1e3ad4c774e8cda44a5482b639f11b6aa0d8065b4a7a,POSSIBLE SOURCE OVERLAP,clean,breaking,Breaking,0.5906325578689575,False,28.686799982097
4-204777-A-39,benchmark_data/external/esc50/audio/4-204777-A-39.wav,glass_breaking,glass_breaking,exact,4,False,872608ee9201b147b13b9cdc871558b39368bd09d3eb7dc469544866e414c0f8,POSSIBLE SOURCE OVERLAP,clean,glass,Glass,0.712471067905426,False,37.18390001449734
4-204777-B-39,benchmark_data/external/esc50/audio/4-204777-B-39.wav,glass_breaking,glass_breaking,exact,4,False,98b930c2e4028e80749d82616ccba7640e58650a9ccf7770a77f814e3b2dcd24,POSSIBLE SOURCE OVERLAP,clean,glass,Glass,0.6760464310646057,False,32.34799997881055
4-204777-C-39,benchmark_data/external/esc50/audio/4-204777-C-39.wav,glass_breaking,glass_breaking,exact,4,False,88bbd7af8f04d1b46f9e0c13a304223efea777c1dd908564b8eff73b9774477b,POSSIBLE SOURCE OVERLAP,clean,breaking,Breaking,0.643675684928894,False,31.739900005050004
4-207124-A-0,benchmark_data/external/esc50/audio/4-207124-A-0.wav,dog,dog_barking,compatible,4,True,4172efa07482e36b67f50bc730d9ecaf95da20c81f79242d0439ac6bae21f53c,POSSIBLE SOURCE OVERLAP,clean,animal,Animal,0.703928530216217,False,34.74669996649027
4-211502-A-30,benchmark_data/external/esc50/audio/4-211502-A-30.wav,door_wood_knock,door_activity,compatible,4,False,8c6e71d485494707a94ce0563deaa5c4599a219e0a512151e8e77ed907775ad8,POSSIBLE SOURCE OVERLAP,clean,drum,Drum,0.6188387274742126,False,43.09240001020953
4-212698-A-39,benchmark_data/external/esc50/audio/4-212698-A-39.wav,glass_breaking,glass_breaking,exact,4,False,4491d08becad3c0074b46fbe25eeb7536a458036ecd5eed77f5709ed77313ef8,POSSIBLE SOURCE OVERLAP,clean,breaking,Breaking,0.5559374690055847,False,36.049699992872775
4-261068-A-30,benchmark_data/external/esc50/audio/4-261068-A-30.wav,door_wood_knock,door_activity,compatible,4,False,5f9bef85798486a2a5cdf712ef24f5ef12e84858dc7708fd5478d713cb243548,POSSIBLE SOURCE OVERLAP,clean,door_activity,Knock,0.6707547307014465,True,35.806700005196035
4-59579-A-20,benchmark_data/external/esc50/audio/4-59579-A-20.wav,crying_baby,baby_crying,exact,4,True,9c21cb5f694f7c375c0d9d33f2f618b58460b7d1b39681dd2d3fbb493f0b0052,POSSIBLE SOURCE OVERLAP,clean,baby_crying,"Baby cry, infant cry",0.6261044144630432,True,32.890899979975075
4-59579-B-20,benchmark_data/external/esc50/audio/4-59579-B-20.wav,crying_baby,baby_crying,exact,4,True,8129eb08025521fbb11f273c6c506ebed89becab8ccb31ec6c0954162b2242c1,POSSIBLE SOURCE OVERLAP,clean,baby_crying,"Baby cry, infant cry",0.6748812794685364,True,31.94359998451546
4-67358-A-42,benchmark_data/external/esc50/audio/4-67358-A-42.wav,siren,siren,exact,4,False,3192ab47aff92ef5dcec1ce178e342e24ecadf826dc6c9dd3f0515a4c53c58d2,POSSIBLE SOURCE OVERLAP,clean,police_car_siren,Police car (siren),0.6802909970283508,False,34.147400001529604
4-80761-A-42,benchmark_data/external/esc50/audio/4-80761-A-42.wav,siren,siren,exact,4,False,d1301a63a3d7f4429b40244d7a52f11636c3ed28b846f6213bda6e0005b1c072,POSSIBLE SOURCE OVERLAP,clean,civil_defense_siren,Civil defense siren,0.7076021432876587,False,31.206700019538403
4-90014-A-42,benchmark_data/external/esc50/audio/4-90014-A-42.wav,siren,siren,exact,4,False,bbde0117f66201fe236b2bedccd231efe8e74b5c3361471a32159bbef5777e9a,POSSIBLE SOURCE OVERLAP,clean,ambulance_siren,Ambulance (siren),0.6856417059898376,False,34.531099954620004
4-90014-B-42,benchmark_data/external/esc50/audio/4-90014-B-42.wav,siren,siren,exact,4,False,7fc6af65b6c6bbbadf39426c3ce9300367f5fefce8725a7df990a58ffc9130fb,POSSIBLE SOURCE OVERLAP,clean,emergency_vehicle,Emergency vehicle,0.683841347694397,False,32.906999986153096
5-117118-A-42,benchmark_data/external/esc50/audio/5-117118-A-42.wav,siren,siren,exact,5,False,79cbdaf2156d7af410fe97a5c131ee6f46f2f7a99f4051fadd01e931ad8c9e14,POSSIBLE SOURCE OVERLAP,clean,siren,Siren,0.7154073715209961,True,32.15959999943152
5-117120-A-42,benchmark_data/external/esc50/audio/5-117120-A-42.wav,siren,siren,exact,5,False,b22c04d1ea6841f9a1b79e21f2d44c8f9f446a204d28f5a3e4b4f57071c669aa,POSSIBLE SOURCE OVERLAP,clean,siren,Siren,0.714868426322937,True,32.58780000032857
5-117122-A-42,benchmark_data/external/esc50/audio/5-117122-A-42.wav,siren,siren,exact,5,False,1b1d4849a6a95b40d9ac1ce01ff8f3ba5899bf1dc025da6646c1008e1a7caf65,POSSIBLE SOURCE OVERLAP,clean,siren,Siren,0.7143098711967468,True,30.16130003379658
5-133989-A-42,benchmark_data/external/esc50/audio/5-133989-A-42.wav,siren,siren,exact,5,False,7521bb9b94ef12283db760cb97338b7c9a3145b8c78ce3931e03953c6d91f08e,POSSIBLE SOURCE OVERLAP,clean,siren,Siren,0.7099875211715698,True,34.53659999649972
5-133989-B-42,benchmark_data/external/esc50/audio/5-133989-B-42.wav,siren,siren,exact,5,False,8b91f090b3339c1a4b780b454062ef65ba16c49a2a3c0068cced69b07ef3a119,POSSIBLE SOURCE OVERLAP,clean,siren,Siren,0.7089088559150696,True,32.50520001165569
5-150409-A-42,benchmark_data/external/esc50/audio/5-150409-A-42.wav,siren,siren,exact,5,False,9e8901e0a7f22c3546c2f1b42bcc3e2ca8077e94f755702ba744feb2f39d55ac,POSSIBLE SOURCE OVERLAP,clean,train,Train,0.6849544048309326,False,31.452500028535724
5-151085-A-20,benchmark_data/external/esc50/audio/5-151085-A-20.wav,crying_baby,baby_crying,exact,5,True,e46d87b3673136a4d97b42f0ac6411ed299075bb2c88d61f7c456c0afe6804db,POSSIBLE SOURCE OVERLAP,clean,baby_crying,"Baby cry, infant cry",0.657472550868988,True,30.17010004259646
5-160551-A-42,benchmark_data/external/esc50/audio/5-160551-A-42.wav,siren,siren,exact,5,False,6cc7555cafe56d7ec8a9c1f672885a73601970ef0687f37a0445131bd5020650,POSSIBLE SOURCE OVERLAP,clean,emergency_vehicle,Emergency vehicle,0.6671088337898254,False,27.357300044968724
5-179860-A-43,benchmark_data/external/esc50/audio/5-179860-A-43.wav,car_horn,vehicle_horn,compatible,5,False,9be96b2f8cd6a81053fea7e8be03a5936070490ce3b193b47936140536c0a3c2,POSSIBLE SOURCE OVERLAP,clean,vehicle_horn,"Vehicle horn, car horn, honking",0.7037228941917419,True,26.323199970647693
5-179863-A-43,benchmark_data/external/esc50/audio/5-179863-A-43.wav,car_horn,vehicle_horn,compatible,5,False,9a777c790a2476a3de0efd0318e6fb369ad5af8bee0d007193ce08913dd9ae33,POSSIBLE SOURCE OVERLAP,clean,vehicle_horn,"Vehicle horn, car horn, honking",0.6886006593704224,True,29.352599987760186
5-179865-A-43,benchmark_data/external/esc50/audio/5-179865-A-43.wav,car_horn,vehicle_horn,compatible,5,False,0a452b37b0c8c89f33babe75c5c6af3d6bb80daf683559130a1716fb1f0c0948,POSSIBLE SOURCE OVERLAP,clean,vehicle_horn,"Vehicle horn, car horn, honking",0.7016436457633972,True,29.87949998350814
5-179866-A-43,benchmark_data/external/esc50/audio/5-179866-A-43.wav,car_horn,vehicle_horn,compatible,5,False,aecc03f051ef2dc592a3a62e51e95c61267e835a2e4a70492104e312edebaf6c,POSSIBLE SOURCE OVERLAP,clean,vehicle_horn,"Vehicle horn, car horn, honking",0.7192997932434082,True,36.01779998280108
5-179868-A-43,benchmark_data/external/esc50/audio/5-179868-A-43.wav,car_horn,vehicle_horn,compatible,5,False,9bcfe1420d2d11be38661f2f8099633736f940f1859d49f2d5d6716c0d840ae6,POSSIBLE SOURCE OVERLAP,clean,speech,Speech,0.7077141404151917,False,33.49010000238195
5-180156-A-43,benchmark_data/external/esc50/audio/5-180156-A-43.wav,car_horn,vehicle_horn,compatible,5,False,cbf7bc438e26a813e1317a2dd28232e039b0ce00df0e3f567cafbd2a998b3fa3,POSSIBLE SOURCE OVERLAP,clean,vehicle,Vehicle,0.6598629951477051,False,34.498599998187274
5-180156-B-43,benchmark_data/external/esc50/audio/5-180156-B-43.wav,car_horn,vehicle_horn,compatible,5,False,0593cc83b35ce0a14c18f6a176f90044a38600e77e8cfe6806a5ccbd3f2e0d1a,POSSIBLE SOURCE OVERLAP,clean,vehicle,Vehicle,0.6733166575431824,False,44.888999953400344
5-180156-C-43,benchmark_data/external/esc50/audio/5-180156-C-43.wav,car_horn,vehicle_horn,compatible,5,False,d3aa6e92a3cd40effe68ea87a37b1930ab0f4c346367bdbdebab451ee35d80ab,POSSIBLE SOURCE OVERLAP,clean,vehicle,Vehicle,0.6500197052955627,False,34.01290002511814
5-184323-A-42,benchmark_data/external/esc50/audio/5-184323-A-42.wav,siren,siren,exact,5,False,bc3d8abd08b3e37ed980c21972acb5ce5ba83ee001f7ddffd95f04e5e6b642ea,POSSIBLE SOURCE OVERLAP,clean,siren,Siren,0.7191858887672424,True,36.854000005405396
5-186924-A-12,benchmark_data/external/esc50/audio/5-186924-A-12.wav,crackling_fire,fire,compatible,5,True,963758fc0a9bb51fbc0659ac0ab75f2aede097519f46b92efecac22baae215cc,POSSIBLE SOURCE OVERLAP,clean,rain_on_surface,Rain on surface,0.5616651773452759,False,36.85660002520308
5-189212-A-12,benchmark_data/external/esc50/audio/5-189212-A-12.wav,crackling_fire,fire,compatible,5,True,bd9983a6e739ea7df03c9363b17834a71ba0b74cbb59d8766d48ccb0fedd2138,POSSIBLE SOURCE OVERLAP,clean,vehicle,Vehicle,0.5592584013938904,False,86.89440001035109
5-189237-A-12,benchmark_data/external/esc50/audio/5-189237-A-12.wav,crackling_fire,fire,compatible,5,True,41ab28c22910b7fd2834728fd4819d8a0d4a9268e5d1b8b434a5705473fb373a,POSSIBLE SOURCE OVERLAP,clean,fire,Fire,0.5491878390312195,True,41.44060000544414
5-193473-A-12,benchmark_data/external/esc50/audio/5-193473-A-12.wav,crackling_fire,fire,compatible,5,True,0c34b4945be60984588bf5b3048ff62974eaaf69b0fa8ef4f06408debb0d7fc9,POSSIBLE SOURCE OVERLAP,clean,fire,Fire,0.7071459293365479,True,25.833899970166385
5-193473-B-12,benchmark_data/external/esc50/audio/5-193473-B-12.wav,crackling_fire,fire,compatible,5,True,0ab553a2ffee37391bd4ae8aa56961c64d5e54e69a2733857b53fbd251dcb216,POSSIBLE SOURCE OVERLAP,clean,fire,Fire,0.5388051867485046,True,26.254900032654405
5-198411-A-20,benchmark_data/external/esc50/audio/5-198411-A-20.wav,crying_baby,baby_crying,exact,5,True,efa9989fa053f1bcb7916965791c7bf55c05e4e5acf0bd6d61c649d833659494,POSSIBLE SOURCE OVERLAP,clean,crying_sobbing,"Crying, sobbing",0.674088180065155,False,27.24960003979504
5-198411-B-20,benchmark_data/external/esc50/audio/5-198411-B-20.wav,crying_baby,baby_crying,exact,5,True,0a322dd25c0a694b06732a57f9e153f4615679c02fd5ec274aedf0bee3102b7d,POSSIBLE SOURCE OVERLAP,clean,baby_crying,"Baby cry, infant cry",0.598366379737854,True,26.436599961016327
5-198411-C-20,benchmark_data/external/esc50/audio/5-198411-C-20.wav,crying_baby,baby_crying,exact,5,True,23cf024e102435298b16a8138129f411326a239a2486fc49ca61b4cc15f24875,POSSIBLE SOURCE OVERLAP,clean,baby_crying,"Baby cry, infant cry",0.6690431237220764,True,26.91319998120889
5-198411-D-20,benchmark_data/external/esc50/audio/5-198411-D-20.wav,crying_baby,baby_crying,exact,5,True,ea7b47c6eb1383ec5b8ba4147aa63f7adaff0b218d02731e24bcb3903549abd9,POSSIBLE SOURCE OVERLAP,clean,baby_crying,"Baby cry, infant cry",0.6732393503189087,True,25.89420002186671
5-198411-E-20,benchmark_data/external/esc50/audio/5-198411-E-20.wav,crying_baby,baby_crying,exact,5,True,d473b14efed04cdc8cfa37dff146f2d861e744414b86a8b113d42a506df598ad,POSSIBLE SOURCE OVERLAP,clean,baby_crying,"Baby cry, infant cry",0.6632596850395203,True,27.259700000286102
5-198411-F-20,benchmark_data/external/esc50/audio/5-198411-F-20.wav,crying_baby,baby_crying,exact,5,True,c7a8af6048461639c8931e6c0622a79ccfde881ec5b0ce0c902cb446eb699ec1,POSSIBLE SOURCE OVERLAP,clean,crying_sobbing,"Crying, sobbing",0.6407173275947571,False,26.773499965202063
5-198411-G-20,benchmark_data/external/esc50/audio/5-198411-G-20.wav,crying_baby,baby_crying,exact,5,True,a5172b7c92be5d7663f1e97b629dda2e9020ee4caf4b626db1b05817b1ee7f1c,POSSIBLE SOURCE OVERLAP,clean,crying_sobbing,"Crying, sobbing",0.6289346218109131,False,26.383500022348017
5-203128-A-0,benchmark_data/external/esc50/audio/5-203128-A-0.wav,dog,dog_barking,compatible,5,True,435e476d5d429aa1cc51c23c9b5e5f8f472faf022846996ade18a457621d0552,POSSIBLE SOURCE OVERLAP,clean,animal,Animal,0.7115992307662964,False,32.252500008326024
5-203128-B-0,benchmark_data/external/esc50/audio/5-203128-B-0.wav,dog,dog_barking,compatible,5,True,2a253659c2c3c86a0fbaf1e928d8a30933e90c7e7d4be43a3e4b4217e5be0c26,POSSIBLE SOURCE OVERLAP,clean,animal,Animal,0.7082089781761169,False,26.738000044133514
5-208030-A-0,benchmark_data/external/esc50/audio/5-208030-A-0.wav,dog,dog_barking,compatible,5,True,8b3f5052dad5383ea171aa8feaead47879bf7b5ae3acaf5a26c5167838a49494,POSSIBLE SOURCE OVERLAP,clean,animal,Animal,0.7136249542236328,False,54.38029998913407
5-212454-A-0,benchmark_data/external/esc50/audio/5-212454-A-0.wav,dog,dog_barking,compatible,5,True,a3f7089d31d506d7a5c80f0af79afebfdb8fd61759eab03891b01c809d210e5a,POSSIBLE SOURCE OVERLAP,clean,animal,Animal,0.6958757042884827,False,34.553400008007884
5-213802-A-12,benchmark_data/external/esc50/audio/5-213802-A-12.wav,crackling_fire,fire,compatible,5,True,eb7d0d7bd9ccbfc6134370a8fbe776ea4cde5fcfa2f7b8fbf0959e686f70716b,POSSIBLE SOURCE OVERLAP,clean,vehicle,Vehicle,0.6021798849105835,False,34.600499959196895
5-213855-A-0,benchmark_data/external/esc50/audio/5-213855-A-0.wav,dog,dog_barking,compatible,5,True,1013f545442642bd8a7788279d75d131754127a4bdee39dc9c5299c04c4962c8,POSSIBLE SOURCE OVERLAP,clean,animal,Animal,0.6835505962371826,False,36.57190001104027
5-215658-A-12,benchmark_data/external/esc50/audio/5-215658-A-12.wav,crackling_fire,fire,compatible,5,True,d55ff3e5f491a0d5a137632596d89c4db5c4e9b516de9636ec363e83e9b1e518,POSSIBLE SOURCE OVERLAP,clean,fire,Fire,0.6652213931083679,True,26.075400004629046
5-215658-B-12,benchmark_data/external/esc50/audio/5-215658-B-12.wav,crackling_fire,fire,compatible,5,True,ca7f0180a8d1747fd135700f672cc91f7fa976ed952f76a677b080453db8b3f4,POSSIBLE SOURCE OVERLAP,clean,raindrop,Raindrop,0.5532183647155762,False,24.540500016883016
5-217158-A-0,benchmark_data/external/esc50/audio/5-217158-A-0.wav,dog,dog_barking,compatible,5,True,170df4aad8dd13df6e418c8ff4e5a8cf8bec6fece5e3d0150b94d391e91b1356,POSSIBLE SOURCE OVERLAP,clean,dog,Dog,0.6059903502464294,False,25.338899984490126
5-218980-A-30,benchmark_data/external/esc50/audio/5-218980-A-30.wav,door_wood_knock,door_activity,compatible,5,False,c917686cc7048be91d4dec61539344094a01233e649989264187388c9e95f82f,POSSIBLE SOURCE OVERLAP,clean,door_activity,Knock,0.5632996559143066,True,25.0063999556005
5-218981-A-30,benchmark_data/external/esc50/audio/5-218981-A-30.wav,door_wood_knock,door_activity,compatible,5,False,b699b80f84ba074526d993750226ec6723b5679393a92fa3d266ea67767d5cca,POSSIBLE SOURCE OVERLAP,clean,door,Door,0.5588560700416565,False,26.37580002192408
5-221528-A-39,benchmark_data/external/esc50/audio/5-221528-A-39.wav,glass_breaking,glass_breaking,exact,5,False,f4796e4ec53c1dee2257365e58ff5ab75cf37d9a813f07b681927e85ee472cde,POSSIBLE SOURCE OVERLAP,clean,breaking,Breaking,0.6747610569000244,False,26.161600020714104
5-221529-A-39,benchmark_data/external/esc50/audio/5-221529-A-39.wav,glass_breaking,glass_breaking,exact,5,False,3863f5097117a5eebbb75ca1a9eddd13fb2cd735542313fe5aa88c940db6a758,POSSIBLE SOURCE OVERLAP,clean,explosion,"Smash, crash",0.6203521490097046,False,24.669200007338077
5-231762-A-0,benchmark_data/external/esc50/audio/5-231762-A-0.wav,dog,dog_barking,compatible,5,True,cb686222c5eeb07c8c8ee508adce7bedbabb3358aee5c46b051788075835bd96,POSSIBLE SOURCE OVERLAP,clean,dog,Dog,0.6796698570251465,False,24.654600012581795
5-233605-A-39,benchmark_data/external/esc50/audio/5-233605-A-39.wav,glass_breaking,glass_breaking,exact,5,False,ae86e74bf03c69cb2c2962b7327b5524dda7d531e553b9fab91a375de5299bff,POSSIBLE SOURCE OVERLAP,clean,slap_smack,"Slap, smack",0.64656001329422,False,25.277999986428767
5-233607-A-39,benchmark_data/external/esc50/audio/5-233607-A-39.wav,glass_breaking,glass_breaking,exact,5,False,c2988d2ecd448a3e27bc80a248355a5d3bb85c769ec25f37fda4b9ec990c94dc,POSSIBLE SOURCE OVERLAP,clean,hammer,Hammer,0.5500695109367371,False,24.795599980279803
5-235644-A-30,benchmark_data/external/esc50/audio/5-235644-A-30.wav,door_wood_knock,door_activity,compatible,5,False,e8104799065c308f8a9c5909f088333ea88e1de05c5a08cf511e9c1387f25fc0,POSSIBLE SOURCE OVERLAP,clean,door_activity,Knock,0.6880557537078857,True,25.60980000998825
5-250026-A-30,benchmark_data/external/esc50/audio/5-250026-A-30.wav,door_wood_knock,door_activity,compatible,5,False,6d249f1a956ff78b494ddd919f2ff032f092e2ca0adccb47fef00e8cc03edf6d,POSSIBLE SOURCE OVERLAP,clean,door_activity,Knock,0.7035389542579651,True,25.216200039722025
5-250026-B-30,benchmark_data/external/esc50/audio/5-250026-B-30.wav,door_wood_knock,door_activity,compatible,5,False,bf4afd0d31614ca48977c54525fd0655c9c9df13a0f4467557c308d4f41e888b,POSSIBLE SOURCE OVERLAP,clean,door_activity,Knock,0.6204671859741211,True,29.462100006639957
5-251426-A-30,benchmark_data/external/esc50/audio/5-251426-A-30.wav,door_wood_knock,door_activity,compatible,5,False,076bf69727d6ea75ecc891992f728b66deff2d4be6b68d636865ccc77841bdda,POSSIBLE SOURCE OVERLAP,clean,door_activity,Knock,0.6387242078781128,True,25.486699945759028
5-251426-B-30,benchmark_data/external/esc50/audio/5-251426-B-30.wav,door_wood_knock,door_activity,compatible,5,False,2738fe71989e18f2e8e0800c678793af2eeba6ca84551f8745f64d21e738ab81,POSSIBLE SOURCE OVERLAP,clean,door_activity,Knock,0.6882731318473816,True,23.965400003362447
5-256512-A-30,benchmark_data/external/esc50/audio/5-256512-A-30.wav,door_wood_knock,door_activity,compatible,5,False,df74f2bee45f36c528a27035f0a8b50c71b833a6e7c8c39f42a0f4448f968dbf,POSSIBLE SOURCE OVERLAP,clean,door_activity,Knock,0.6878576278686523,True,24.363200005609542
5-257642-A-39,benchmark_data/external/esc50/audio/5-257642-A-39.wav,glass_breaking,glass_breaking,exact,5,False,a93747921a23b090d444c7ecc57adace2d856abbe18c038bd52773a57512613b,POSSIBLE SOURCE OVERLAP,clean,breaking,Breaking,0.6191167235374451,False,25.65680001862347
5-260432-A-39,benchmark_data/external/esc50/audio/5-260432-A-39.wav,glass_breaking,glass_breaking,exact,5,False,e1da0f73ebaca89112dfd6aff25d154c08961aab7eeea5ed033223d6cabfaef0,POSSIBLE SOURCE OVERLAP,clean,breaking,Breaking,0.6239890456199646,False,25.35030001308769
5-260433-A-39,benchmark_data/external/esc50/audio/5-260433-A-39.wav,glass_breaking,glass_breaking,exact,5,False,04a46ed54d5159b4afa7015d9799901a2806f3012507fa6bc923e23124efcdfc,POSSIBLE SOURCE OVERLAP,clean,breaking,Breaking,0.5927470922470093,False,23.450499982573092
5-260434-A-39,benchmark_data/external/esc50/audio/5-260434-A-39.wav,glass_breaking,glass_breaking,exact,5,False,92d7ac3de371429d81338c1233cadfbcfb3873253c005f2f6aa4be7dce8a014e,POSSIBLE SOURCE OVERLAP,clean,chink_clink,"Chink, clink",0.6233423948287964,False,24.428299977444112
5-9032-A-0,benchmark_data/external/esc50/audio/5-9032-A-0.wav,dog,dog_barking,compatible,5,True,e49492e3cd7be48c3e5f82a121e71f23687ecb047609085231e06a0cccb2b12d,POSSIBLE SOURCE OVERLAP,clean,animal,Animal,0.6908507943153381,False,28.96659995894879
