sample_id,path,source_label,true_label,mapping_type,fold,esc10,sha256,leakage_status,condition,predicted_label,raw_predicted_label,confidence,correct,latency_ms,filename,source_dataset,clip_duration_seconds,sample_rate,peak_amplitude,rms,preprocessing_output_shape,model_input_shape,top_1,top_1_score,top_3,top_5
1-100032-A-0,benchmark_data/external/esc50/audio/1-100032-A-0.wav,dog,dog_barking,compatible,1,True,f40a849a2375c8c63312a73dd2dd6c74007301fcc21b4be2ece29a642831e3d8,POSSIBLE SOURCE OVERLAP,clean,dog_barking,Bark,0.6253823041915894,True,25.25989996502176,1-100032-A-0.wav,ESC-50,5.0,44100,0.99884033203125,0.04152475547692333,[220500],"{""array"": [220500], ""sampling_rate"": 44100}",Bark,0.6253823041915894,"[{""label"": ""Bark"", ""score"": 0.6253823041915894}, {""label"": ""Dog"", ""score"": 0.6189069747924805}, {""label"": ""Animal"", ""score"": 0.6046827435493469}]","[{""label"": ""Bark"", ""score"": 0.6253823041915894}, {""label"": ""Dog"", ""score"": 0.6189069747924805}, {""label"": ""Animal"", ""score"": 0.6046827435493469}, {""label"": ""Domestic animals, pets"", ""score"": 0.5998693704605103}, {""label"": ""Bow-wow"", ""score"": 0.5908209085464478}]"
1-110389-A-0,benchmark_data/external/esc50/audio/1-110389-A-0.wav,dog,dog_barking,compatible,1,True,4a18f3f834eb184b9f02595ac74c7de37ef8048a3da92f58f27018fec580b36a,POSSIBLE SOURCE OVERLAP,clean,dog,Dog,0.6231082081794739,False,44.577499967999756,1-110389-A-0.wav,ESC-50,5.0,44100,0.681060791015625,0.034616819398160935,[220500],"{""array"": [220500], ""sampling_rate"": 44100}",Dog,0.6231082081794739,"[{""label"": ""Dog"", ""score"": 0.6231082081794739}, {""label"": ""Bark"", ""score"": 0.6173360347747803}, {""label"": ""Bow-wow"", ""score"": 0.6089164018630981}]","[{""label"": ""Dog"", ""score"": 0.6231082081794739}, {""label"": ""Bark"", ""score"": 0.6173360347747803}, {""label"": ""Bow-wow"", ""score"": 0.6089164018630981}, {""label"": ""Animal"", ""score"": 0.5994749665260315}, {""label"": ""Domestic animals, pets"", ""score"": 0.5934128761291504}]"
1-30226-A-0,benchmark_data/external/esc50/audio/1-30226-A-0.wav,dog,dog_barking,compatible,1,True,ca2626d2b49c7c20a3e0f9f8d7aa56f4497643c6bc264ff37764392be2b15753,POSSIBLE SOURCE OVERLAP,clean,animal,Animal,0.6955667734146118,False,27.41399995284155,1-30226-A-0.wav,ESC-50,5.0,44100,0.447906494140625,0.03655798215531665,[220500],"{""array"": [220500], ""sampling_rate"": 44100}",Animal,0.6955667734146118,"[{""label"": ""Animal"", ""score"": 0.6955667734146118}, {""label"": ""Dog"", ""score"": 0.6900398135185242}, {""label"": ""Domestic animals, pets"", ""score"": 0.6624101400375366}]","[{""label"": ""Animal"", ""score"": 0.6955667734146118}, {""label"": ""Dog"", ""score"": 0.6900398135185242}, {""label"": ""Domestic animals, pets"", ""score"": 0.6624101400375366}, {""label"": ""Bark"", ""score"": 0.6295174956321716}, {""label"": ""Bow-wow"", ""score"": 0.6040891408920288}]"
1-30344-A-0,benchmark_data/external/esc50/audio/1-30344-A-0.wav,dog,dog_barking,compatible,1,True,52a876cff473fe9b6deb4feea9545a2b976e63e03744921afc72f9800758ce30,POSSIBLE SOURCE OVERLAP,clean,dog,Dog,0.7032626271247864,False,33.59990002354607,1-30344-A-0.wav,ESC-50,5.0,44100,0.92156982421875,0.08874734393666542,[220500],"{""array"": [220500], ""sampling_rate"": 44100}",Dog,0.7032626271247864,"[{""label"": ""Dog"", ""score"": 0.7032626271247864}, {""label"": ""Animal"", ""score"": 0.6997166872024536}, {""label"": ""Bark"", ""score"": 0.6921802759170532}]","[{""label"": ""Dog"", ""score"": 0.7032626271247864}, {""label"": ""Animal"", ""score"": 0.6997166872024536}, {""label"": ""Bark"", ""score"": 0.6921802759170532}, {""label"": ""Domestic animals, pets"", ""score"": 0.6882392764091492}, {""label"": ""Canidae, dogs, wolves"", ""score"": 0.5767562985420227}]"
1-32318-A-0,benchmark_data/external/esc50/audio/1-32318-A-0.wav,dog,dog_barking,compatible,1,True,0e96f0bab8bbba81c98a8d7741cf258c8381c6481bac36961b8603a600a6c321,POSSIBLE SOURCE OVERLAP,clean,animal,Animal,0.6996122002601624,False,30.48549999948591,1-32318-A-0.wav,ESC-50,5.0,44100,0.9598388671875,0.13249148285346107,[220500],"{""array"": [220500], ""sampling_rate"": 44100}",Animal,0.6996122002601624,"[{""label"": ""Animal"", ""score"": 0.6996122002601624}, {""label"": ""Dog"", ""score"": 0.68943852186203}, {""label"": ""Domestic animals, pets"", ""score"": 0.6697672605514526}]","[{""label"": ""Animal"", ""score"": 0.6996122002601624}, {""label"": ""Dog"", ""score"": 0.68943852186203}, {""label"": ""Domestic animals, pets"", ""score"": 0.6697672605514526}, {""label"": ""Bark"", ""score"": 0.6208011507987976}, {""label"": ""Bow-wow"", ""score"": 0.5933752059936523}]"
1-59513-A-0,benchmark_data/external/esc50/audio/1-59513-A-0.wav,dog,dog_barking,compatible,1,True,b573fcbb4d3a8a05a857dc1ffdb09c687253ff3a03baa326460e291ce4cbfee7,POSSIBLE SOURCE OVERLAP,clean,animal,Animal,0.6937968730926514,False,25.14739998150617,1-59513-A-0.wav,ESC-50,5.0,44100,0.805755615234375,0.12249943016918882,[220500],"{""array"": [220500], ""sampling_rate"": 44100}",Animal,0.6937968730926514,"[{""label"": ""Animal"", ""score"": 0.6937968730926514}, {""label"": ""Dog"", ""score"": 0.6899523138999939}, {""label"": ""Domestic animals, pets"", ""score"": 0.6614788770675659}]","[{""label"": ""Animal"", ""score"": 0.6937968730926514}, {""label"": ""Dog"", ""score"": 0.6899523138999939}, {""label"": ""Domestic animals, pets"", ""score"": 0.6614788770675659}, {""label"": ""Bark"", ""score"": 0.6274857521057129}, {""label"": ""Bow-wow"", ""score"": 0.6232075691223145}]"
1-85362-A-0,benchmark_data/external/esc50/audio/1-85362-A-0.wav,dog,dog_barking,compatible,1,True,2f7742933d677b0dc8d77b802e90ee0fb94b5828183ca96f7a8dd8d24ab57b7b,POSSIBLE SOURCE OVERLAP,clean,animal,Animal,0.6959073543548584,False,26.91049996064976,1-85362-A-0.wav,ESC-50,5.0,44100,0.6884765625,0.07650726171880283,[220500],"{""array"": [220500], ""sampling_rate"": 44100}",Animal,0.6959073543548584,"[{""label"": ""Animal"", ""score"": 0.6959073543548584}, {""label"": ""Dog"", ""score"": 0.6905995011329651}, {""label"": ""Domestic animals, pets"", ""score"": 0.6628085970878601}]","[{""label"": ""Animal"", ""score"": 0.6959073543548584}, {""label"": ""Dog"", ""score"": 0.6905995011329651}, {""label"": ""Domestic animals, pets"", ""score"": 0.6628085970878601}, {""label"": ""Bow-wow"", ""score"": 0.6447194218635559}, {""label"": ""Speech"", ""score"": 0.6337380409240723}]"
1-97392-A-0,benchmark_data/external/esc50/audio/1-97392-A-0.wav,dog,dog_barking,compatible,1,True,9ec2eb304d2a1ab3a50150a2a558dce0771e4ffc920d074e107fd76cb7b5d28c,POSSIBLE SOURCE OVERLAP,clean,animal,Animal,0.6963436603546143,False,25.46309999888763,1-97392-A-0.wav,ESC-50,5.0,44100,0.956878662109375,0.08041828234499242,[220500],"{""array"": [220500], ""sampling_rate"": 44100}",Animal,0.6963436603546143,"[{""label"": ""Animal"", ""score"": 0.6963436603546143}, {""label"": ""Dog"", ""score"": 0.6909410953521729}, {""label"": ""Domestic animals, pets"", ""score"": 0.6775305867195129}]","[{""label"": ""Animal"", ""score"": 0.6963436603546143}, {""label"": ""Dog"", ""score"": 0.6909410953521729}, {""label"": ""Domestic animals, pets"", ""score"": 0.6775305867195129}, {""label"": ""Bark"", ""score"": 0.6594893336296082}, {""label"": ""Bow-wow"", ""score"": 0.5844249725341797}]"
2-114280-A-0,benchmark_data/external/esc50/audio/2-114280-A-0.wav,dog,dog_barking,compatible,2,True,23cd06e6c8b2e054d13ad6392d34d91588cd8572041d6f4c1c337048fd5deb69,POSSIBLE SOURCE OVERLAP,clean,animal,Animal,0.6964837908744812,False,26.27189998747781,2-114280-A-0.wav,ESC-50,5.0,44100,0.9600830078125,0.13958301160099115,[220500],"{""array"": [220500], ""sampling_rate"": 44100}",Animal,0.6964837908744812,"[{""label"": ""Animal"", ""score"": 0.6964837908744812}, {""label"": ""Dog"", ""score"": 0.6923335194587708}, {""label"": ""Domestic animals, pets"", ""score"": 0.6722255945205688}]","[{""label"": ""Animal"", ""score"": 0.6964837908744812}, {""label"": ""Dog"", ""score"": 0.6923335194587708}, {""label"": ""Domestic animals, pets"", ""score"": 0.6722255945205688}, {""label"": ""Bark"", ""score"": 0.6296703815460205}, {""label"": ""Bow-wow"", ""score"": 0.5968070030212402}]"
2-114587-A-0,benchmark_data/external/esc50/audio/2-114587-A-0.wav,dog,dog_barking,compatible,2,True,34d7f9c32c2cda9b6b68483028bb85326259d1c5f2956eac2ecc48b18b06f999,POSSIBLE SOURCE OVERLAP,clean,animal,Animal,0.7170587182044983,False,26.09569998458028,2-114587-A-0.wav,ESC-50,5.0,44100,0.876678466796875,0.11230734132566357,[220500],"{""array"": [220500], ""sampling_rate"": 44100}",Animal,0.7170587182044983,"[{""label"": ""Animal"", ""score"": 0.7170587182044983}, {""label"": ""Dog"", ""score"": 0.7096474766731262}, {""label"": ""Domestic animals, pets"", ""score"": 0.704508364200592}]","[{""label"": ""Animal"", ""score"": 0.7170587182044983}, {""label"": ""Dog"", ""score"": 0.7096474766731262}, {""label"": ""Domestic animals, pets"", ""score"": 0.704508364200592}, {""label"": ""Bark"", ""score"": 0.6525530219078064}, {""label"": ""Bow-wow"", ""score"": 0.5962051153182983}]"
2-116400-A-0,benchmark_data/external/esc50/audio/2-116400-A-0.wav,dog,dog_barking,compatible,2,True,9830a9ccefad59e7ac9313b86913a6a15e5b4cb281fd479fc6fb076a06ff2a6e,POSSIBLE SOURCE OVERLAP,clean,animal,Animal,0.6896010637283325,False,28.954500041436404,2-116400-A-0.wav,ESC-50,5.0,44100,0.880340576171875,0.08551544416763777,[220500],"{""array"": [220500], ""sampling_rate"": 44100}",Animal,0.6896010637283325,"[{""label"": ""Animal"", ""score"": 0.6896010637283325}, {""label"": ""Dog"", ""score"": 0.6872217059135437}, {""label"": ""Domestic animals, pets"", ""score"": 0.6602998971939087}]","[{""label"": ""Animal"", ""score"": 0.6896010637283325}, {""label"": ""Dog"", ""score"": 0.6872217059135437}, {""label"": ""Domestic animals, pets"", ""score"": 0.6602998971939087}, {""label"": ""Bark"", ""score"": 0.6492393016815186}, {""label"": ""Bow-wow"", ""score"": 0.5647438168525696}]"
2-117271-A-0,benchmark_data/external/esc50/audio/2-117271-A-0.wav,dog,dog_barking,compatible,2,True,636eb41093489304bb85802fdf2e8ac8b911500516e210e01f3b0b92f156c01d,POSSIBLE SOURCE OVERLAP,clean,animal,Animal,0.7071551084518433,False,25.57699999306351,2-117271-A-0.wav,ESC-50,5.0,44100,0.96527099609375,0.2185547648219532,[220500],"{""array"": [220500], ""sampling_rate"": 44100}",Animal,0.7071551084518433,"[{""label"": ""Animal"", ""score"": 0.7071551084518433}, {""label"": ""Dog"", ""score"": 0.7046308517456055}, {""label"": ""Domestic animals, pets"", ""score"": 0.6876211762428284}]","[{""label"": ""Animal"", ""score"": 0.7071551084518433}, {""label"": ""Dog"", ""score"": 0.7046308517456055}, {""label"": ""Domestic animals, pets"", ""score"": 0.6876211762428284}, {""label"": ""Bow-wow"", ""score"": 0.6634190082550049}, {""label"": ""Bark"", ""score"": 0.6247591972351074}]"
2-118072-A-0,benchmark_data/external/esc50/audio/2-118072-A-0.wav,dog,dog_barking,compatible,2,True,c2003f5ce159e77c3a0e52ff042567d159ea8eab6cd3081e64c0b709556dcb4e,POSSIBLE SOURCE OVERLAP,clean,bow_wow,Bow-wow,0.6322854161262512,False,25.9131999919191,2-118072-A-0.wav,ESC-50,5.0,44100,0.9532470703125,0.08014521065968452,[220500],"{""array"": [220500], ""sampling_rate"": 44100}",Bow-wow,0.6322854161262512,"[{""label"": ""Bow-wow"", ""score"": 0.6322854161262512}, {""label"": ""Dog"", ""score"": 0.6243768334388733}, {""label"": ""Animal"", ""score"": 0.6117611527442932}]","[{""label"": ""Bow-wow"", ""score"": 0.6322854161262512}, {""label"": ""Dog"", ""score"": 0.6243768334388733}, {""label"": ""Animal"", ""score"": 0.6117611527442932}, {""label"": ""Bark"", ""score"": 0.5907531380653381}, {""label"": ""Domestic animals, pets"", ""score"": 0.5872443318367004}]"
2-118964-A-0,benchmark_data/external/esc50/audio/2-118964-A-0.wav,dog,dog_barking,compatible,2,True,c684bc7d6ff7d8b9dbb7b033760319c4b4aac2ec0ae221df9ba684790a502d87,POSSIBLE SOURCE OVERLAP,clean,dog,Dog,0.6562652587890625,False,26.88650001073256,2-118964-A-0.wav,ESC-50,5.0,44100,0.943328857421875,0.20024366101133392,[220500],"{""array"": [220500], ""sampling_rate"": 44100}",Dog,0.6562652587890625,"[{""label"": ""Dog"", ""score"": 0.6562652587890625}, {""label"": ""Animal"", ""score"": 0.6379838585853577}, {""label"": ""Domestic animals, pets"", ""score"": 0.6163821816444397}]","[{""label"": ""Dog"", ""score"": 0.6562652587890625}, {""label"": ""Animal"", ""score"": 0.6379838585853577}, {""label"": ""Domestic animals, pets"", ""score"": 0.6163821816444397}, {""label"": ""Bark"", ""score"": 0.6159715056419373}, {""label"": ""Bow-wow"", ""score"": 0.6089282035827637}]"
2-122104-A-0,benchmark_data/external/esc50/audio/2-122104-A-0.wav,dog,dog_barking,compatible,2,True,0ed7ff66a9d9a570768815d0027803283f091201ec8bf742f466441ad051f736,POSSIBLE SOURCE OVERLAP,clean,animal,Animal,0.6867651343345642,False,25.54859995143488,2-122104-A-0.wav,ESC-50,5.0,44100,0.572052001953125,0.07315057824464086,[220500],"{""array"": [220500], ""sampling_rate"": 44100}",Animal,0.6867651343345642,"[{""label"": ""Animal"", ""score"": 0.6867651343345642}, {""label"": ""Dog"", ""score"": 0.6764140725135803}, {""label"": ""Domestic animals, pets"", ""score"": 0.6572304368019104}]","[{""label"": ""Animal"", ""score"": 0.6867651343345642}, {""label"": ""Dog"", ""score"": 0.6764140725135803}, {""label"": ""Domestic animals, pets"", ""score"": 0.6572304368019104}, {""label"": ""Bark"", ""score"": 0.6237720847129822}, {""label"": ""Bow-wow"", ""score"": 0.6000866889953613}]"
2-122104-B-0,benchmark_data/external/esc50/audio/2-122104-B-0.wav,dog,dog_barking,compatible,2,True,3cbf9d8b919210c37a2c74706cdeacf99073a83e98ae6a797d31b34e35db9a59,POSSIBLE SOURCE OVERLAP,clean,animal,Animal,0.6927394866943359,False,26.004499988630414,2-122104-B-0.wav,ESC-50,5.0,44100,0.92462158203125,0.0906960954494188,[220500],"{""array"": [220500], ""sampling_rate"": 44100}",Animal,0.6927394866943359,"[{""label"": ""Animal"", ""score"": 0.6927394866943359}, {""label"": ""Dog"", ""score"": 0.680324375629425}, {""label"": ""Domestic animals, pets"", ""score"": 0.6652381420135498}]","[{""label"": ""Animal"", ""score"": 0.6927394866943359}, {""label"": ""Dog"", ""score"": 0.680324375629425}, {""label"": ""Domestic animals, pets"", ""score"": 0.6652381420135498}, {""label"": ""Bark"", ""score"": 0.6355502009391785}, {""label"": ""Bow-wow"", ""score"": 0.5859557390213013}]"
3-136288-A-0,benchmark_data/external/esc50/audio/3-136288-A-0.wav,dog,dog_barking,compatible,3,True,8293b4fe3c40cf9bbe243fa27d153bbef86217f855e4295e89f41411267c9f8d,POSSIBLE SOURCE OVERLAP,clean,animal,Animal,0.681969404220581,False,26.688900019507855,3-136288-A-0.wav,ESC-50,5.0,44100,0.34576416015625,0.05383597019659152,[220500],"{""array"": [220500], ""sampling_rate"": 44100}",Animal,0.681969404220581,"[{""label"": ""Animal"", ""score"": 0.681969404220581}, {""label"": ""Dog"", ""score"": 0.6657626628875732}, {""label"": ""Domestic animals, pets"", ""score"": 0.6581848859786987}]","[{""label"": ""Animal"", ""score"": 0.681969404220581}, {""label"": ""Dog"", ""score"": 0.6657626628875732}, {""label"": ""Domestic animals, pets"", ""score"": 0.6581848859786987}, {""label"": ""Bow-wow"", ""score"": 0.6046057939529419}, {""label"": ""Yip"", ""score"": 0.5956372022628784}]"
3-144028-A-0,benchmark_data/external/esc50/audio/3-144028-A-0.wav,dog,dog_barking,compatible,3,True,2828c40f81b8bdfded734b1ea057444f780d1ada4241a2dc2ab70c646f963b47,POSSIBLE SOURCE OVERLAP,clean,animal,Animal,0.7045944333076477,False,27.108199952635914,3-144028-A-0.wav,ESC-50,5.0,44100,1.0,0.33871345063204056,[220500],"{""array"": [220500], ""sampling_rate"": 44100}",Animal,0.7045944333076477,"[{""label"": ""Animal"", ""score"": 0.7045944333076477}, {""label"": ""Dog"", ""score"": 0.6704168915748596}, {""label"": ""Domestic animals, pets"", ""score"": 0.6686599850654602}]","[{""label"": ""Animal"", ""score"": 0.7045944333076477}, {""label"": ""Dog"", ""score"": 0.6704168915748596}, {""label"": ""Domestic animals, pets"", ""score"": 0.6686599850654602}, {""label"": ""Bark"", ""score"": 0.6250790953636169}, {""label"": ""Bow-wow"", ""score"": 0.5780231952667236}]"
3-155312-A-0,benchmark_data/external/esc50/audio/3-155312-A-0.wav,dog,dog_barking,compatible,3,True,cd91728dada57b9083122f0991dad5de4010287f91847bca4ac828d6402080e4,POSSIBLE SOURCE OVERLAP,clean,animal,Animal,0.7154205441474915,False,31.357599946204573,3-155312-A-0.wav,ESC-50,5.0,44100,0.96002197265625,0.17304525478526162,[220500],"{""array"": [220500], ""sampling_rate"": 44100}",Animal,0.7154205441474915,"[{""label"": ""Animal"", ""score"": 0.7154205441474915}, {""label"": ""Dog"", ""score"": 0.7081112265586853}, {""label"": ""Domestic animals, pets"", ""score"": 0.6969068646430969}]","[{""label"": ""Animal"", ""score"": 0.7154205441474915}, {""label"": ""Dog"", ""score"": 0.7081112265586853}, {""label"": ""Domestic animals, pets"", ""score"": 0.6969068646430969}, {""label"": ""Bark"", ""score"": 0.6864941120147705}, {""label"": ""Canidae, dogs, wolves"", ""score"": 0.5926823019981384}]"
3-157695-A-0,benchmark_data/external/esc50/audio/3-157695-A-0.wav,dog,dog_barking,compatible,3,True,7a6099b6ef5f58af8b6f9a9deda41cc0d8efe5a0fd60fdd638a711523674903a,POSSIBLE SOURCE OVERLAP,clean,animal,Animal,0.5499885082244873,False,28.87659997213632,3-157695-A-0.wav,ESC-50,5.0,44100,0.927520751953125,0.09979327636033991,[220500],"{""array"": [220500], ""sampling_rate"": 44100}",Animal,0.5499885082244873,"[{""label"": ""Animal"", ""score"": 0.5499885082244873}, {""label"": ""Bow-wow"", ""score"": 0.5305983424186707}, {""label"": ""Dog"", ""score"": 0.5302250385284424}]","[{""label"": ""Animal"", ""score"": 0.5499885082244873}, {""label"": ""Bow-wow"", ""score"": 0.5305983424186707}, {""label"": ""Dog"", ""score"": 0.5302250385284424}, {""label"": ""Domestic animals, pets"", ""score"": 0.5255439281463623}, {""label"": ""Sound effect"", ""score"": 0.518409788608551}]"
3-163459-A-0,benchmark_data/external/esc50/audio/3-163459-A-0.wav,dog,dog_barking,compatible,3,True,fede0d9dcbf6c0252880acf39d411d62e0060e9c9ff3bda9135b3dc2bccb41fe,POSSIBLE SOURCE OVERLAP,clean,dog_barking,Bark,0.6619614362716675,True,27.91060000890866,3-163459-A-0.wav,ESC-50,5.0,44100,0.757904052734375,0.04646886152745225,[220500],"{""array"": [220500], ""sampling_rate"": 44100}",Bark,0.6619614362716675,"[{""label"": ""Bark"", ""score"": 0.6619614362716675}, {""label"": ""Animal"", ""score"": 0.6604692339897156}, {""label"": ""Dog"", ""score"": 0.6546626091003418}]","[{""label"": ""Bark"", ""score"": 0.6619614362716675}, {""label"": ""Animal"", ""score"": 0.6604692339897156}, {""label"": ""Dog"", ""score"": 0.6546626091003418}, {""label"": ""Domestic animals, pets"", ""score"": 0.6402360796928406}, {""label"": ""Bow-wow"", ""score"": 0.5820433497428894}]"
3-170015-A-0,benchmark_data/external/esc50/audio/3-170015-A-0.wav,dog,dog_barking,compatible,3,True,7aff1d04c4c381636e0bfc7d9dfbf76509d0f30674fc542bb8f8ed757f29e29d,POSSIBLE SOURCE OVERLAP,clean,dog,Dog,0.6793336272239685,False,29.265000019222498,3-170015-A-0.wav,ESC-50,5.0,44100,0.470947265625,0.02047889951850017,[220500],"{""array"": [220500], ""sampling_rate"": 44100}",Dog,0.6793336272239685,"[{""label"": ""Dog"", ""score"": 0.6793336272239685}, {""label"": ""Animal"", ""score"": 0.6766340136528015}, {""label"": ""Speech"", ""score"": 0.6616575121879578}]","[{""label"": ""Dog"", ""score"": 0.6793336272239685}, {""label"": ""Animal"", ""score"": 0.6766340136528015}, {""label"": ""Speech"", ""score"": 0.6616575121879578}, {""label"": ""Domestic animals, pets"", ""score"": 0.6600102782249451}, {""label"": ""Bark"", ""score"": 0.6463995575904846}]"
3-180256-A-0,benchmark_data/external/esc50/audio/3-180256-A-0.wav,dog,dog_barking,compatible,3,True,39ed8c8b60974843511f0f53e33e37f670f9cf22eebcb8b23798d52e0309127b,POSSIBLE SOURCE OVERLAP,clean,animal,Animal,0.6566168069839478,False,29.244300036225468,3-180256-A-0.wav,ESC-50,5.0,44100,0.908050537109375,0.11069373032317845,[220500],"{""array"": [220500], ""sampling_rate"": 44100}",Animal,0.6566168069839478,"[{""label"": ""Animal"", ""score"": 0.6566168069839478}, {""label"": ""Dog"", ""score"": 0.6541327834129333}, {""label"": ""Domestic animals, pets"", ""score"": 0.6359464526176453}]","[{""label"": ""Animal"", ""score"": 0.6566168069839478}, {""label"": ""Dog"", ""score"": 0.6541327834129333}, {""label"": ""Domestic animals, pets"", ""score"": 0.6359464526176453}, {""label"": ""Bark"", ""score"": 0.5711000561714172}, {""label"": ""Bow-wow"", ""score"": 0.5336213707923889}]"
3-180977-A-0,benchmark_data/external/esc50/audio/3-180977-A-0.wav,dog,dog_barking,compatible,3,True,d5d290a12f7aac1e5a5cee44e7a4d6033ee9f9999846f84b2278f7fbd6516df2,POSSIBLE SOURCE OVERLAP,clean,animal,Animal,0.7075738310813904,False,28.03480002330616,3-180977-A-0.wav,ESC-50,5.0,44100,1.0,0.2715884808762292,[220500],"{""array"": [220500], ""sampling_rate"": 44100}",Animal,0.7075738310813904,"[{""label"": ""Animal"", ""score"": 0.7075738310813904}, {""label"": ""Dog"", ""score"": 0.7066670656204224}, {""label"": ""Domestic animals, pets"", ""score"": 0.6947181820869446}]","[{""label"": ""Animal"", ""score"": 0.7075738310813904}, {""label"": ""Dog"", ""score"": 0.7066670656204224}, {""label"": ""Domestic animals, pets"", ""score"": 0.6947181820869446}, {""label"": ""Bark"", ""score"": 0.649817943572998}, {""label"": ""Bow-wow"", ""score"": 0.5705743432044983}]"
4-182395-A-0,benchmark_data/external/esc50/audio/4-182395-A-0.wav,dog,dog_barking,compatible,4,True,c249bcb8ef81d12516ad17c8a77f88c01952cdf70b9413732af5fb8b803f9c7d,POSSIBLE SOURCE OVERLAP,clean,dog,Dog,0.6170189380645752,False,27.823399985209107,4-182395-A-0.wav,ESC-50,5.0,44100,0.7857666015625,0.03659244775492893,[220500],"{""array"": [220500], ""sampling_rate"": 44100}",Dog,0.6170189380645752,"[{""label"": ""Dog"", ""score"": 0.6170189380645752}, {""label"": ""Animal"", ""score"": 0.6139492988586426}, {""label"": ""Bow-wow"", ""score"": 0.5947659015655518}]","[{""label"": ""Dog"", ""score"": 0.6170189380645752}, {""label"": ""Animal"", ""score"": 0.6139492988586426}, {""label"": ""Bow-wow"", ""score"": 0.5947659015655518}, {""label"": ""Domestic animals, pets"", ""score"": 0.5864859223365784}, {""label"": ""Bark"", ""score"": 0.5804546475410461}]"
4-183992-A-0,benchmark_data/external/esc50/audio/4-183992-A-0.wav,dog,dog_barking,compatible,4,True,96bf2e0efce166f347db6ae02b3c17d24acadffc45d67ad6015de7b1162f54dc,POSSIBLE SOURCE OVERLAP,clean,dog,Dog,0.6906720995903015,False,34.42240000003949,4-183992-A-0.wav,ESC-50,5.0,44100,0.715850830078125,0.059655737461663874,[220500],"{""array"": [220500], ""sampling_rate"": 44100}",Dog,0.6906720995903015,"[{""label"": ""Dog"", ""score"": 0.6906720995903015}, {""label"": ""Animal"", ""score"": 0.6890552043914795}, {""label"": ""Domestic animals, pets"", ""score"": 0.6703733205795288}]","[{""label"": ""Dog"", ""score"": 0.6906720995903015}, {""label"": ""Animal"", ""score"": 0.6890552043914795}, {""label"": ""Domestic animals, pets"", ""score"": 0.6703733205795288}, {""label"": ""Bark"", ""score"": 0.6599620580673218}, {""label"": ""Bow-wow"", ""score"": 0.601839542388916}]"
4-184575-A-0,benchmark_data/external/esc50/audio/4-184575-A-0.wav,dog,dog_barking,compatible,4,True,417a923837951edc374447528f1387b6bfb961a9605b165cfcb3d9d63735d179,POSSIBLE SOURCE OVERLAP,clean,animal,Animal,0.7091957330703735,False,30.91969998786226,4-184575-A-0.wav,ESC-50,5.0,44100,0.906341552734375,0.0740154692606982,[220500],"{""array"": [220500], ""sampling_rate"": 44100}",Animal,0.7091957330703735,"[{""label"": ""Animal"", ""score"": 0.7091957330703735}, {""label"": ""Dog"", ""score"": 0.7022558450698853}, {""label"": ""Domestic animals, pets"", ""score"": 0.6885123252868652}]","[{""label"": ""Animal"", ""score"": 0.7091957330703735}, {""label"": ""Dog"", ""score"": 0.7022558450698853}, {""label"": ""Domestic animals, pets"", ""score"": 0.6885123252868652}, {""label"": ""Bark"", ""score"": 0.6451779007911682}, {""label"": ""Bow-wow"", ""score"": 0.590254545211792}]"
4-191687-A-0,benchmark_data/external/esc50/audio/4-191687-A-0.wav,dog,dog_barking,compatible,4,True,65bcaf4cce64177bb0dcc139c63dc9bee48d86c559b3019248d7c79db6a8b2ef,POSSIBLE SOURCE OVERLAP,clean,animal,Animal,0.694878339767456,False,29.252600041218102,4-191687-A-0.wav,ESC-50,5.0,44100,0.96966552734375,0.1284278583775712,[220500],"{""array"": [220500], ""sampling_rate"": 44100}",Animal,0.694878339767456,"[{""label"": ""Animal"", ""score"": 0.694878339767456}, {""label"": ""Dog"", ""score"": 0.691422700881958}, {""label"": ""Domestic animals, pets"", ""score"": 0.6700329184532166}]","[{""label"": ""Animal"", ""score"": 0.694878339767456}, {""label"": ""Dog"", ""score"": 0.691422700881958}, {""label"": ""Domestic animals, pets"", ""score"": 0.6700329184532166}, {""label"": ""Bark"", ""score"": 0.659906268119812}, {""label"": ""Bow-wow"", ""score"": 0.5900733470916748}]"
4-192236-A-0,benchmark_data/external/esc50/audio/4-192236-A-0.wav,dog,dog_barking,compatible,4,True,cea20645e18a4ad56ad53905a6185e891b53f65989e4208f3014aba838096f08,POSSIBLE SOURCE OVERLAP,clean,animal,Animal,0.7069580554962158,False,31.76109999185428,4-192236-A-0.wav,ESC-50,5.0,44100,0.849151611328125,0.0840267713365443,[220500],"{""array"": [220500], ""sampling_rate"": 44100}",Animal,0.7069580554962158,"[{""label"": ""Animal"", ""score"": 0.7069580554962158}, {""label"": ""Dog"", ""score"": 0.6974946856498718}, {""label"": ""Bark"", ""score"": 0.6941177845001221}]","[{""label"": ""Animal"", ""score"": 0.7069580554962158}, {""label"": ""Dog"", ""score"": 0.6974946856498718}, {""label"": ""Bark"", ""score"": 0.6941177845001221}, {""label"": ""Domestic animals, pets"", ""score"": 0.6865980625152588}, {""label"": ""Bow-wow"", ""score"": 0.5531406402587891}]"
4-194754-A-0,benchmark_data/external/esc50/audio/4-194754-A-0.wav,dog,dog_barking,compatible,4,True,89e569fc4f5659de5a5c70fc5b196270b218d8f51cb6d1235d9568540061b309,POSSIBLE SOURCE OVERLAP,clean,animal,Animal,0.6831022500991821,False,35.08129995316267,4-194754-A-0.wav,ESC-50,5.0,44100,0.834014892578125,0.06565613894867399,[220500],"{""array"": [220500], ""sampling_rate"": 44100}",Animal,0.6831022500991821,"[{""label"": ""Animal"", ""score"": 0.6831022500991821}, {""label"": ""Dog"", ""score"": 0.6805907487869263}, {""label"": ""Domestic animals, pets"", ""score"": 0.6599635481834412}]","[{""label"": ""Animal"", ""score"": 0.6831022500991821}, {""label"": ""Dog"", ""score"": 0.6805907487869263}, {""label"": ""Domestic animals, pets"", ""score"": 0.6599635481834412}, {""label"": ""Bow-wow"", ""score"": 0.6206323504447937}, {""label"": ""Bark"", ""score"": 0.6066346168518066}]"
4-199261-A-0,benchmark_data/external/esc50/audio/4-199261-A-0.wav,dog,dog_barking,compatible,4,True,527a52b5cd50b5171b45ea0dd3c5efe5d11fb75a0c29cdd777c6f17255ac8262,POSSIBLE SOURCE OVERLAP,clean,animal,Animal,0.6958242654800415,False,30.306099972222,4-199261-A-0.wav,ESC-50,5.0,44100,0.89630126953125,0.10248281182241417,[220500],"{""array"": [220500], ""sampling_rate"": 44100}",Animal,0.6958242654800415,"[{""label"": ""Animal"", ""score"": 0.6958242654800415}, {""label"": ""Dog"", ""score"": 0.6827874183654785}, {""label"": ""Domestic animals, pets"", ""score"": 0.6566268801689148}]","[{""label"": ""Animal"", ""score"": 0.6958242654800415}, {""label"": ""Dog"", ""score"": 0.6827874183654785}, {""label"": ""Domestic animals, pets"", ""score"": 0.6566268801689148}, {""label"": ""Bark"", ""score"": 0.6314207315444946}, {""label"": ""Bow-wow"", ""score"": 0.6056456565856934}]"
4-207124-A-0,benchmark_data/external/esc50/audio/4-207124-A-0.wav,dog,dog_barking,compatible,4,True,4172efa07482e36b67f50bc730d9ecaf95da20c81f79242d0439ac6bae21f53c,POSSIBLE SOURCE OVERLAP,clean,animal,Animal,0.703928530216217,False,34.74669996649027,4-207124-A-0.wav,ESC-50,5.0,44100,0.80950927734375,0.0931182259438998,[220500],"{""array"": [220500], ""sampling_rate"": 44100}",Animal,0.703928530216217,"[{""label"": ""Animal"", ""score"": 0.703928530216217}, {""label"": ""Dog"", ""score"": 0.6971805691719055}, {""label"": ""Domestic animals, pets"", ""score"": 0.68585205078125}]","[{""label"": ""Animal"", ""score"": 0.703928530216217}, {""label"": ""Dog"", ""score"": 0.6971805691719055}, {""label"": ""Domestic animals, pets"", ""score"": 0.68585205078125}, {""label"": ""Bow-wow"", ""score"": 0.6291256546974182}, {""label"": ""Bark"", ""score"": 0.6266337037086487}]"
5-203128-A-0,benchmark_data/external/esc50/audio/5-203128-A-0.wav,dog,dog_barking,compatible,5,True,435e476d5d429aa1cc51c23c9b5e5f8f472faf022846996ade18a457621d0552,POSSIBLE SOURCE OVERLAP,clean,animal,Animal,0.7115992307662964,False,32.252500008326024,5-203128-A-0.wav,ESC-50,5.0,44100,0.91131591796875,0.13369510181326208,[220500],"{""array"": [220500], ""sampling_rate"": 44100}",Animal,0.7115992307662964,"[{""label"": ""Animal"", ""score"": 0.7115992307662964}, {""label"": ""Dog"", ""score"": 0.7079182863235474}, {""label"": ""Bark"", ""score"": 0.6978155374526978}]","[{""label"": ""Animal"", ""score"": 0.7115992307662964}, {""label"": ""Dog"", ""score"": 0.7079182863235474}, {""label"": ""Bark"", ""score"": 0.6978155374526978}, {""label"": ""Domestic animals, pets"", ""score"": 0.6928324103355408}, {""label"": ""Bow-wow"", ""score"": 0.5749632120132446}]"
5-203128-B-0,benchmark_data/external/esc50/audio/5-203128-B-0.wav,dog,dog_barking,compatible,5,True,2a253659c2c3c86a0fbaf1e928d8a30933e90c7e7d4be43a3e4b4217e5be0c26,POSSIBLE SOURCE OVERLAP,clean,animal,Animal,0.7082089781761169,False,26.738000044133514,5-203128-B-0.wav,ESC-50,5.0,44100,0.87725830078125,0.11871521704422425,[220500],"{""array"": [220500], ""sampling_rate"": 44100}",Animal,0.7082089781761169,"[{""label"": ""Animal"", ""score"": 0.7082089781761169}, {""label"": ""Dog"", ""score"": 0.70196932554245}, {""label"": ""Domestic animals, pets"", ""score"": 0.6833065748214722}]","[{""label"": ""Animal"", ""score"": 0.7082089781761169}, {""label"": ""Dog"", ""score"": 0.70196932554245}, {""label"": ""Domestic animals, pets"", ""score"": 0.6833065748214722}, {""label"": ""Bark"", ""score"": 0.6495838165283203}, {""label"": ""Bow-wow"", ""score"": 0.635050892829895}]"
5-208030-A-0,benchmark_data/external/esc50/audio/5-208030-A-0.wav,dog,dog_barking,compatible,5,True,8b3f5052dad5383ea171aa8feaead47879bf7b5ae3acaf5a26c5167838a49494,POSSIBLE SOURCE OVERLAP,clean,animal,Animal,0.7136249542236328,False,54.38029998913407,5-208030-A-0.wav,ESC-50,5.0,44100,0.95538330078125,0.30290074156467595,[220500],"{""array"": [220500], ""sampling_rate"": 44100}",Animal,0.7136249542236328,"[{""label"": ""Animal"", ""score"": 0.7136249542236328}, {""label"": ""Dog"", ""score"": 0.7065367698669434}, {""label"": ""Domestic animals, pets"", ""score"": 0.6959003806114197}]","[{""label"": ""Animal"", ""score"": 0.7136249542236328}, {""label"": ""Dog"", ""score"": 0.7065367698669434}, {""label"": ""Domestic animals, pets"", ""score"": 0.6959003806114197}, {""label"": ""Bark"", ""score"": 0.6848546862602234}, {""label"": ""Bow-wow"", ""score"": 0.5591593384742737}]"
5-212454-A-0,benchmark_data/external/esc50/audio/5-212454-A-0.wav,dog,dog_barking,compatible,5,True,a3f7089d31d506d7a5c80f0af79afebfdb8fd61759eab03891b01c809d210e5a,POSSIBLE SOURCE OVERLAP,clean,animal,Animal,0.6958757042884827,False,34.553400008007884,5-212454-A-0.wav,ESC-50,5.0,44100,0.925079345703125,0.11318890551970733,[220500],"{""array"": [220500], ""sampling_rate"": 44100}",Animal,0.6958757042884827,"[{""label"": ""Animal"", ""score"": 0.6958757042884827}, {""label"": ""Dog"", ""score"": 0.6825599074363708}, {""label"": ""Bark"", ""score"": 0.6695445775985718}]","[{""label"": ""Animal"", ""score"": 0.6958757042884827}, {""label"": ""Dog"", ""score"": 0.6825599074363708}, {""label"": ""Bark"", ""score"": 0.6695445775985718}, {""label"": ""Domestic animals, pets"", ""score"": 0.6693848371505737}, {""label"": ""Bow-wow"", ""score"": 0.5897958874702454}]"
5-213855-A-0,benchmark_data/external/esc50/audio/5-213855-A-0.wav,dog,dog_barking,compatible,5,True,1013f545442642bd8a7788279d75d131754127a4bdee39dc9c5299c04c4962c8,POSSIBLE SOURCE OVERLAP,clean,animal,Animal,0.6835505962371826,False,36.57190001104027,5-213855-A-0.wav,ESC-50,5.0,44100,0.867767333984375,0.10833778962976942,[220500],"{""array"": [220500], ""sampling_rate"": 44100}",Animal,0.6835505962371826,"[{""label"": ""Animal"", ""score"": 0.6835505962371826}, {""label"": ""Dog"", ""score"": 0.6729786396026611}, {""label"": ""Domestic animals, pets"", ""score"": 0.6565781831741333}]","[{""label"": ""Animal"", ""score"": 0.6835505962371826}, {""label"": ""Dog"", ""score"": 0.6729786396026611}, {""label"": ""Domestic animals, pets"", ""score"": 0.6565781831741333}, {""label"": ""Speech"", ""score"": 0.6371607780456543}, {""label"": ""Bark"", ""score"": 0.6146954894065857}]"
5-217158-A-0,benchmark_data/external/esc50/audio/5-217158-A-0.wav,dog,dog_barking,compatible,5,True,170df4aad8dd13df6e418c8ff4e5a8cf8bec6fece5e3d0150b94d391e91b1356,POSSIBLE SOURCE OVERLAP,clean,dog,Dog,0.6059903502464294,False,25.338899984490126,5-217158-A-0.wav,ESC-50,5.0,44100,0.756561279296875,0.08045492845872346,[220500],"{""array"": [220500], ""sampling_rate"": 44100}",Dog,0.6059903502464294,"[{""label"": ""Dog"", ""score"": 0.6059903502464294}, {""label"": ""Animal"", ""score"": 0.6027092337608337}, {""label"": ""Bow-wow"", ""score"": 0.5857771635055542}]","[{""label"": ""Dog"", ""score"": 0.6059903502464294}, {""label"": ""Animal"", ""score"": 0.6027092337608337}, {""label"": ""Bow-wow"", ""score"": 0.5857771635055542}, {""label"": ""Domestic animals, pets"", ""score"": 0.564837634563446}, {""label"": ""Bark"", ""score"": 0.5480076670646667}]"
5-231762-A-0,benchmark_data/external/esc50/audio/5-231762-A-0.wav,dog,dog_barking,compatible,5,True,cb686222c5eeb07c8c8ee508adce7bedbabb3358aee5c46b051788075835bd96,POSSIBLE SOURCE OVERLAP,clean,dog,Dog,0.6796698570251465,False,24.654600012581795,5-231762-A-0.wav,ESC-50,5.0,44100,0.929779052734375,0.09704954199899708,[220500],"{""array"": [220500], ""sampling_rate"": 44100}",Dog,0.6796698570251465,"[{""label"": ""Dog"", ""score"": 0.6796698570251465}, {""label"": ""Animal"", ""score"": 0.6694957613945007}, {""label"": ""Domestic animals, pets"", ""score"": 0.6529443264007568}]","[{""label"": ""Dog"", ""score"": 0.6796698570251465}, {""label"": ""Animal"", ""score"": 0.6694957613945007}, {""label"": ""Domestic animals, pets"", ""score"": 0.6529443264007568}, {""label"": ""Bow-wow"", ""score"": 0.6234058141708374}, {""label"": ""Bark"", ""score"": 0.5990689396858215}]"
5-9032-A-0,benchmark_data/external/esc50/audio/5-9032-A-0.wav,dog,dog_barking,compatible,5,True,e49492e3cd7be48c3e5f82a121e71f23687ecb047609085231e06a0cccb2b12d,POSSIBLE SOURCE OVERLAP,clean,animal,Animal,0.6908507943153381,False,28.96659995894879,5-9032-A-0.wav,ESC-50,5.0,44100,0.9573974609375,0.06518199368955237,[220500],"{""array"": [220500], ""sampling_rate"": 44100}",Animal,0.6908507943153381,"[{""label"": ""Animal"", ""score"": 0.6908507943153381}, {""label"": ""Domestic animals, pets"", ""score"": 0.6889126896858215}, {""label"": ""Dog"", ""score"": 0.6573482751846313}]","[{""label"": ""Animal"", ""score"": 0.6908507943153381}, {""label"": ""Domestic animals, pets"", ""score"": 0.6889126896858215}, {""label"": ""Dog"", ""score"": 0.6573482751846313}, {""label"": ""Whimper (dog)"", ""score"": 0.5636621713638306}, {""label"": ""Whimper"", ""score"": 0.5418906807899475}]"
