elapsed_seconds,generated_events,processed_events,ced_events,stt_segments,fusion_events,alerts,exceptions,serialized_frames,cpu_total_capacity_percent,rss_mb
9.844536500007962,1,1,1,1,1,0,0,1,,698.2890625
11.40605510000023,2,2,2,2,2,0,0,2,3.7523568403405574,699.64453125
16.380619600007776,3,3,3,3,3,0,0,3,1.138604695947034,699.65625
21.310656100002234,4,4,4,4,4,0,0,4,1.148888552854805,699.63671875
27.44913420001103,5,5,5,5,5,0,0,5,0.9863499390820216,699.70703125
31.32530300000508,6,6,6,6,6,1,0,7,1.461252796836066,699.70703125
36.619488700001966,7,7,7,7,7,2,0,9,0.9591890590469816,699.7109375
41.274071600011666,8,8,8,8,8,3,0,10,0.8811879792690882,699.7109375
46.32605760000297,9,9,9,9,9,4,0,11,1.1984766980768402,699.7109375
51.36105520000274,10,10,10,10,10,5,0,12,1.0085655254334644,699.7109375
56.38673949999793,11,11,11,11,11,6,0,13,1.0104345392337633,699.7109375
61.30897270000423,12,12,12,12,12,7,0,14,1.4284674687885563,699.6484375
66.35527890000958,13,13,13,13,13,8,0,16,1.4707539942764742,699.6484375
71.35445140000957,14,14,14,14,14,8,0,17,1.2502069092434833,699.6484375
76.3939234999998,15,15,15,15,15,9,0,19,1.3177223463570455,699.6484375
81.57117920000746,16,16,16,16,16,10,0,20,1.6976295955378429,699.6484375
86.41054769999755,17,17,17,17,17,11,0,21,1.3318499097585155,699.65234375
91.29696530000365,18,18,18,18,18,12,0,22,1.0392327090491944,699.65234375
96.55908279999858,19,19,19,19,19,13,0,23,1.2990849216131315,687.20703125
101.3719631999993,20,20,20,20,20,14,0,24,1.1362738205585121,687.20703125
106.38191680000455,21,21,21,21,21,15,0,26,1.091576975881428,687.20703125
112.59498540000641,22,22,22,22,22,16,0,27,1.3203016943990513,627.609375
115.95902609999757,23,23,23,23,23,17,0,28,2.6126504652643123,575.203125
120.87042490000022,24,24,24,24,24,18,0,29,1.0339467851800728,575.203125
126.40666740000597,25,25,25,25,25,19,0,30,0.9878089697108308,572.9765625
131.6773366999987,26,26,26,26,26,20,0,31,1.2228641436503875,572.9765625
136.52532080000674,27,27,27,27,27,20,0,32,1.2489082833398661,572.9765625
141.44828250000137,28,28,28,28,28,20,0,33,1.0711920631041578,572.9765625
147.15507010000874,29,29,29,29,29,21,0,35,0.8556148997018377,572.98046875
151.42625750000298,30,30,30,30,30,22,0,36,1.2803816568683886,536.484375
156.48428090001107,31,31,31,31,31,23,0,37,1.081202985338353,536.484375
161.49714940000558,32,32,32,32,32,24,0,39,1.4026400253682496,536.69140625
166.57327780000924,33,33,33,33,33,25,0,40,1.2312533307856242,536.69140625
171.612045700007,34,34,34,34,34,26,0,41,1.0853347700342428,534.328125
176.4143097000051,35,35,35,35,35,27,0,43,1.4641531577611677,536.734375
181.6165686000022,36,36,36,36,36,27,0,44,1.2389449706172038,466.4140625
186.71605770000315,37,37,37,37,37,28,0,46,1.2639133790870962,466.41796875
191.49781640000583,38,38,38,38,38,29,0,47,1.4295864615661522,466.43359375
196.50584620000154,39,39,39,39,39,30,0,48,1.2479957687163428,466.984375
201.48528560000705,40,40,40,40,40,31,0,50,1.3336089600754375,467.046875
206.4793134000065,41,41,41,41,41,32,0,51,1.2514948354914401,467.046875
211.6277095000114,42,42,42,42,42,33,0,52,1.4795263130575262,467.05078125
216.35067680000793,43,43,43,43,43,34,0,53,1.2819668474106212,467.05078125
221.4288849000004,44,44,44,44,44,35,0,54,1.269209999489691,467.05078125
226.32251779999933,45,45,45,45,45,36,0,55,1.3170813241838026,467.05078125
231.49355579999974,46,46,46,46,46,36,0,56,1.2086548193998008,467.05078125
236.28740610000386,47,47,47,47,47,36,0,57,1.1815267781714267,467.0546875
241.44934320000175,48,48,48,48,48,36,0,58,1.2864598834423457,467.1171875
246.46151459999965,49,49,49,49,49,37,0,60,1.2469645391621331,467.1171875
250.9916654000117,50,50,50,50,50,38,0,61,1.077847673412331,467.1171875
255.96278770000208,51,51,51,51,51,39,0,62,1.7287343745328139,467.125
260.9946601999982,52,52,52,52,52,40,0,63,1.7854933724984023,467.125
265.90451590000885,53,53,53,53,53,41,0,64,1.2331701520243958,437.95703125
270.89878920000046,54,54,54,54,54,42,0,65,1.681613519230935,438.9453125
275.9199362000072,55,55,55,55,55,42,0,66,1.7504093188246004,438.9453125
280.9231524000061,56,56,56,56,56,43,0,67,1.795719921118349,438.9453125
285.89541640000243,57,57,57,57,57,43,0,68,2.042580603123133,438.953125
290.88751010000124,58,58,58,58,58,44,0,69,1.8388451923492939,439.3359375
295.8403309999994,59,59,59,59,59,45,0,71,1.8928606927828606,439.3359375
300.8870412000106,60,60,60,60,60,46,0,72,1.8189448445008238,439.3359375
305.93328199999814,61,61,61,61,61,47,0,73,2.322273245467965,439.34375
310.88417330000084,62,62,62,62,62,48,0,75,2.011948333423232,439.34765625
315.84682469999825,63,63,63,63,63,49,0,76,1.928467613099923,439.3515625
320.84681270000874,64,64,64,64,64,49,0,77,1.6015663437558652,439.35546875
325.8807749000116,65,65,65,65,65,49,0,78,2.3279376233681965,439.359375
330.8895296000119,66,66,66,66,66,49,0,79,2.26166496035419,439.36328125
335.8785557000083,67,67,67,67,67,49,0,80,2.0748663752245053,439.3671875
340.814778800006,68,68,68,68,68,49,0,81,1.859658146327344,439.3671875
345.88789710000856,69,69,69,69,69,49,0,82,2.194471297859236,439.3671875
350.8879229000013,70,70,70,70,70,49,0,83,1.8359280266140532,439.37109375
355.8667926000053,71,71,71,71,71,49,0,84,1.8045009291953926,439.37109375
360.86727699999756,72,72,72,72,72,49,0,85,2.421640391482615,439.37109375
365.90569400000095,73,73,73,73,73,49,0,86,2.0545267491740025,439.37109375
370.8695093999995,74,74,74,74,74,49,0,87,2.1640989106893667,439.6015625
375.8386021000042,75,75,75,75,75,49,0,88,1.9259677928711127,439.6171875
380.9625730999978,76,76,76,76,76,50,0,90,2.058340103800966,439.63671875
385.9325518000114,77,77,77,77,77,51,0,91,2.161415198815763,439.63671875
390.95669330000237,78,78,78,78,78,52,0,92,2.021489641567281,439.64453125
395.8309378999984,79,79,79,79,79,53,0,93,1.6829530877475252,439.66015625
400.8870103000081,80,80,80,80,80,53,0,94,2.240498969116465,439.66015625
405.9017305000016,81,81,81,81,81,53,0,95,2.4147658328007586,439.66015625
410.84681770000316,82,82,82,82,82,53,0,96,1.7378358868974553,439.8046875
415.9545341000048,83,83,83,83,83,53,0,97,1.9884130606775057,439.8046875
420.89307170000393,84,84,84,84,84,54,0,98,2.491565013092585,439.8046875
425.8977343000006,85,85,85,85,85,55,0,100,2.029357583467619,439.8046875
430.8410226999986,86,86,86,86,86,55,0,101,1.7779789057024444,439.8046875
435.8395887000079,87,87,87,87,87,56,0,103,1.9927590232841697,439.8046875
440.94416070000443,88,88,88,88,88,57,0,104,2.2957360577944472,439.80859375
445.96508500000346,89,89,89,89,89,58,0,105,1.9449855079475904,439.80859375
450.87256220000563,90,90,90,90,90,59,0,107,1.7511543405634544,439.81640625
455.8685887000029,91,91,91,91,91,60,0,108,1.8373976799372596,439.82421875
460.8959302000003,92,92,92,92,92,61,0,109,1.8648026993998343,439.8359375
465.9017116000032,93,93,93,93,93,62,0,110,1.9508692489037507,439.8359375
470.9076103000116,94,94,94,94,94,63,0,111,1.8727905940214622,439.83984375
475.88129600000684,95,95,95,95,95,64,0,112,2.1598042473834327,439.84765625
480.82551070000045,96,96,96,96,96,65,0,113,1.975162000956921,123.0546875
485.85657050000736,97,97,97,97,97,66,0,115,1.7469604515509674,123.078125
490.8730276999995,98,98,98,98,98,67,0,116,1.7131113966273754,123.0859375
495.94567030000326,99,99,99,99,99,68,0,117,2.0406646626340983,123.12890625
500.90901410000515,100,100,100,100,100,69,0,119,1.6920926372250888,123.18359375
505.87796540001,101,101,101,101,101,70,0,120,1.926022599575622,123.21484375
510.8612948000082,102,102,102,102,102,70,0,121,1.998851912138024,123.23828125
515.9013259000058,103,103,103,103,103,71,0,123,1.4725851592470467,123.27734375
520.9146809000085,104,104,104,104,104,72,0,124,1.9479221000696327,123.3046875
525.9283488000074,105,105,105,105,105,73,0,126,1.8309324995383383,123.3515625
530.8557980000041,106,106,106,106,106,74,0,127,1.9026071339317188,123.23046875
535.8692253000045,107,107,107,107,107,75,0,129,2.142683409411221,123.32421875
540.8549605000007,108,108,108,108,108,76,0,130,1.7236675545878228,123.36328125
545.8559875000064,109,109,109,109,109,77,0,131,1.9136694322964225,123.40234375
550.8555951000017,110,110,110,110,110,78,0,132,1.6798193322228003,123.45703125
555.8366839000082,111,111,111,111,111,79,0,133,1.8429078196694537,123.46484375
560.8770857000054,112,112,112,112,112,80,0,134,2.169965894386848,123.5078125
565.928585200003,113,113,113,113,113,80,0,135,1.3919134308542156,123.5234375
570.8828510000021,114,114,114,114,114,80,0,136,2.4048089022599703,123.63671875
575.886095599999,115,115,115,115,115,80,0,137,1.873784064046346,123.6953125
580.9715005000035,116,116,116,116,116,80,0,138,2.573234139131853,123.7421875
585.9451381000108,117,117,117,117,117,80,0,139,2.3954424222589905,123.75390625
590.8882335000089,118,118,118,118,118,80,0,140,1.6990239557187548,123.8515625
595.9127020000014,119,119,119,119,119,81,0,142,1.788124455355506,123.86328125
600.8900387000031,120,120,120,120,120,82,0,144,2.040498887687607,123.890625
605.8704521000036,121,121,121,121,121,83,0,146,1.9608061049709116,123.9140625
610.8794737999997,122,122,122,122,122,83,0,147,2.1055758253169974,123.984375
615.9143757999991,123,123,123,123,123,84,0,149,2.3275030973793234,124.046875
620.9082157000084,124,124,124,124,124,85,0,150,1.6035380909958752,124.09375
625.8931387000048,125,125,125,125,125,86,0,151,1.9982129112139362,124.1328125
630.8642918000114,126,126,126,126,126,87,0,152,1.571566967026137,124.16796875
635.8917741000041,127,127,127,127,127,88,0,153,2.17554221921694,124.2265625
640.8497665000032,128,128,128,128,128,89,0,154,2.009066714180904,124.21484375
645.9449251000042,129,129,129,129,129,90,0,155,1.5333183151547913,124.2421875
650.9309714000119,130,130,130,130,130,91,0,156,2.115278191456756,124.26953125
655.8886849000119,131,131,131,131,131,92,0,157,1.9697840546857113,124.30859375
660.9248042000108,132,132,132,132,132,93,0,158,1.8615524060365116,124.36328125
665.8525960999978,133,133,133,133,133,94,0,160,1.6646654660927918,124.39453125
670.8784712000052,134,134,134,134,134,94,0,161,1.9430695760795222,124.421875
675.8617339000048,135,135,135,135,135,95,0,162,1.8029101696767253,124.4375
680.9713905000099,136,136,136,136,136,96,0,163,2.025882228561044,124.4453125
685.8479944999999,137,137,137,137,137,97,0,164,1.7622406904512964,124.46484375
690.9316005000001,138,138,138,138,138,98,0,166,2.0362637269685546,124.4921875
695.8937371000065,139,139,139,139,139,98,0,167,1.889307118225593,124.50390625
700.8793967000092,140,140,140,140,140,99,0,168,2.0762674010063606,124.515625
705.9705155999982,141,141,141,141,141,99,0,169,1.9181687153331288,124.53125
710.9770458999992,142,142,142,142,142,99,0,170,2.2626698174577444,124.54296875
715.8305353000032,143,143,143,143,143,99,0,171,1.8108749758457678,124.54296875
720.9053949000081,144,144,144,144,144,99,0,172,2.2322046111362686,124.5625
725.8539099000045,145,145,145,145,145,100,0,174,1.815569923503622,124.5703125
730.9072577000043,146,146,146,146,146,100,0,175,1.9711561313868957,124.56640625
735.8741381,147,147,147,147,147,100,0,176,1.7302107777766123,124.5703125
740.8909463000018,148,148,148,148,148,100,0,177,1.479401783787008,124.58984375
745.8754896000028,149,149,149,149,149,100,0,178,1.9591814961258613,124.60546875
750.8888719000097,150,150,150,150,150,100,0,179,1.753120343522947,124.61328125
755.957672900011,151,151,151,151,151,100,0,180,2.2734049926199784,124.6328125
760.910480999999,152,152,152,152,152,101,0,182,1.8139961853199418,124.63671875
765.9504199000075,153,153,153,153,153,102,0,183,1.9764004480258823,124.69921875
770.9147337000031,154,154,154,154,154,103,0,184,1.9671651296516945,124.70703125
775.9432454000053,155,155,155,155,155,104,0,185,2.0974148275314817,124.69921875
780.8991710999981,156,156,156,156,156,105,0,186,1.418756136721382,124.703125
785.9522958000016,157,157,157,157,157,106,0,187,2.203154119666235,117.73828125
790.921151100003,158,158,158,158,158,107,0,188,1.9260598109985625,117.75390625
795.886763100003,159,159,159,159,159,108,0,189,1.8879848042899983,117.7734375
800.9195325000037,160,160,160,160,160,109,0,191,1.901599644124106,117.8125
805.9247604999982,161,161,161,161,161,110,0,192,2.302280235787978,117.83203125
810.9212658000033,162,162,162,162,162,111,0,193,1.8763114291083536,117.83984375
815.9300839000061,163,163,163,163,163,112,0,194,2.261636332929241,117.86328125
820.8887695000012,164,164,164,164,164,113,0,195,2.0875617724201496,117.8671875
825.9444313999993,165,165,165,165,165,114,0,196,2.1634160306495462,117.875
830.9015790999983,166,166,166,166,166,115,0,197,2.088209415265557,117.9140625
835.9115973000007,167,167,167,167,167,116,0,198,2.2610945804537446,117.92578125
840.8631845000054,168,168,168,168,168,117,0,199,1.8538878806357775,117.98828125
845.9582273999986,169,169,169,169,169,118,0,200,1.878357589494075,117.99609375
850.9395596000104,170,170,170,170,170,119,0,201,2.3133244355742133,118.0078125
855.8849096000049,171,171,171,171,171,120,0,202,1.856226050736591,118.00390625
860.8696209000045,172,172,172,172,172,121,0,203,1.8807508470953411,118.0234375
866.0236911000102,173,173,173,173,173,122,0,204,2.084214433087892,118.0625
870.9059788000013,174,174,174,174,174,123,0,206,1.6401762845754735,118.0703125
875.8653634000075,175,175,175,175,175,124,0,207,1.6934434768357283,118.12109375
880.9557062000094,176,176,176,176,176,125,0,209,1.8800919458697969,118.15234375
885.9808539000078,177,177,177,177,177,126,0,210,1.826749788867505,118.1640625
890.9572391000111,178,178,178,178,178,127,0,211,1.883897572879572,118.17578125
895.884638500007,179,179,179,179,179,128,0,213,1.7837122154147436,118.1875
900.9333214000071,180,180,180,180,180,129,0,214,2.2050924410403576,118.2109375
905.8932342000044,181,181,181,181,181,130,0,216,1.535750285772003,118.23046875
910.9344042000012,182,182,182,182,182,131,0,217,1.549739445407512,118.265625
915.9776393000066,183,183,183,183,183,132,0,218,1.6265601022627738,118.29296875
920.9656996999984,184,184,184,184,184,133,0,219,1.840332065749459,118.30078125
925.9278996000066,185,185,185,185,185,134,0,220,1.9286430802564092,118.3125
930.9464583000081,186,186,186,186,186,135,0,221,2.179410594519267,118.31640625
935.8936848000012,187,187,187,187,187,136,0,222,2.0923971239267884,118.32421875
940.9636289000046,188,188,188,188,188,137,0,223,2.234368816806587,118.33203125
945.9644586000068,189,189,189,189,189,137,0,224,1.6794088188998482,118.3515625
950.9059373000055,190,190,190,190,190,137,0,225,1.7786300485322981,118.3515625
955.9122922000097,191,191,191,191,191,137,0,226,2.067684514334224,118.36328125
960.9239856000058,192,192,192,192,192,138,0,228,1.94856792317094,118.3671875
965.9599918000022,193,193,193,193,193,139,0,229,2.48212561771848,118.37890625
970.9118605000112,194,194,194,194,194,140,0,230,1.9326668536228486,118.41796875
975.9351683999994,195,195,195,195,195,140,0,231,2.0995876044199684,118.44921875
980.8628724000009,196,196,196,196,196,140,0,232,1.8232375564760366,118.46875
985.9089982000005,197,197,197,197,197,141,0,234,1.857860935611394,118.46875
990.9030334999989,198,198,198,198,198,142,0,235,1.7599119693853364,118.48046875
996.025853900006,199,199,199,199,199,143,0,236,2.249432265863515,118.49609375
1000.9695695000119,200,200,200,200,200,144,0,237,2.2519120031878255,118.5
1005.9490326000086,201,201,201,201,201,144,0,238,2.2357455565856434,118.50390625
1010.9333105000114,202,202,202,202,202,144,0,239,2.0376572502095707,118.5078125
1015.9332410000061,203,203,203,203,203,144,0,240,2.1875304066749885,118.51171875
1020.9357850000088,204,204,204,204,204,144,0,241,2.264472836219721,118.515625
1025.9430452000088,205,205,205,205,205,144,0,242,2.1843282679817517,118.51953125
1030.8964084000036,206,206,206,206,206,144,0,243,1.537780936396512,118.51953125
1035.9203357000079,207,207,207,207,207,144,0,244,1.8660699966721248,118.53125
1040.9343053000048,208,208,208,208,208,144,0,245,1.363378330017037,118.53515625
1045.9965195000113,209,209,209,209,209,145,0,247,1.581879427383696,118.55078125
1050.9774038000032,210,210,210,210,210,146,0,248,2.1566828002845804,118.56640625
1055.9008321000001,211,211,211,211,211,147,0,249,1.745480887780053,118.56640625
1060.9485891000077,212,212,212,212,212,148,0,250,1.8572605614703672,118.56640625
1065.9793748000084,213,213,213,213,213,149,0,251,2.0576433021185037,118.5703125
1070.98192440001,214,214,214,214,214,150,0,252,2.0692573442943116,118.5703125
1075.9498694000067,215,215,215,215,215,151,0,253,1.6905254587169536,118.59375
1081.0357857000054,216,216,216,216,216,151,0,254,2.457767541318628,118.59375
1085.9923429000046,217,217,217,217,217,151,0,255,1.970243579555892,118.6015625
1090.9524780000065,218,218,218,218,218,151,0,256,1.6538108004350123,118.6015625
1095.994234800004,219,219,219,219,219,152,0,258,2.4792945189276336,118.625
1100.9340116000094,220,220,220,220,220,153,0,259,1.7792428394721165,118.62890625
1105.9354941000056,221,221,221,221,221,154,0,260,1.9134951486898675,118.6328125
1110.8980153000011,222,222,222,222,222,155,0,262,1.692373122760172,118.640625
1115.9269539000088,223,223,223,223,223,156,0,263,1.7865350354419287,118.64453125
1120.9345944000088,224,224,224,224,224,157,0,264,1.6771246857676854,118.65234375
1125.981383899998,225,225,225,225,225,158,0,265,2.2059197238211983,118.65625
1130.9647935000103,226,226,226,226,226,159,0,266,1.4893166718589166,118.65625
1135.9287063000083,227,227,227,227,227,160,0,267,1.9279775623785578,118.66015625
1140.9604191000108,228,228,228,228,228,161,0,268,1.9408152627461757,118.671875
1145.9302516000025,229,229,229,229,229,162,0,269,1.9256810969013303,118.6796875
1150.9451857000095,230,230,230,230,230,163,0,270,1.7525778653777,118.68359375
1155.939071300003,231,231,231,231,231,164,0,271,1.9164060346140932,118.69140625
1161.0122454000084,232,232,232,232,232,165,0,272,1.9249536498243915,118.6953125
1165.9278820000036,233,233,233,233,233,166,0,274,1.4701173190888568,118.71484375
1170.9366572,234,234,234,234,234,167,0,275,1.715738809760585,118.72265625
1176.0082574999979,235,235,235,235,235,168,0,276,2.1181060936533846,118.72265625
1181.036082400009,236,236,236,236,236,169,0,277,2.058855013025011,118.73828125
1185.9860437000025,237,237,237,237,237,170,0,278,1.4204656509151512,118.7421875
1190.9562894000119,238,238,238,238,238,171,0,279,1.7290392706307753,118.75
1195.9794839000097,239,239,239,239,239,172,0,280,2.0996350031846625,118.75390625
1200.9615843000065,240,240,240,240,240,173,0,281,1.9993449951362467,118.76953125
1205.9843907000031,241,241,241,241,241,174,0,282,1.9442567007971003,118.76953125
1211.0483378000063,242,242,242,242,242,174,0,283,2.314153321228958,118.76953125
1215.8985907000024,243,243,243,243,243,175,0,285,1.651009270054022,118.7734375
1220.9542142999999,244,244,244,244,244,176,0,286,1.8157379240029974,118.7734375
1225.9122975000064,245,245,245,245,245,177,0,287,1.7332807162228965,118.78125
1230.9736918999988,246,246,246,246,246,178,0,288,2.12237708644402,118.78515625
1235.9416731000092,247,247,247,247,247,179,0,289,2.1229699903006725,118.796875
1240.962002100001,248,248,248,248,248,180,0,291,1.672885880589456,118.80078125
1245.9925865999976,249,249,249,249,249,181,0,292,1.9024255531353123,118.80078125
1250.9421229,250,250,250,250,250,182,0,293,1.6968129923597062,118.8046875
1256.0205017999979,251,251,251,251,251,183,0,294,2.1152788540462018,118.80859375
1261.0541053000052,252,252,252,252,252,184,0,295,1.9788879874995218,118.8125
1265.9572262000002,253,253,253,253,253,185,0,296,1.712875874630913,118.82421875
1270.9824959000107,254,254,254,254,254,186,0,297,1.9821697330949437,118.828125
1276.0012270000007,255,255,255,255,255,186,0,298,1.9847521816859084,118.828125
1280.9490169000055,256,256,256,256,256,186,0,299,1.8158359957829187,118.828125
1285.991728699999,257,257,257,257,257,186,0,300,2.0527769403782945,118.83203125
1291.0280806000083,258,258,258,258,258,186,0,301,2.0941497356410856,118.83984375
1295.9493113000062,259,259,259,259,259,186,0,302,1.746260340935354,118.84375
1300.9692585000012,260,260,260,260,260,187,0,304,1.595198551093941,118.84375
1306.036825400006,261,261,261,261,261,188,0,305,2.0041669306803787,118.84765625
1311.019754000008,262,262,262,262,262,189,0,306,1.5286567622094047,118.85546875
1315.926640900012,263,263,263,263,263,189,0,307,1.910580005419033,118.85546875
1320.9563863000076,264,264,264,264,264,189,0,308,2.135731860306372,118.86328125
1325.98292390001,265,265,265,265,265,189,0,309,1.8262446698887647,118.87890625
1330.9401522000117,266,266,266,266,266,190,0,311,1.6153810184609478,118.87890625
1335.9524082999997,267,267,267,267,267,191,0,312,1.8704152008558441,118.8828125
1340.9574637000042,268,268,268,268,268,192,0,313,2.146267451902801,118.90234375
1346.0294283000112,269,269,269,269,269,193,0,314,2.040937450546404,118.92578125
1351.0224907000083,270,270,270,270,270,194,0,315,1.8776052147886964,118.9296875
1355.9632124000054,271,271,271,271,271,194,0,316,1.9765584044140279,118.9296875
1360.947664700012,272,272,272,272,272,194,0,317,2.115954645605937,118.9609375
1366.0641816999996,273,273,273,273,273,194,0,318,2.4048952637174263,118.96484375
1370.950337400005,274,274,274,274,274,194,0,319,2.0386041934743995,118.96875
1375.9350798000087,275,275,275,275,275,194,0,320,1.6064646590351832,118.97265625
1380.989518100003,276,276,276,276,276,194,0,321,1.9320890711063132,118.98046875
1385.9927452999982,277,277,277,277,277,195,0,322,2.06897709942289,118.9921875
1391.0701267000113,278,278,278,278,278,196,0,323,2.5003661336072214,118.9921875
1395.9505496000056,279,279,279,279,279,197,0,324,1.7208421630858686,119.00390625
1401.0062757999985,280,280,280,280,280,198,0,325,1.9315968890905626,119.0078125
1405.9269963999977,281,281,281,281,281,198,0,326,1.9052087614975641,119.03125
1411.0076812000043,282,282,282,282,282,198,0,327,2.3065296237201838,119.03515625
1415.962942099999,283,283,283,283,283,198,0,328,2.167834896445386,119.10546875
1421.007755300001,284,284,284,284,284,198,0,329,2.129352876732054,119.10546875
1425.9849033000064,285,285,285,285,285,198,0,330,2.1975436535116364,119.125
1430.9433577000018,286,286,286,286,286,199,0,332,2.3633876717734656,118.78515625
1435.9529516000039,287,287,287,287,287,200,0,334,1.3255815007274845,118.8515625
1441.0291157000029,288,288,288,288,288,201,0,335,1.9238197992854318,118.8828125
1445.9654934999999,289,289,289,289,289,202,0,336,1.8595998669319027,118.890625
1450.954033300004,290,290,290,290,290,203,0,337,1.526937301370946,118.8984375
1455.9470610999997,291,291,291,291,291,204,0,338,1.5646818549672123,118.90234375
1460.986248000001,292,292,292,292,292,205,0,339,2.441800184072684,118.90234375
1466.0147815000091,293,293,293,293,293,206,0,341,1.6313155714259164,118.9140625
1470.9558261000057,294,294,294,294,294,206,0,342,1.9369006505237214,118.921875
1475.9652667000046,295,295,295,295,295,207,0,344,1.6765220252340756,118.93359375
1480.9083784000104,296,296,296,296,296,208,0,345,1.6990183531539649,118.9453125
1485.9780775000108,297,297,297,297,297,209,0,346,2.3115277196626907,118.95703125
1490.9234799000114,298,298,298,298,298,210,0,347,1.6587376186008644,118.95703125
1496.0444401999994,299,299,299,299,299,211,0,348,1.7162918642467742,118.96484375
1500.9543644000078,300,300,300,300,300,212,0,349,1.7900607304660592,118.96875
1505.9713136000064,301,301,301,301,301,213,0,351,1.8686655228644833,118.96484375
1510.9307302000088,302,302,302,302,302,214,0,352,2.0478719210632557,118.9765625
1515.9517505000113,303,303,303,303,303,215,0,353,1.8671503877400142,118.99609375
1520.9554971000034,304,304,304,304,304,216,0,354,1.873596076990529,119.0
1526.0006074999983,305,305,305,305,305,217,0,355,2.593786153819998,119.0
1530.9397439000022,306,306,306,306,306,218,0,356,1.8585612456446272,119.0
1535.9965707000083,307,307,307,307,307,218,0,357,2.162917662117046,119.0
1540.9618723000021,308,308,308,308,308,218,0,358,2.0061092562861367,119.0234375
1545.9867494000064,309,309,309,309,309,219,0,360,1.6713717236970682,119.03125
1550.9876169000054,310,310,310,310,310,220,0,361,1.366950334117303,119.03125
1555.978777299999,311,311,311,311,311,221,0,362,2.4652959460120623,119.03125
1561.0482546999992,312,312,312,312,312,222,0,364,1.9263573401075575,119.03515625
1566.010724000007,313,313,313,313,313,223,0,365,1.8498225268588717,119.0390625
1570.9975965000049,314,314,314,314,314,224,0,366,1.762439785658005,119.05859375
1575.9851027000113,315,315,315,315,315,225,0,368,2.0754986730616163,119.05859375
1581.023290000012,316,316,316,316,316,225,0,369,2.1709196877215655,119.1171875
1585.9751856000075,317,317,317,317,317,226,0,371,1.814330455595215,119.1171875
1590.951212800006,318,318,318,318,318,227,0,372,1.84478242000019,119.1171875
1596.0044527999999,319,319,319,319,319,228,0,373,2.0098491265034752,119.12890625
1600.9677452000033,320,320,320,320,320,229,0,375,1.8101643578350985,119.1328125
1605.9669315000065,321,321,321,321,321,230,0,376,2.109718335560578,119.12890625
1610.941531900011,322,322,322,322,322,231,0,377,1.5312159545504866,119.13671875
1615.9711085000017,323,323,323,323,323,232,0,378,1.5144788728367082,119.13671875
1621.00453250001,324,324,324,324,324,233,0,379,2.1729741027145315,119.13671875
1626.023029200005,325,325,325,325,325,234,0,380,1.984844883929066,119.140625
1630.9511501000088,326,326,326,326,326,234,0,381,2.1005090398639,119.140625
1635.9745646000083,327,327,327,327,327,234,0,382,1.9440213424556132,119.171875
1640.9478797000047,328,328,328,328,328,234,0,383,1.6494279640568001,119.17578125
1645.9763630000089,329,329,329,329,329,235,0,385,2.1362679080571123,119.1796875
1650.9814248000039,330,330,330,330,330,236,0,386,1.7560347606514561,119.1796875
1656.0059760000004,331,331,331,331,331,237,0,387,1.9824531791032298,119.1875
1661.0017988000036,332,332,332,332,332,238,0,388,1.6419967897970087,119.20703125
1665.9513568000111,333,333,333,333,333,239,0,389,1.7362661473988041,119.20703125
1670.979652599999,334,334,334,334,334,240,0,390,1.6313926877610543,119.20703125
1675.9906958000065,335,335,335,335,335,240,0,391,1.520080190086715,119.20703125
1681.031268000006,336,336,336,336,336,241,0,392,2.131144456179177,119.20703125
1685.9428830000106,337,337,337,337,337,241,0,393,1.4713210420591463,119.20703125
1691.0308232000098,338,338,338,338,338,242,0,394,1.7658177271819195,119.20703125
1695.989328399999,339,339,339,339,339,243,0,396,1.9694695490126874,119.2109375
1701.0090134000056,340,340,340,340,340,244,0,397,1.7898284454080746,119.2109375
1706.0617641999997,341,341,341,341,341,245,0,398,1.7008062222285003,119.2109375
1711.0968899,342,342,342,342,342,246,0,400,2.017079732488025,119.20703125
1715.9287358000001,343,343,343,343,343,247,0,401,1.778564585430935,119.2109375
1720.964482100011,344,344,344,344,344,247,0,402,1.9392607208942954,119.2109375
1725.9577453000093,345,345,345,345,345,247,0,403,1.7601841016518416,119.2109375
1731.0114642000117,346,346,346,346,346,247,0,404,2.1256005156905045,119.2109375
1735.9780484000075,347,347,347,347,347,247,0,405,1.612338012915736,119.2109375
1740.9670360000018,348,348,348,348,348,247,0,406,1.56594897129208,119.2265625
1745.9789530999988,349,349,349,349,349,247,0,407,1.6367239992866232,119.234375
1750.9716180000105,350,350,350,350,350,247,0,408,1.9559944830218932,119.234375
1756.0890197000117,351,351,351,351,351,247,0,409,2.3281468210707756,119.234375
1761.022687100005,352,352,352,352,352,247,0,410,1.9793845446519756,119.234375
1766.0156877000118,353,353,353,353,353,247,0,411,1.9949802329257627,119.234375
1771.0174760000082,354,354,354,354,354,247,0,412,1.9524266950696447,119.234375
1776.037522700004,355,355,355,355,355,247,0,413,2.4122036553982564,119.23046875
1780.9555775000044,356,356,356,356,356,248,0,415,1.6282479202955127,119.28515625
1786.0084500000085,357,357,357,357,357,249,0,416,1.7007652577802372,119.28515625
1791.0259496000072,358,358,358,358,358,250,0,417,2.024165582395389,119.28515625
1795.99161930001,359,359,359,359,359,251,0,418,2.1632907843214024,119.3515625
1801.0179002000077,360,360,360,360,360,251,0,419,1.748621431007536,119.3515625
1806.0013469000114,361,361,361,361,361,251,0,420,1.7244590977552998,119.35546875
1811.0103808999993,362,362,362,362,362,251,0,421,2.3395229499397208,119.36328125
1815.9848281000013,363,363,363,363,363,251,0,422,2.120210462781812,119.36328125
1821.0031409000076,364,364,364,364,364,252,0,423,1.7124779467691431,119.36328125
1825.9983967000007,365,365,365,365,365,253,0,425,1.8767807646633055,119.3671875
1830.96938580001,366,366,366,366,366,253,0,426,1.8466521079241132,119.3671875
1836.0536176000023,367,367,367,367,367,254,0,428,1.613444335880295,119.3671875
1840.965597500006,368,368,368,368,368,255,0,429,1.7495490972985508,119.3671875
1846.0261825000052,369,369,369,369,369,256,0,430,2.277095928633088,119.3671875
1851.0360805000091,370,370,370,370,370,257,0,432,2.14419285582095,119.3671875
1855.9911284000118,371,371,371,371,371,258,0,433,2.0102605869853662,119.3671875
1860.9854534000042,372,372,372,372,372,259,0,434,1.798916770537299,119.3671875
1866.1521702000027,373,373,373,373,373,260,0,435,1.1340615765899258,119.3671875
1871.0594170000113,374,374,374,374,374,261,0,436,1.6716348971862713,119.37109375
1875.9590854999988,375,375,375,375,375,262,0,437,1.7539451903780838,119.37890625
1881.0542047000054,376,376,376,376,376,263,0,438,1.8016629522599044,119.37890625
1886.0555126000108,377,377,377,377,377,264,0,440,2.0697710892761965,119.3828125
1891.0729987000086,378,378,378,378,378,265,0,441,1.9073919307926446,119.38671875
1896.6541870000074,379,379,379,379,379,266,0,442,1.6797498124193528,119.38671875
1901.0274451000005,380,380,380,380,380,267,0,444,1.6971042710723374,119.38671875
1906.0052475999983,381,381,381,381,381,268,0,445,2.158018021005211,119.38671875
1910.9893831000081,382,382,382,382,382,268,0,446,1.8417812878445663,119.38671875
1916.0159358000092,383,383,383,383,383,269,0,448,1.8650953366107244,119.38671875
1921.0866582000017,384,384,384,384,384,270,0,449,2.1184728037992864,119.38671875
1926.010198200005,385,385,385,385,385,271,0,451,1.6264339276200555,119.390625
1930.980893800006,386,386,386,386,386,272,0,452,1.53241882283007,119.38671875
1935.9681610000116,387,387,387,387,387,273,0,454,1.762300303458806,119.3984375
1941.040987100001,388,388,388,388,388,274,0,455,2.1560959876039716,119.3984375
1946.0538765000092,389,389,389,389,389,275,0,456,2.1429133265901634,119.40625
1951.006317899999,390,390,390,390,390,276,0,457,2.1690690777324892,119.41796875
1955.9902142000064,391,391,391,391,391,277,0,458,1.9202471166957569,119.41796875
1961.0078286000062,392,392,392,392,392,278,0,459,1.7905670471609945,119.41796875
1966.0617963999975,393,393,393,393,393,278,0,460,1.6231059089877875,119.41796875
1971.0214466000034,394,394,394,394,394,278,0,461,1.7327330866983033,119.41796875
1976.0188590000034,395,395,395,395,395,278,0,462,1.9932190307127624,119.41796875
1980.9730607000092,396,396,396,396,396,278,0,463,2.2077219827338084,119.41796875
1986.0124492000032,397,397,397,397,397,278,0,464,1.976616309699473,119.41796875
1990.9784454000037,398,398,398,398,398,278,0,465,1.8485087644648304,119.4140625
1996.0699169,399,399,399,399,399,279,0,467,2.0714787463718,119.421875
2001.0373985000042,400,400,400,400,400,280,0,469,2.0838652930271846,119.421875
2006.0138799999986,401,401,401,401,401,281,0,471,2.080096650617838,119.421875
2010.9747279000003,402,402,402,402,402,281,0,472,1.9685394910004577,119.42578125
2016.015081400008,403,403,403,403,403,282,0,474,2.1312369261369155,119.42578125
2021.0030598000012,404,404,404,404,404,283,0,475,1.957832255250625,119.4296875
2026.014412500008,405,405,405,405,405,284,0,476,1.8707523818843361,119.4296875
2030.9811048999982,406,406,406,406,406,285,0,477,1.572978427255791,119.4453125
2036.024895800001,407,407,407,407,407,286,0,478,1.9361676948174682,119.4453125
2040.9726418000064,408,408,408,408,408,287,0,479,1.8948021988173993,119.4453125
2045.9958037000033,409,409,409,409,409,288,0,480,1.7497071914017714,119.4453125
2051.018939500005,410,410,410,410,410,289,0,481,2.1774247074896604,119.4453125
2055.977199000001,411,411,411,411,411,290,0,482,1.693827743386045,119.4453125
2061.0481777000095,412,412,412,412,412,291,0,483,2.041334249734124,119.4453125
2066.0617383000063,413,413,413,413,413,292,0,485,2.2205401287075914,119.4453125
2070.98918080001,414,414,414,414,414,292,0,486,1.8629720184441763,119.4453125
2076.01841840001,415,415,415,415,415,293,0,487,1.7864288217364057,119.4453125
2081.1395545999985,416,416,416,416,416,294,0,488,2.250172041904643,119.4453125
2086.0428604000044,417,417,417,417,417,295,0,489,2.310303591504806,119.44921875
2091.000818200002,418,418,418,418,418,296,0,491,1.8908995151198487,119.44921875
2096.0990476000006,419,419,419,419,419,296,0,492,1.8005638388893193,119.44921875
2101.0291664000106,420,420,420,420,420,297,0,493,1.663879783177526,119.44921875
2106.0249200000108,421,421,421,421,421,297,0,494,2.2675507855310584,119.44921875
2111.007070000007,422,422,422,422,422,297,0,495,1.960122637818509,119.44921875
2116.068264200003,423,423,423,423,423,297,0,496,2.083870838231901,119.44921875
2121.0003455999977,424,424,424,424,424,297,0,497,1.9800210515605692,119.44921875
2126.0268728000083,425,425,425,425,425,298,0,499,1.8651047983944502,119.453125
2131.0442461000057,426,426,426,426,426,298,0,500,2.1799255000630775,119.453125
2136.0108582000103,427,427,427,427,427,298,0,501,1.6123289555857674,119.453125
2140.9844928000093,428,428,428,428,428,298,0,502,1.6885915784809742,119.453125
2145.999385400006,429,429,429,429,429,298,0,503,1.791538865659101,119.515625
2151.0218184000114,430,430,430,430,430,298,0,504,1.8277371743913473,119.515625
2156.0543181000103,431,431,431,431,431,298,0,505,1.591219667633916,119.515625
2161.0656860000017,432,432,432,432,432,299,0,507,2.0266422666787878,119.515625
2166.0581325000094,433,433,433,433,433,300,0,508,2.190809656144187,119.515625
2171.068974900001,434,434,434,434,434,301,0,509,2.1827667140395124,119.515625
2176.0614621999994,435,435,435,435,435,302,0,510,1.7995789393401733,119.515625
2181.122334200001,436,436,436,436,436,303,0,511,2.3927447680944325,119.515625
2185.9921418000013,437,437,437,437,437,304,0,512,1.7647001084806508,119.51953125
2191.065171200011,438,438,438,438,438,305,0,513,1.7325077004252059,119.51953125
2196.0696450000105,439,439,439,439,439,306,0,514,1.9123514044574674,119.51953125
2201.042082,440,440,440,440,440,307,0,516,2.042509538083955,119.51953125
2206.098488500007,441,441,441,441,441,308,0,517,2.0858439684359045,119.51953125
2211.1260420000035,442,442,442,442,442,309,0,518,2.097814573232784,119.51953125
2215.980314100001,443,443,443,443,443,310,0,519,1.891053346598455,119.515625
2221.0271777000016,444,444,444,444,444,311,0,520,1.7027902240114312,119.51953125
2226.0002462999983,445,445,445,445,445,312,0,521,1.5316875982778868,119.51953125
2231.0822948999994,446,446,446,446,446,313,0,522,1.6141374563002315,119.5234375
2236.0217296000046,447,447,447,447,447,314,0,523,1.7002831315881393,119.5234375
2241.0003479000006,448,448,448,448,448,315,0,524,1.490749953658014,119.5234375
2246.009213199999,449,449,449,449,449,316,0,525,1.7547013092970873,119.5234375
2251.011545500005,450,450,450,450,450,317,0,526,1.5617714960660878,119.53125
2256.1056326000107,451,451,451,451,451,318,0,527,2.3004612543799787,119.53125
2261.1033341,452,452,452,452,452,319,0,528,1.875862333918846,119.53515625
2266.0415499000082,453,453,453,453,453,320,0,529,1.8589077253337243,119.53515625
2271.049034399999,454,454,454,454,454,321,0,531,2.223234540220824,119.53515625
2276.0785067000106,455,455,455,455,455,322,0,532,1.941679845811573,119.53515625
2281.0151971000014,456,456,456,456,456,323,0,534,1.819918664540277,119.53125
2286.078916600003,457,457,457,457,457,324,0,535,1.9285477799464643,119.53515625
2291.079988199999,458,458,458,458,458,325,0,536,1.8745982361075122,119.53515625
2296.0569256000017,459,459,459,459,459,326,0,538,1.9229320625964064,119.53515625
2301.108655700009,460,460,460,460,460,327,0,539,2.165099833814217,119.5390625
2306.056106700009,461,461,461,461,461,328,0,541,1.8554377799800337,119.5390625
2311.0387838000024,462,462,462,462,462,329,0,542,1.959915283294764,119.5390625
2316.0211666000105,463,463,463,463,463,330,0,543,1.920830430769898,119.5390625
2321.0332363000052,464,464,464,464,464,331,0,544,1.9873900596415144,119.5390625
2326.037571599998,465,465,465,465,465,332,0,545,1.8343470110832052,119.5390625
2331.0478259000083,466,466,466,466,466,333,0,546,1.4423544329846054,119.5390625
2336.043437500004,467,467,467,467,467,334,0,547,1.9157439101166578,119.4453125
2341.003744600006,468,468,468,468,468,335,0,548,1.4568780428931811,119.4609375
2346.079202500012,469,469,469,469,469,335,0,549,1.9240874798683145,119.484375
2351.095244199998,470,470,470,470,470,335,0,550,1.9858163260539925,119.48828125
2356.036813300001,471,471,471,471,471,335,0,551,2.0157438454101015,119.5
2361.0751847000065,472,472,472,472,472,336,0,553,1.7831902983552066,119.5
2366.141770900009,473,473,473,473,473,337,0,554,1.8503583339795255,119.50390625
2371.0777333000005,474,474,474,474,474,338,0,555,2.2950184952825126,119.55859375
2376.029785400009,475,475,475,475,475,338,0,556,1.853713837135131,119.5625
2381.080089100011,476,476,476,476,476,338,0,557,2.0496910908539148,119.5625
2386.0709295999986,477,477,477,477,477,339,0,559,1.8393069263628825,119.5625
2391.1253462000022,478,478,478,478,478,340,0,560,2.2412329446670305,119.5703125
2396.0321938999987,479,479,479,479,479,341,0,561,1.7911830644359288,119.57421875
2401.048004199998,480,480,480,480,480,342,0,562,1.9859079399396609,119.57421875
2406.044004200012,481,481,481,481,481,342,0,563,1.720126100875975,119.57421875
2411.0346950000094,482,482,482,482,482,342,0,564,1.8784974617150447,119.57421875
2416.0699867000076,483,483,483,483,483,342,0,565,1.9394358026970901,119.578125
2421.1094640000083,484,484,484,484,484,342,0,566,2.3253899764561514,119.578125
2426.079680900002,485,485,485,485,485,342,0,567,2.122015037213586,119.578125
2431.081260799998,486,486,486,486,486,342,0,568,2.382059816741153,119.578125
2436.024893300011,487,487,487,487,487,342,0,569,1.9753946111434568,119.578125
2441.0984528000117,488,488,488,488,488,342,0,570,2.0787920196853595,119.578125
2446.09411250001,489,489,489,489,489,343,0,572,2.1112076549176817,119.5859375
2451.0442828000087,490,490,490,490,490,344,0,573,1.972785663556369,119.5859375
2456.0559925999987,491,491,491,491,491,345,0,574,1.9095903158676475,119.5859375
2461.09750660001,492,492,492,492,492,346,0,575,2.0920054967567685,119.6484375
2466.061098899998,493,493,493,493,493,347,0,576,1.6920079233785281,119.6484375
2471.0687274000084,494,494,494,494,494,348,0,577,1.9111466635314485,119.64453125
2476.0796950000076,495,495,495,495,495,349,0,578,1.9098731550372394,119.6484375
2481.039822100007,496,496,496,496,496,349,0,579,1.8506960234953316,119.6484375
2486.0531847000093,497,497,497,497,497,349,0,580,1.7141688494655904,119.6484375
2491.0918046000006,498,498,498,498,498,349,0,581,1.3954714067659908,119.6484375
2496.221603500002,499,499,499,499,499,350,0,583,2.3225203818412656,119.6484375
2501.096642400007,500,500,500,500,500,351,0,584,1.8429340122784417,119.6484375
2506.10269900001,501,501,501,501,501,352,0,585,2.106822963206977,119.6484375
2511.043246900008,502,502,502,502,502,353,0,587,1.8184977014399153,119.6484375
2516.065052500009,503,503,503,503,503,354,0,588,1.7501797560618082,119.6484375
2521.065861100011,504,504,504,504,504,355,0,589,1.71847208869326,119.6484375
2526.0804007000115,505,505,505,505,505,356,0,590,2.142208130133914,119.6484375
2531.0373580000014,506,506,506,506,506,357,0,591,1.7730760965033814,119.6484375
2536.0563147000066,507,507,507,507,507,358,0,592,1.867918087436429,119.6484375
2541.0465178000013,508,508,508,508,508,359,0,593,1.8004026729913187,119.66015625
2546.1528677000024,509,509,509,509,509,360,0,594,1.8741983388169268,119.66796875
2551.0338364000054,510,510,510,510,510,361,0,595,1.8006799551889374,119.66796875
2556.042236100009,511,511,511,511,511,362,0,596,1.7938614204439787,119.66796875
2561.1024009000103,512,512,512,512,512,363,0,597,1.9299025596948787,119.671875
2566.110130300003,513,513,513,513,513,364,0,599,2.3791346433408984,119.671875
2571.0551140000025,514,514,514,514,514,365,0,600,1.8958606476299118,119.671875
2576.0911422000063,515,515,515,515,515,366,0,601,1.9779352109252517,119.67578125
2581.139911899998,516,516,516,516,516,367,0,602,2.1276841960166455,119.6796875
2586.109798900012,517,517,517,517,517,368,0,603,2.240053445876937,119.6875
2591.0481077000004,518,518,518,518,518,369,0,604,1.740221267657433,119.6875
2596.108457800001,519,519,519,519,519,370,0,605,2.045621803914114,119.6875
2601.101899500005,520,520,520,520,520,371,0,606,1.7210073765341136,119.6875
2606.0607586000115,521,521,521,521,521,372,0,607,1.8117826739598601,119.6875
2611.041405900003,522,522,522,522,522,372,0,608,1.4901426567611777,119.6875
2616.058318100011,523,523,523,523,523,373,0,610,2.1022642174171025,119.6875
2621.0926652000053,524,524,524,524,524,374,0,611,1.5906357549341874,119.69140625
2626.1281503000064,525,525,525,525,525,375,0,612,1.6678507300117262,119.69140625
2631.1133109000075,526,526,526,526,526,376,0,613,1.9589388955689468,119.69140625
2636.1053140000004,527,527,527,527,527,377,0,614,1.8388785656028757,119.69140625
2641.0508454000083,528,528,528,528,528,378,0,616,1.6981870744944807,119.69140625
2646.066801100009,529,529,529,529,529,379,0,617,1.8690356455896968,119.6953125
2651.0606052000076,530,530,530,530,530,380,0,618,1.7599934486822062,119.69921875
2656.098975700006,531,531,531,531,531,381,0,619,1.9770156839404405,119.69921875
2661.1122636000073,532,532,532,532,532,382,0,620,1.8310712815830656,119.69921875
2666.069153900011,533,533,533,533,533,383,0,621,1.9307089567814504,119.69921875
2671.1843311999983,534,534,534,534,534,384,0,622,1.8709639839900678,119.69921875
2676.0780169000063,535,535,535,535,535,384,0,623,2.0354673574528066,119.69921875
2681.1551775000116,536,536,536,536,536,384,0,624,2.1157864299169082,119.69921875
2686.069493800009,537,537,537,537,537,384,0,625,2.066665916478734,119.6953125
2691.1128382000024,538,538,538,538,538,384,0,626,2.0137926729756495,119.69921875
2696.099513699999,539,539,539,539,539,384,0,627,1.8016762871388081,119.69921875
2701.085253199999,540,540,540,540,540,385,0,629,1.997885669718641,119.69921875
2706.118473300012,541,541,541,541,541,386,0,630,2.2506714935774617,119.69921875
2711.1814300999977,542,542,542,542,542,387,0,631,2.3917594951696737,119.6953125
2716.0489248000085,543,543,543,543,543,387,0,632,1.6451610106493024,119.69921875
2721.071870800006,544,544,544,544,544,387,0,633,1.7497823986172043,119.69921875
2726.0677371000056,545,545,545,545,545,387,0,634,1.9938358838787331,119.69921875
2731.114360899999,546,546,546,546,546,388,0,636,2.360798619468178,119.70703125
2736.097904800001,547,547,547,547,547,389,0,637,1.9203829026161037,119.70703125
2741.076535900007,548,548,548,548,548,390,0,638,1.6084366041882632,119.7109375
2746.0668368000042,549,549,549,549,549,391,0,639,1.8395058101616841,119.7109375
2751.0911324000044,550,550,550,550,550,392,0,640,2.0991748574665086,119.71484375
2756.188049000004,551,551,551,551,551,392,0,641,1.8010276055921426,119.71875
2761.1761482,552,552,552,552,552,392,0,642,1.4487607824650892,119.71875
2766.0895230000024,553,553,553,553,553,392,0,643,1.7093012118668895,119.72265625
2771.1316109000036,554,554,554,554,554,392,0,644,1.975558081801314,119.72265625
2776.1388088000094,555,555,555,555,555,392,0,645,2.4183935290406344,119.72265625
2781.101438700003,556,556,556,556,556,392,0,646,1.771049358327332,119.72265625
2786.1395255000098,557,557,557,557,557,393,0,647,2.1321957970208048,119.72265625
2791.1377800000046,558,558,558,558,558,394,0,648,1.9928832155326148,119.72265625
2796.0895076000015,559,559,559,559,559,395,0,649,2.0116085343640715,119.72265625
2801.115623500009,560,560,560,560,560,396,0,650,2.0595550731300696,119.73046875
2806.128060700008,561,561,561,561,561,396,0,651,1.8703476225101952,119.73046875
2811.088566700011,562,562,562,562,562,396,0,652,1.8505546611564025,119.73046875
2816.0701606000075,563,563,563,563,563,396,0,653,1.7643073033324548,119.73046875
2821.0823231000104,564,564,564,564,564,396,0,654,1.7535469969289577,119.73046875
2826.106799000001,565,565,565,565,565,396,0,655,2.1379717434847274,119.73046875
2831.07596680001,566,566,566,566,566,397,0,657,1.729414329696092,119.73046875
2836.1002893000114,567,567,567,567,567,398,0,659,1.9825434175448415,119.79296875
2841.0649850000045,568,568,568,568,568,399,0,660,1.652291599666679,119.79296875
2846.1898098000092,569,569,569,569,569,400,0,661,1.791219770086882,119.79296875
2851.1486078000016,570,570,570,570,570,401,0,662,1.8511920630794192,119.79296875
2856.0954420000053,571,571,571,571,571,402,0,663,1.9346337704208763,119.79296875
2861.082024500007,572,572,572,572,572,403,0,664,1.6058718571281112,119.79296875
2866.1862188000086,573,573,573,573,573,404,0,666,2.104580442793123,119.79296875
2871.114105600005,574,574,574,574,574,404,0,667,1.506096893298217,119.79296875
2876.116281200011,575,575,575,575,575,405,0,669,2.147503078457919,119.79296875
2881.1618079000036,576,576,576,576,576,406,0,670,2.0903417278548386,119.79296875
2886.1809443000093,577,577,577,577,577,407,0,671,1.6343698091151184,119.79296875
2891.163627700007,578,578,578,578,578,408,0,672,1.9599128052174404,119.79296875
2896.1142043,579,579,579,579,579,409,0,673,2.090981179851815,119.95703125
2901.115617000003,580,580,580,580,580,410,0,674,1.9916247863316232,119.95703125
2906.097311000005,581,581,581,581,581,411,0,676,1.6858597697885158,119.95703125
2911.101119900006,582,582,582,582,582,412,0,677,1.4832450935523736,119.95703125
2916.1548742000014,583,583,583,583,583,413,0,678,2.0096445923398107,119.95703125
2921.227992100001,584,584,584,584,584,414,0,679,2.271470469866502,119.95703125
2926.1157120999997,585,585,585,585,585,415,0,680,2.1578312587469357,119.95703125
2931.1108347000118,586,586,586,586,586,416,0,681,1.7595288852327053,119.95703125
2936.0966967999993,587,587,587,587,587,416,0,682,2.2328761359099265,119.95703125
2941.1379633000033,588,588,588,588,588,416,0,683,1.5497097802692685,119.95703125
2946.1108851000026,589,589,589,589,589,417,0,685,1.8852096166083478,119.95703125
2951.1124620000046,590,590,590,590,590,418,0,686,2.0696597707007034,119.95703125
2956.1256756000075,591,591,591,591,591,419,0,687,1.7921388787413235,119.953125
2961.1195265999995,592,592,592,592,592,420,0,689,1.759976919618566,119.95703125
2966.168179600005,593,593,593,593,593,421,0,690,1.8569309477181697,119.95703125
2971.122475700002,594,594,594,594,594,422,0,691,2.0499884938258193,119.96484375
2976.179351800005,595,595,595,595,595,423,0,693,2.047027116205908,119.96875
2981.094664300006,596,596,596,596,596,423,0,694,1.9867760188182717,119.96875
2986.134596200005,597,597,597,597,597,424,0,696,2.208921215781187,119.96875
2991.090199600003,598,598,598,598,598,425,0,697,1.8129729671272239,119.96875
2996.200641000003,599,599,599,599,599,426,0,698,1.9491344720242272,119.96875
3001.159104899998,600,600,600,600,600,427,0,700,1.9300962340392784,119.97265625
3006.1359033000044,601,601,601,601,601,428,0,701,1.805251946711061,119.97265625
3011.0850777000014,602,602,602,602,602,429,0,702,1.5390824578751217,119.97265625
3016.1184410999995,603,603,603,603,603,430,0,703,1.746160926906927,119.97265625
3021.1452912000095,604,604,604,604,604,431,0,704,1.47644645301541,119.97265625
3026.160577500006,605,605,605,605,605,432,0,705,2.29766294698025,119.96875
3031.1098797000013,606,606,606,606,606,432,0,706,1.933669053388857,119.97265625
3036.147691200007,607,607,607,607,607,432,0,707,1.8221577960964754,119.97265625
3041.1223675000074,608,608,608,608,608,432,0,708,2.316419562816448,119.97265625
3046.173166599998,609,609,609,609,609,433,0,710,2.1268292971740688,119.97265625
3051.111467900002,610,610,610,610,610,434,0,711,1.6611228237517535,119.97265625
3056.1189374000096,611,611,611,611,611,435,0,712,2.0672242736544564,119.96875
3061.182744000005,612,612,612,612,612,436,0,713,1.9285146079647888,119.97265625
3066.1590641000075,613,613,613,613,613,437,0,714,2.1194124951879685,119.97265625
3071.144374299998,614,614,614,614,614,438,0,715,1.919702509187488,119.9765625
3076.1286509000056,615,615,615,615,615,438,0,716,2.037657781669832,119.9765625
3081.233556600011,616,616,616,616,616,439,0,717,2.2955859889806454,119.9765625
3086.1501276000054,617,617,617,617,617,439,0,718,1.9068167631487238,119.984375
3091.1167720000085,618,618,618,618,618,440,0,719,2.0448917180367476,119.984375
3096.191321899998,619,619,619,619,619,441,0,721,1.924431760937102,119.984375
3101.201096500008,620,620,620,620,620,442,0,722,1.8713416767255433,119.98828125
3106.149067300008,621,621,621,621,621,443,0,723,2.052609122107232,119.98828125
3111.1108093000075,622,622,622,622,622,444,0,725,2.0862758482809136,119.98828125
3116.163680400001,623,623,623,623,623,445,0,726,1.9326883284263563,119.98828125
3121.093234900007,624,624,624,624,624,445,0,727,1.4263459304469757,119.98828125
3126.1489429000067,625,625,625,625,625,445,0,728,2.008867996332119,119.984375
3131.1479259000043,626,626,626,626,626,445,0,729,1.9925927933750975,119.98828125
3136.1355899000046,627,627,627,627,627,445,0,730,1.6055236479441362,119.98828125
3141.1394833000086,628,628,628,628,628,445,0,731,1.9906374304440624,120.05078125
3146.1917421000107,629,629,629,629,629,445,0,732,1.507679594718453,120.05078125
3151.1666875000083,630,630,630,630,630,445,0,733,1.491850543727313,120.05078125
3156.1380505999987,631,631,631,631,631,445,0,734,1.650075610050656,120.05078125
3161.236299199998,632,632,632,632,632,445,0,735,2.681680724631933,120.05078125
3166.140482200004,633,633,633,633,633,445,0,736,2.1107618740955028,120.0546875
3171.1465706000017,634,634,634,634,634,445,0,737,1.872719626765749,120.0546875
3176.1679454000114,635,635,635,635,635,445,0,738,2.1392921117896533,120.0546875
3181.2153090000065,636,636,636,636,636,446,0,740,1.8574053194838205,120.0546875
3186.1096694000007,637,637,637,637,637,447,0,741,1.636130535056126,120.0546875
3191.1545617000083,638,638,638,638,638,448,0,742,1.8196002915634322,120.0546875
3196.182754300011,639,639,639,639,639,449,0,743,1.8256435722043372,120.0546875
3201.136747700002,640,640,640,640,640,449,0,744,1.9318379592546082,120.0546875
3206.206512500008,641,641,641,641,641,449,0,745,2.619697466041114,120.0546875
3211.231138700008,642,642,642,642,642,449,0,746,2.0990367402852534,120.0546875
3216.105399799999,643,643,643,643,643,449,0,747,1.8031579186467437,120.0546875
3221.227430500003,644,644,644,644,644,450,0,748,1.9828561355542336,120.0546875
3226.1106118000025,645,645,645,645,645,451,0,750,1.7198700977988484,120.0546875
3231.1839139000076,646,646,646,646,646,451,0,751,2.2713879979645664,120.0546875
3236.124732299999,647,647,647,647,647,452,0,753,1.462624592721883,119.75
3241.1663021999993,648,648,648,648,648,453,0,754,2.169463126951584,119.88671875
3246.1304294,649,649,649,649,649,454,0,755,1.927894293280489,119.8984375
3251.1259792000055,650,650,650,650,650,455,0,757,1.9157676098013616,119.95703125
3256.215268800006,651,651,651,651,651,456,0,758,2.1874983298256283,119.98046875
3261.202668800004,652,652,652,652,652,457,0,759,1.8405757508929272,119.98046875
3266.1566426000063,653,653,653,653,653,458,0,760,2.1289727046992986,119.9921875
3271.194973400008,654,654,654,654,654,459,0,761,2.364684450650919,120.01171875
3276.2153468000033,655,655,655,655,655,460,0,762,2.256430766685789,120.01953125
3281.1430729999993,656,656,656,656,656,461,0,763,1.3079688761939097,120.015625
3286.2170560000086,657,657,657,657,657,462,0,765,1.5397174172608874,120.01953125
3291.1796761000005,658,658,658,658,658,463,0,766,1.8891230461133395,120.01953125
3296.1592776000034,659,659,659,659,659,464,0,767,2.1180158693409217,120.01953125
3301.191737400004,660,660,660,660,660,465,0,769,1.630042827167529,120.01953125
3306.1756156000047,661,661,661,661,661,466,0,770,2.037820667447038,120.01953125
3311.1745198999997,662,662,662,662,662,466,0,771,1.9144820395960536,120.01953125
3316.1297643,663,663,663,663,663,467,0,773,1.8131043142896948,120.0234375
3321.1679441000015,664,664,664,664,664,468,0,774,1.8607910737915487,120.0234375
3326.1827039000054,665,665,665,665,665,469,0,776,2.0642190080553466,120.0234375
3331.195431800006,666,666,666,666,666,470,0,777,1.8312758408447858,120.0234375
3336.1811524000077,667,667,667,667,667,471,0,779,2.1545907526379917,120.0234375
3341.145747500006,668,668,668,668,668,472,0,780,1.652325080851535,120.02734375
3346.2279838000104,669,669,669,669,669,473,0,781,1.6909386916922249,120.0390625
3351.2018783000094,670,670,670,670,670,474,0,782,1.688503344813944,120.0390625
3356.174517899999,671,671,671,671,671,475,0,783,1.6889294571071485,120.0390625
3361.141655700005,672,672,672,672,672,476,0,784,1.8087629861989405,120.0390625
3366.2530002999993,673,673,673,673,673,476,0,785,2.0252131895022645,120.0390625
3371.174800599998,674,674,674,674,674,476,0,786,1.7063751042483744,120.09765625
3376.1452634000016,675,675,675,675,675,476,0,787,1.7289637496117658,120.09765625
3381.230391600009,676,676,676,676,676,476,0,788,1.9204284761169639,120.1015625
3386.2180511000042,677,677,677,677,677,476,0,789,1.879639137356767,120.10546875
3391.2670660000003,678,678,678,678,678,476,0,790,1.7020646938488184,120.1015625
3396.1656098000094,679,679,679,679,679,477,0,792,2.1131917816026964,120.10546875
3401.2156923000002,680,680,680,680,680,478,0,794,2.049780869920207,120.10546875
3406.18503220001,681,681,681,681,681,479,0,796,1.9258719855289284,120.109375
3411.175862200005,682,682,682,682,682,479,0,797,1.7610422514909303,120.109375
3416.206005800006,683,683,683,683,683,480,0,799,1.3978229170234355,120.109375
3421.283964800008,684,684,684,684,684,481,0,800,1.500049035448491,120.109375
3426.218548500008,685,685,685,685,685,482,0,801,1.899856314120248,120.11328125
3431.258687900001,686,686,686,686,686,483,0,802,1.9763218255459944,120.11328125
3436.1365843000094,687,687,687,687,687,484,0,803,1.8018140975656523,120.11328125
3441.220405400003,688,688,688,688,688,485,0,804,1.882503792277809,120.11328125
3446.218146200001,689,689,689,689,689,486,0,805,2.110328530844347,120.1171875
3451.2268035000016,690,690,690,690,690,487,0,806,1.7547741787002746,120.1171875
3456.186300000001,691,691,691,691,691,488,0,807,1.8903128573637757,120.1171875
3461.1794486,692,692,692,692,692,489,0,808,2.0340372004956335,120.1171875
3466.191046699998,693,693,693,693,693,490,0,810,2.2603817732320426,120.1171875
3471.1568842999986,694,694,694,694,694,490,0,811,1.769905342856725,120.11328125
3476.235964000007,695,695,695,695,695,491,0,812,2.1534413015772222,120.1171875
3481.1291158000095,696,696,696,696,696,492,0,813,1.636534656455095,120.1171875
3486.160431299999,697,697,697,697,697,493,0,814,1.7856910384607905,120.1171875
3491.1560832000105,698,698,698,698,698,494,0,816,1.5247634648007284,120.1171875
3496.2776114000008,699,699,699,699,699,494,0,817,2.478813354971685,120.11328125
3501.2054561000114,700,700,700,700,700,495,0,818,1.5853786950678823,120.1171875
3506.2430806000048,701,701,701,701,701,495,0,819,2.054849959542154,120.1171875
3511.1724792000023,702,702,702,702,702,495,0,820,1.7433668277514296,120.125
3516.197043699998,703,703,703,703,703,495,0,821,1.7492187631400025,120.1328125
3521.193350600006,704,704,704,704,704,495,0,822,1.9936600571883436,120.1328125
3526.195127800005,705,705,705,705,705,496,0,824,1.8743337867991212,120.13671875
3531.1727747000114,706,706,706,706,706,496,0,825,1.8049442197253427,120.13671875
3536.1924721000105,707,707,707,707,707,496,0,826,1.7509148061398125,120.1328125
3541.1972764000093,708,708,708,708,708,496,0,827,2.1073501315531034,120.203125
3546.1711240000004,709,709,709,709,709,496,0,828,1.9241266057321627,120.203125
3551.2064765000105,710,710,710,710,710,496,0,829,1.473953412394701,120.203125
3556.152895700012,711,711,711,711,711,496,0,830,1.8558248156560204,120.203125
3561.196496400007,712,712,712,712,712,497,0,832,1.8975158957387186,120.203125
3566.1959179999976,713,713,713,713,713,498,0,833,2.2268200985532514,120.203125
3571.160314400011,714,714,714,714,714,499,0,834,1.8884471030505896,120.203125
3576.2168349999993,715,715,715,715,715,500,0,835,2.00854516444045,120.203125
3581.296036300002,716,716,716,716,716,501,0,836,2.6917371831655097,120.203125
3586.238556600001,717,717,717,717,717,502,0,837,2.1339062583115327,120.203125
3591.172978100003,718,718,718,718,718,503,0,838,1.8999187645393398,120.203125
3596.2213776999997,719,719,719,719,719,504,0,839,1.9344001611929693,120.203125
