sample_id,path,corpus,speaker,reference,split,sha256,hypothesis,wer,cer,substitutions,deletions,insertions,reference_words,reference_characters,character_errors,processing_seconds,audio_duration_seconds,real_time_factor,status,error
VIVOSDEV01_R002,benchmark_data/external/vivos/selected/VIVOSDEV01/VIVOSDEV01_R002.wav,VIVOS,VIVOSDEV01,tiếng cọc cạch khựng lại của những khớp sắt,test,3346943de82410a7852b4dd817ef194d8583861f85c15ec99bbab21af21bf44c,tiếng cộc cách thuận lợi của những cướp sắt,0.5555555555555556,0.20930232558139536,5,0,0,9,43,9,1.0896753999986686,4.0625,0.268227790768903,PASS,
VIVOSDEV02_R005,benchmark_data/external/vivos/selected/VIVOSDEV02/VIVOSDEV02_R005.wav,VIVOS,VIVOSDEV02,nếu tưởng tượng bảy tám năm nữa,test,1bd8a55a4f79544872026313af860d36bf093351f90da52142909b011e2ac01f,nếu tưởng tượng 78 năm nữa,0.2857142857142857,0.22580645161290322,1,1,0,7,31,7,0.8183610999840312,2.625,0.31175660951772616,PASS,
VIVOSDEV03_R007,benchmark_data/external/vivos/selected/VIVOSDEV03/VIVOSDEV03_R007.wav,VIVOS,VIVOSDEV03,một chuyến du lịch dã ngoại tại bò cạp vàng,test,30a0cd0f7be418b0f67fb02a49487b73081b08d9b1ae0b388498a3c4e155b25f,một chuyến du lịch dã ngoại tại bò cạp vàng,0.0,0.0,0,0,0,10,43,0,1.1527783999918029,3.125,0.3688890879973769,PASS,
VIVOSDEV04_R002,benchmark_data/external/vivos/selected/VIVOSDEV04/VIVOSDEV04_R002.wav,VIVOS,VIVOSDEV04,đó cũng là động lực thúc đẩy tôi,test,8d1c733732adfff296b43e5dd90ba7598c66ec959b63fcacc91de8c4489233af,đó cũng là động lực thúc đẩy tôi,0.0,0.0,0,0,0,8,32,0,0.7959838000242598,3.375,0.23584705185903995,PASS,
VIVOSDEV05_004,benchmark_data/external/vivos/selected/VIVOSDEV05/VIVOSDEV05_004.wav,VIVOS,VIVOSDEV05,hãy tưởng tượng rằng bạn là là giám đốc dự án trong một công ty lớn,test,16da2a689cb487c07cee7ca96f3c695be998681426853bad97da416432c1d24e,hãy tưởng tượng rằng bạn là giám đốc dự án trong một công ty,0.125,0.1044776119402985,0,2,0,16,67,7,1.1291360999457538,4.0625,0.2779411938328009,PASS,
VIVOSDEV06_001,benchmark_data/external/vivos/selected/VIVOSDEV06/VIVOSDEV06_001.wav,VIVOS,VIVOSDEV06,đơn giản là tán gẫu với nhau,test,e8d3ebc3ab09b036028426fa2528c124268d36adb6c143e4238029986f99daa8,đơn giản là tán gẫu với nhau,0.0,0.0,0,0,0,7,28,0,0.7679054000182077,2.6875,0.2857322418672401,PASS,
VIVOSDEV07_002,benchmark_data/external/vivos/selected/VIVOSDEV07/VIVOSDEV07_002.wav,VIVOS,VIVOSDEV07,hằng năm chúng ta thải ra hàng tỉ thiết bị điện tử,test,2c468180ba948263b999d8cd2b35da328473b1bffa6078b1bc657c7b99497495,hàng năm chúng ta thải ra hàng tỷ thiết bị điện tử,0.16666666666666666,0.04,2,0,0,12,50,2,0.9453219000133686,3.46875,0.27252523243628646,PASS,
VIVOSDEV08_002,benchmark_data/external/vivos/selected/VIVOSDEV08/VIVOSDEV08_002.wav,VIVOS,VIVOSDEV08,đừng để con sâu ăn,test,a997e22aa12e1483a016ce43240f2008b0e77e5dca4233b29a90b040644693be,đừng để con sâu ăn,0.0,0.0,0,0,0,5,18,0,0.6551913999719545,2.375,0.27587006314608614,PASS,
VIVOSDEV09_015,benchmark_data/external/vivos/selected/VIVOSDEV09/VIVOSDEV09_015.wav,VIVOS,VIVOSDEV09,làm rờm rợp biển mây lau lách phất phơ,test,db4e4fed4600cee6bce8aa893a983b9298b178fa0d3b9b6bda9048806a8d8e86,làm ròng rọc biển mây lâu lắc vật,0.6666666666666666,0.39473684210526316,5,1,0,9,38,15,0.9991173000307754,3.3125,0.30162031699042274,PASS,
VIVOSDEV10_010,benchmark_data/external/vivos/selected/VIVOSDEV10/VIVOSDEV10_010.wav,VIVOS,VIVOSDEV10,khi bị công an thộp cổ khẩn cấp,test,ebe8aaf213f1a609cdf9cd9478438d015ae1bdff92fe3376b572dda5637c2ea6,khi bị công an họp cổ khẩn,0.25,0.1935483870967742,1,1,0,8,31,6,0.7564687000121921,2.8125,0.26896664889322386,PASS,
VIVOSDEV11_015,benchmark_data/external/vivos/selected/VIVOSDEV11/VIVOSDEV11_015.wav,VIVOS,VIVOSDEV11,nữ diễn viên xinh đẹp phạm băng băng,test,52641c3f9bc315a7109415999279f9ca144bb672b32f4c3b9d8095204610e043,nữ diễn viên xinh đẹp phạm băng băng,0.0,0.0,0,0,0,8,36,0,0.7367298000026494,2.6875,0.274132018605637,PASS,
VIVOSDEV12_006,benchmark_data/external/vivos/selected/VIVOSDEV12/VIVOSDEV12_006.wav,VIVOS,VIVOSDEV12,từ sự dư thừa quá mức của luồng tiền này,test,4c8ecdcd27e69a43b76a9a6b605e2597d4906160481aa661678bdeab8a10f29a,từ sự dư thừa quá mức của luồng tiền này,0.0,0.0,0,0,0,10,40,0,1.1039563000085764,4.125,0.26762576969904883,PASS,
VIVOSDEV13_019,benchmark_data/external/vivos/selected/VIVOSDEV13/VIVOSDEV13_019.wav,VIVOS,VIVOSDEV13,đơn vị mình không nghe ai nói gì chưa hẳn đã tốt,test,836d5fcb4008618f568fe2e77310cf47a0429030c650691b23ea9b9c606cf064,đơn vị mình không nghe ai nói gì chưa hẳn đã tốt,0.0,0.0,0,0,0,12,48,0,0.9676596999634057,4.124375,0.23461971813023932,PASS,
VIVOSDEV14_018,benchmark_data/external/vivos/selected/VIVOSDEV14/VIVOSDEV14_018.wav,VIVOS,VIVOSDEV14,biên chế này nhà thanh gọi là an nam quốc nhạc,test,5ee064de3f050025aff85fff19c34b06c4a9ab873afc363f5e54689558ce95c4,biên chế này nhà thanh gọi là an nam quốc,0.09090909090909091,0.10869565217391304,0,1,0,11,46,5,0.7213221999700181,3.124375,0.230869277845975,PASS,
VIVOSDEV15_003,benchmark_data/external/vivos/selected/VIVOSDEV15/VIVOSDEV15_003.wav,VIVOS,VIVOSDEV15,điều này khó hơn khi bạn vào bàn tiệc toàn người xa lạ,test,3c828205407946935f25d68d12378aa499a56e4f07ab0e552231f23d292ee28c,điều này khó hơn khi bạn vào bàn tiệc toàn người xa lạ,0.0,0.0,0,0,0,13,54,0,1.0718274000100791,3.624375,0.2957275116427188,PASS,
VIVOSDEV16_026,benchmark_data/external/vivos/selected/VIVOSDEV16/VIVOSDEV16_026.wav,VIVOS,VIVOSDEV16,cùng vợ ăn vội chén cơm thành lại lo ôn bài làm bài tập,test,f669dccf1a585a43eb1fedf3d4544655b181f97e4f6a89def9431d24b3170eab,cùng vợ ăn vội chén cơm thành lợi lo ôn bài làm bài tập,0.07142857142857142,0.01818181818181818,1,0,0,14,55,1,1.4838234999915585,6.374375,0.2327794489642606,PASS,
VIVOSDEV17_011,benchmark_data/external/vivos/selected/VIVOSDEV17/VIVOSDEV17_011.wav,VIVOS,VIVOSDEV17,rồi mặc dù biết là ngớ ngẩn tôi cứ nói ra,test,774e8b61eb1e1b6f75063efc9a051be28650c6a10b6d41b8e73fd107ecaef45f,rồi mặc dù biết là ngớ ngẩn tôi cứ nói ra,0.0,0.0,0,0,0,11,41,0,1.2170196000370197,4.061875,0.2996201508015436,PASS,
VIVOSDEV18_006,benchmark_data/external/vivos/selected/VIVOSDEV18/VIVOSDEV18_006.wav,VIVOS,VIVOSDEV18,không nên chỉ dựa vào bài viết của bạn để thuyết minh thêm,test,196b686d5524f7b4638a916524ec89cd46e96397aa1088c236c479be7bb9bfce,không nên chỉ dựa vào bài viết của bạn để thuyết minh thêm,0.0,0.0,0,0,0,13,58,0,0.8492596999858506,3.249375,0.26136093863769205,PASS,
VIVOSDEV19_008,benchmark_data/external/vivos/selected/VIVOSDEV19/VIVOSDEV19_008.wav,VIVOS,VIVOSDEV19,từ đó lại sa đà vào nhiều nghịch cảnh đáng tiếc,test,da0a055704cbb025c719cfdbd1e779aadd157ed44fb921b6874767fa3146d205,từ đó lại xe đè vào nhiều cảnh đáng tiếc,0.2727272727272727,0.2127659574468085,2,1,0,11,47,10,1.3853974000085145,4.811875,0.28791217560899124,PASS,
VIVOSDEV01_R003,benchmark_data/external/vivos/selected/VIVOSDEV01/VIVOSDEV01_R003.wav,VIVOS,VIVOSDEV01,cũng lên tiếng ủng hộ các kiến nghị này,test,012dc3604d4d6ce3103b96d4f72a5704118a534790b2904b1a17298239a4ab71,cũng lên tiếng ủng hộ các kiến nghị này,0.0,0.0,0,0,0,9,39,0,0.8270813000272028,3.6875,0.22429323390568212,PASS,
VIVOSDEV02_R009,benchmark_data/external/vivos/selected/VIVOSDEV02/VIVOSDEV02_R009.wav,VIVOS,VIVOSDEV02,bà quảng vẫn đang bận rộn,test,2bb44b3e6c2ddd9235fc7e9f0011a25269e3fc50f41b6a10c233fd1353a56e80,bà quản vẫn đang bận rộn,0.16666666666666666,0.04,1,0,0,6,25,1,0.8552363999770023,3.34375,0.255771633637982,PASS,
VIVOSDEV03_R010,benchmark_data/external/vivos/selected/VIVOSDEV03/VIVOSDEV03_R010.wav,VIVOS,VIVOSDEV03,âm thầm chắt chiu nuôi tôi khôn lớn,test,69d0877993e7a88293e545ae48c5c68a0040903f8ebd81ed4bf2cac78c68abd7,âm thầm chắc chiêu nuôi tôi khôn lớn,0.25,0.05714285714285714,2,0,0,8,35,2,0.8472806000499986,2.6875,0.31526720001860414,PASS,
VIVOSDEV04_R004,benchmark_data/external/vivos/selected/VIVOSDEV04/VIVOSDEV04_R004.wav,VIVOS,VIVOSDEV04,đôi khi bạn cũng có thể làm những điều đó,test,8a2786bfe97ad5fdf830041bc803909c0a9a809ce675f294ae8496a7114dc350,đôi khi bạn cũng có thể làm những điều đó,0.0,0.0,0,0,0,10,41,0,0.7454752000048757,3.5625,0.20925619649259666,PASS,
VIVOSDEV05_030,benchmark_data/external/vivos/selected/VIVOSDEV05/VIVOSDEV05_030.wav,VIVOS,VIVOSDEV05,của những thế lực hùng mạnh,test,6553142ee78dccd7d7fc3163b061471303c19c974169bd2e2474e33c9d538b59,của những thế lực hùng mạnh,0.0,0.0,0,0,0,6,27,0,0.5403478000080213,2.375,0.22751486316127212,PASS,
VIVOSDEV06_006,benchmark_data/external/vivos/selected/VIVOSDEV06/VIVOSDEV06_006.wav,VIVOS,VIVOSDEV06,mà do lối sống chui nhủi của chúng,test,8c0d873976c45aa2c2edb12246b39124fc992b72d81bffabb4879255805f7ae9,mà do lối sống chui nhủ của chúng,0.125,0.029411764705882353,1,0,0,8,34,1,0.8072709999978542,3.25,0.2483910769224167,PASS,
VIVOSDEV07_025,benchmark_data/external/vivos/selected/VIVOSDEV07/VIVOSDEV07_025.wav,VIVOS,VIVOSDEV07,cho những chuyến dã ngoại của du khách,test,d36dcfc9077ab96cecb9e5b00005f9fec1e96b6d96c54324368b9556ede0cf44,cho những chuyến dã ngoại của du khách,0.0,0.0,0,0,0,8,38,0,0.6613257999997586,3.0625,0.21594311836726812,PASS,
VIVOSDEV08_005,benchmark_data/external/vivos/selected/VIVOSDEV08/VIVOSDEV08_005.wav,VIVOS,VIVOSDEV08,cây cổ thụ ấy bất chợt bị bệnh tật quật ngã,test,ee0dc2209d96810093b6dae2de09c6e0a2248e05f0c8bb0177a5c7ea59ab8afd,cây cổ thụ ấy bất chợt bị bệnh tật hoặc ngã,0.09090909090909091,0.09302325581395349,1,0,0,11,43,4,0.9122100999811664,3.40625,0.2678047999944709,PASS,
VIVOSDEV09_022,benchmark_data/external/vivos/selected/VIVOSDEV09/VIVOSDEV09_022.wav,VIVOS,VIVOSDEV09,trứng mực quyến rũ các ngư dân,test,b229875f2e5e28726bb44c140f6b2769cf289774b777f695069135e7fb250c71,trứng mực quyến rũ các ngư dân,0.0,0.0,0,0,0,7,30,0,0.733480499999132,2.375,0.30883389473647666,PASS,
VIVOSDEV10_014,benchmark_data/external/vivos/selected/VIVOSDEV10/VIVOSDEV10_014.wav,VIVOS,VIVOSDEV10,sau khi đọc những thông tin trên báo,test,528eef5aeba9724451f605a0e0f3bf6450652c87e184e2e95f44e85b3ac7d762,sau khi lọc những thông tin trên báo,0.125,0.027777777777777776,1,0,0,8,36,1,0.7559127000276931,3.0625,0.2468286367437365,PASS,
VIVOSDEV11_022,benchmark_data/external/vivos/selected/VIVOSDEV11/VIVOSDEV11_022.wav,VIVOS,VIVOSDEV11,sẽ làm giảm tình trạng ói ọc của trẻ,test,e31ce7bfa20b997edda009b97d4aefc8b2b7ae2ae287c1b01f273b9a4d92e8e8,sẽ làm tình trạng ói ọc của trẻ,0.1111111111111111,0.1388888888888889,0,1,0,9,36,5,0.7739765999722295,2.75,0.281446036353538,PASS,
VIVOSDEV12_011,benchmark_data/external/vivos/selected/VIVOSDEV12/VIVOSDEV12_011.wav,VIVOS,VIVOSDEV12,đó chứng tỏ rằng chúng ta đã già,test,19ba6c264bbd57b048092b02b54ef6489dc84cf585b88689287a979f1c4188ec,đó chứng tỏ rằng chúng ta đã già,0.0,0.0,0,0,0,8,32,0,0.9505087999859825,3.28125,0.2896788723766804,PASS,
VIVOSDEV13_026,benchmark_data/external/vivos/selected/VIVOSDEV13/VIVOSDEV13_026.wav,VIVOS,VIVOSDEV13,không ai được ngược đãi các em vì các em học chậm,test,5e964c64456c49ab289c575048aa441bcce4ff550f648ec55561ea07963d65a9,không ai được ngược đãi các em vì các em học chậm,0.0,0.0,0,0,0,12,49,0,1.149759299994912,4.186875,0.27461037169605307,PASS,
VIVOSDEV14_022,benchmark_data/external/vivos/selected/VIVOSDEV14/VIVOSDEV14_022.wav,VIVOS,VIVOSDEV14,hơn là dẫn dắt các em theo chủ ý của giáo viên,test,25c6be3726d33867be4ad0090e6b9b414329c2faccf91df7495ccbdbb3f1d0a0,hơn là dẫn dắt các em theo chủ yếu của giáo,0.16666666666666666,0.17391304347826086,1,1,0,12,46,8,1.125307599955704,2.999375,0.3751806959635604,PASS,
VIVOSDEV15_013,benchmark_data/external/vivos/selected/VIVOSDEV15/VIVOSDEV15_013.wav,VIVOS,VIVOSDEV15,cũng đều trong tư thế ngõ nhỏ phố nhỏ phở tôi ở đó,test,5afb70f7c7243980fa67279f61fd2442a9b61365e57906ed1f89c12ba88a579c,cũng đều trong tư thế ngõ phố phố nhỏ vỡ tôi ở,0.23076923076923078,0.16,2,1,0,13,50,8,1.2602672999491915,3.686875,0.3418253398743357,PASS,
VIVOSDEV16_033,benchmark_data/external/vivos/selected/VIVOSDEV16/VIVOSDEV16_033.wav,VIVOS,VIVOSDEV16,đội nào thành tích càng cao thì quản lý càng khó,test,7a88a225062b4261029411ee4d415df3c9773dde2a9371c416a74da8f939d742,đội nào thành tích càng cao thì quản lý càng khó,0.0,0.0,0,0,0,11,48,0,1.162232699978631,3.561875,0.32629800315244945,PASS,
VIVOSDEV17_024,benchmark_data/external/vivos/selected/VIVOSDEV17/VIVOSDEV17_024.wav,VIVOS,VIVOSDEV17,riêng ông nguyễn văn ba bị gỗ đè dập sọ não chết ngay tại chỗ,test,75761b221ce22430993f5949ffc6bbab9d773ad2eb5532674fcb8bd485b6f8c9,riêng ông nguyễn văn ba bị rỗ đè dập xọ não chết ngay tại chỗ,0.13333333333333333,0.03278688524590164,2,0,0,15,61,2,1.5179936000495218,5.718125,0.26547051700505353,PASS,
VIVOSDEV18_012,benchmark_data/external/vivos/selected/VIVOSDEV18/VIVOSDEV18_012.wav,VIVOS,VIVOSDEV18,và giáo dục con người trở thành việc luyện trí nhớ,test,9e946b84dd43d1f80d0ee788addb7f3c560e2a3e92a09400b82ce326d15bd098,bài giáo dục con người trở thành việc luyện trí,0.18181818181818182,0.12,1,1,0,11,50,6,0.734094199957326,2.593125,0.2830924849196726,PASS,
VIVOSDEV19_011,benchmark_data/external/vivos/selected/VIVOSDEV19/VIVOSDEV19_011.wav,VIVOS,VIVOSDEV19,mong anh hãy hiểu cho em em thương nhớ và yêu anh nhiều,test,1712188d29933b3cc978e489f02e063387f2f9fedd02d57a8fccafb977eaa811,mong anh hãy hiểu cho em em thương nhớ và yêu anh nhiều,0.0,0.0,0,0,0,13,55,0,1.0870996000012383,4.124375,0.26357923321745436,PASS,
VIVOSDEV01_R012,benchmark_data/external/vivos/selected/VIVOSDEV01/VIVOSDEV01_R012.wav,VIVOS,VIVOSDEV01,những cơn gió mạnh và mưa đóng băng gây trơn trợt,test,c68fb2ebfe0eb02918cbebcfd975222c59d16393120c28cf0c6735a16a9e2565,những cơn gió mạnh và mưa đóng băng gây trơn trượt,0.09090909090909091,0.02040816326530612,1,0,0,11,49,1,1.0751730999909341,4.1875,0.2567577552217156,PASS,
VIVOSDEV02_R015,benchmark_data/external/vivos/selected/VIVOSDEV02/VIVOSDEV02_R015.wav,VIVOS,VIVOSDEV02,tất cả mọi thứ đều kỳ lạ một cách phi thường,test,6e75a29a76ee0750ff756366869afb67660a558960f5a3b14b802bdb089a3a59,tất cả mọi thứ đều kỳ lạ một cách phi thường,0.0,0.0,0,0,0,11,44,0,1.1444157000514679,3.375,0.33908613334858306,PASS,
VIVOSDEV03_R020,benchmark_data/external/vivos/selected/VIVOSDEV03/VIVOSDEV03_R020.wav,VIVOS,VIVOSDEV03,bên trong trái vả khi bổ ra sẽ rỗng chứ không đặc như trái sung,test,a83312f2f80f6616aacf98f0a9555306817b981ccab1fd6be604f045256ab02d,bên trong trái vả khi bổ ra sẽ rỗng chứ không đặt như trái sung,0.06666666666666667,0.015873015873015872,1,0,0,15,63,1,1.622839900024701,4.625,0.35088430270804344,PASS,
VIVOSDEV04_R008,benchmark_data/external/vivos/selected/VIVOSDEV04/VIVOSDEV04_R008.wav,VIVOS,VIVOSDEV04,những ngày đầu vắng bóng ba việt cứ thừ người nghĩ ngợi,test,e9a169ccce0692e25efc6a7f32c40937accd2efce3dac7c17656cd1fd25212d0,những ngày đầu vắng bóng ba miền thứ người nghĩ ngợi,0.25,0.12727272727272726,2,1,0,12,55,7,1.529264200013131,6.4375,0.2375556038855349,PASS,
VIVOSDEV05_037,benchmark_data/external/vivos/selected/VIVOSDEV05/VIVOSDEV05_037.wav,VIVOS,VIVOSDEV05,ông nhặt nó lên,test,2ca81364c5e1d7d3dec9d695d33d6c81979121459d8c340271f328d93fb12e39,ông nhật nó lên,0.25,0.06666666666666667,1,0,0,4,15,1,0.520287100051064,1.9375,0.2685352774457105,PASS,
VIVOSDEV06_016,benchmark_data/external/vivos/selected/VIVOSDEV06/VIVOSDEV06_016.wav,VIVOS,VIVOSDEV06,râu ria đã ba ngày không cạo,test,0b71708db6c02cf5f89df7860ff2ad5e6346b0dcbe56a87f8151466c969b698d,râu ria đã ba ngày không cạo,0.0,0.0,0,0,0,7,28,0,0.8794879000051878,3.1875,0.27591777255064714,PASS,
VIVOSDEV07_030,benchmark_data/external/vivos/selected/VIVOSDEV07/VIVOSDEV07_030.wav,VIVOS,VIVOSDEV07,những nhược điểm của mình,test,e8f0aa4ef3dc6f9deae280326dffc4e5a4f072d26b95b046c2c94fb5d2681824,những nhược điểm của mình,0.0,0.0,0,0,0,5,25,0,0.6433444999856874,2.3125,0.2782030270208378,PASS,
VIVOSDEV08_014,benchmark_data/external/vivos/selected/VIVOSDEV08/VIVOSDEV08_014.wav,VIVOS,VIVOSDEV08,và nếu bạn trót làm lộn xộn màn hình nền,test,9ae07e9301521150a8d6ecad6ac427a4450cd0659b9c7acd6bdd0b0b9b47906b,và nếu bạn trót làm lộn xộn màn hình nền,0.0,0.0,0,0,0,10,40,0,1.1894455999718048,3.625,0.32812292413015304,PASS,
VIVOSDEV09_029,benchmark_data/external/vivos/selected/VIVOSDEV09/VIVOSDEV09_029.wav,VIVOS,VIVOSDEV09,bạn có thể khiển trách người lái xe,test,d97816ff0239db5f58ae5dd6c913952e721b543accdd74211b8699608cac69e2,bạn có thể hiện trách người lái xe,0.125,0.05714285714285714,1,0,0,8,35,2,0.6121542000328191,2.3125,0.26471532974392176,PASS,
VIVOSDEV10_017,benchmark_data/external/vivos/selected/VIVOSDEV10/VIVOSDEV10_017.wav,VIVOS,VIVOSDEV10,nga khi ấy càng thìn nết na,test,72641bd14a687542dc2dcd69bc96e40bf05431e630238c0ed20b12a323ca19cb,nghe hơi ấy càng nhìn ngớt nga,0.7142857142857143,0.2962962962962963,5,0,0,7,27,8,3.2417140000034124,2.875,1.1275526956533608,PASS,
VIVOSDEV11_033,benchmark_data/external/vivos/selected/VIVOSDEV11/VIVOSDEV11_033.wav,VIVOS,VIVOSDEV11,mà phải che chái ở tạm bên hông nhà cha ruột,test,c84960f85527d8e526554b8e915cc13b00e5d00d1125249e6d434f58211f8a26,mà phải chữa cháy ở tạm bên hông nhà cha ruột,0.18181818181818182,0.06818181818181818,2,0,0,11,44,3,1.0013311000075191,3.09375,0.3236625777802082,PASS,
VIVOSDEV12_015,benchmark_data/external/vivos/selected/VIVOSDEV12/VIVOSDEV12_015.wav,VIVOS,VIVOSDEV12,trả lại đất cho rừng,test,c7e5d8d46007ce9c0d21db14b8e90e16ced4a9072853cf636538b4e095755f3b,trả lại đất cho rừng,0.0,0.0,0,0,0,5,20,0,0.6686244000447914,2.5625,0.2609265951394308,PASS,
VIVOSDEV13_054,benchmark_data/external/vivos/selected/VIVOSDEV13/VIVOSDEV13_054.wav,VIVOS,VIVOSDEV13,già làng nguyễn mạnh tường trả lời phỏng vấn báo giới ảnh trung dân,test,dc30e248b25c6b48bc36aca75d18e97e7838f71319c576d3a146c9749d08b97d,gia lan nguyễn mạnh tường trả lời phỏng vấn báo giới ảnh trung dân,0.14285714285714285,0.04477611940298507,2,0,0,14,67,3,1.5265044000116177,5.624375,0.27140871652612386,PASS,
VIVOSDEV14_027,benchmark_data/external/vivos/selected/VIVOSDEV14/VIVOSDEV14_027.wav,VIVOS,VIVOSDEV14,bạn có thể tham khảo một sơ yếu lý lịch điện tử sau đây,test,288536c545c8f65040d950e23ec0ed5f6113c5b2c842c3101e931db16778288d,bạn có thể tham khảo một số sơ yếu lý lịch điện tử sau đây,0.07142857142857142,0.05454545454545454,0,0,1,14,55,3,1.1968128000153229,5.061875,0.23643665638035766,PASS,
VIVOSDEV15_014,benchmark_data/external/vivos/selected/VIVOSDEV15/VIVOSDEV15_014.wav,VIVOS,VIVOSDEV15,thành một chiếc lồng đèn khổng lồ tại công viên ở thủ đô bắc kinh,test,3789c310904253f3a24e959ab20d62bdb4305aae576e5c63de3f6a07ce5477e7,thành một chất lỏng đèn khổng lồ tại công viên ở thủ đô bắc,0.2,0.13846153846153847,2,1,0,15,65,9,1.237116500036791,3.874375,0.31930737216629546,PASS,
VIVOSDEV16_048,benchmark_data/external/vivos/selected/VIVOSDEV16/VIVOSDEV16_048.wav,VIVOS,VIVOSDEV16,phải chăng xây dựng niềm tin vào tình yêu khó thế,test,bea7009e51334adf1b164dc169f99e141e1c24c246d72a5348588a302ff0080f,phải chăng xây dựng niềm tin vào tình yêu khó thế,0.0,0.0,0,0,0,11,49,0,1.2374397999956273,3.968125,0.31184496456024624,PASS,
VIVOSDEV17_032,benchmark_data/external/vivos/selected/VIVOSDEV17/VIVOSDEV17_032.wav,VIVOS,VIVOSDEV17,mỗi người nở một nụ cười với những ý nghĩa khác nhau,test,e90fd004605e7f2276ee6549329673fcf9b156e6d4905c9eaf2c6a511fb64a00,mọi người nở một nụ cười với những ý nghĩa khác nhau,0.08333333333333333,0.019230769230769232,1,0,0,12,52,1,1.0487319000530988,4.343125,0.24146942582889022,PASS,
VIVOSDEV18_017,benchmark_data/external/vivos/selected/VIVOSDEV18/VIVOSDEV18_017.wav,VIVOS,VIVOSDEV18,tuy nhiên hợp đồng này chỉ có giá trị trong những ngày bình thường,test,d59703e724e0a828aafb97aa6f384cb9a393517beb6b452b6bf766ea70cf6528,thiên nhiên hợp đồng này chỉ có giá trị trong những ngày bình thường,0.07142857142857142,0.06060606060606061,1,0,0,14,66,4,0.9919246000354178,2.811875,0.35276269394458065,PASS,
VIVOSDEV19_020,benchmark_data/external/vivos/selected/VIVOSDEV19/VIVOSDEV19_020.wav,VIVOS,VIVOSDEV19,lên các cuộc hẹn phỏng vấn và thực hiện phỏng vấn,test,f9b9ad9db26f955482f6d0288ab71cd56b58cccda04ee2d4fae88249b8d48c78,lên các cuộc hẹn phỏng vấn và thực hiện phỏng vấn,0.0,0.0,0,0,0,11,49,0,0.9069793000235222,4.686875,0.19351471930092487,PASS,
VIVOSDEV01_R027,benchmark_data/external/vivos/selected/VIVOSDEV01/VIVOSDEV01_R027.wav,VIVOS,VIVOSDEV01,di tích có bảy phỗng ông và hai phỗng bà được làm bằng gỗ mít,test,c5105490f3ea0379505b896136e6d7cd40f4a2f812365a43e1e9db403d16231f,di tích có 7 võng ông và 2 võng và được làm bằng gỗ,0.4,0.2786885245901639,5,1,0,15,61,17,1.794461199955549,4.71875,0.38028316820250047,PASS,
VIVOSDEV02_R027,benchmark_data/external/vivos/selected/VIVOSDEV02/VIVOSDEV02_R027.wav,VIVOS,VIVOSDEV02,có thể lành lặn mà không để lại vết sẹo,test,9e6a8268b51282420295e4e703b946f4cb0fbb4cfa3a7069e1983db8d9f1bbb1,có thể làm lạnh mà không để lại vết sẹo,0.2,0.10256410256410256,2,0,0,10,39,4,1.130285500024911,3.40625,0.33182693578712985,PASS,
VIVOSDEV03_R029,benchmark_data/external/vivos/selected/VIVOSDEV03/VIVOSDEV03_R029.wav,VIVOS,VIVOSDEV03,nên hai mố cầu bị sụp đất khiến lối đi bộ quá nguy hiểm,test,538229fe4d11408f7dc40f7895a143b28c9e19a94c6a08721ae4faea1a68f387,nên 21 cầu bị sập đất khiến lối đi bộ quá nguy hiểm,0.21428571428571427,0.12727272727272726,2,1,0,14,55,7,1.4085956999915652,4.6875,0.3005004159982006,PASS,
VIVOSDEV04_R010,benchmark_data/external/vivos/selected/VIVOSDEV04/VIVOSDEV04_R010.wav,VIVOS,VIVOSDEV04,con nhỏ mở cái túi gút đeo trên cổ,test,6bc77985aaa433315cc926cc9a8c664a3e11b260a8e3e257a7666898ae85b606,con nhỏ mở cái túi rút đeo trên cổ,0.1111111111111111,0.029411764705882353,1,0,0,9,34,1,0.8879977000178769,3.75,0.23679938667143385,PASS,
VIVOSDEV05_043,benchmark_data/external/vivos/selected/VIVOSDEV05/VIVOSDEV05_043.wav,VIVOS,VIVOSDEV05,nguyên thứ trưởng mai văn dâu đã bị bắt,test,d81e30f98fa0db6873ce3bff9690f9919c1e4325ac398db1e3ed69c1b933a080,nguyên thứ trưởng mai văn dâu đã bị bắt,0.0,0.0,0,0,0,9,39,0,0.8053380000055768,3.0,0.2684460000018589,PASS,
VIVOSDEV06_021,benchmark_data/external/vivos/selected/VIVOSDEV06/VIVOSDEV06_021.wav,VIVOS,VIVOSDEV06,một đường hướng chuyên nghiệp,test,fa036cb46ea17f1207fe6f53581a614d38844688e43e187472731266d76498c7,một đường hướng chuyên nghiệp,0.0,0.0,0,0,0,5,29,0,0.5589869999676012,2.5625,0.21814126828003946,PASS,
VIVOSDEV07_036,benchmark_data/external/vivos/selected/VIVOSDEV07/VIVOSDEV07_036.wav,VIVOS,VIVOSDEV07,vì đó mới chính là thứ bạn cần,test,72a769c8c32a3001219cc10ba38e76b0374a6ddc7a839ccb8eb0b5f71be3e351,vì đó mới chính là thứ bạn cần,0.0,0.0,0,0,0,8,30,0,0.7723770000156946,3.0,0.25745900000523153,PASS,
VIVOSDEV08_025,benchmark_data/external/vivos/selected/VIVOSDEV08/VIVOSDEV08_025.wav,VIVOS,VIVOSDEV08,đạo diễn trẻ này có nhiều điều ngẫm ngợi về nghề,test,4f8fd3a74aac6d7282325398d4bd5a44747cd5fe9a9c6f492338022bedd680f2,đạo diễn trẻ này có nhiều điều ngẫm ngợi về nghề,0.0,0.0,0,0,0,11,48,0,0.8967172999982722,3.6875,0.24317757288088737,PASS,
VIVOSDEV09_035,benchmark_data/external/vivos/selected/VIVOSDEV09/VIVOSDEV09_035.wav,VIVOS,VIVOSDEV09,loáng thoáng trăn trở loáng thoáng buồn vui,test,6dacdaf47d68d537dd87e1ddeb7fe4f220b6ad3f8c40b94a5502a4cf559e629d,loang thoáng trong chợ loáng thoáng buồn vui,0.375,0.13953488372093023,3,0,0,8,43,6,1.1503285999642685,3.09375,0.3718233858470363,PASS,
VIVOSDEV10_020,benchmark_data/external/vivos/selected/VIVOSDEV10/VIVOSDEV10_020.wav,VIVOS,VIVOSDEV10,việc áp dụng cả bàn vá lỗi và công cụ quét,test,47cea4ee3587f35f74d4f162cd83a43af4ef0788444243b5e37b17313ecb456a,việc áp dụng trảng bàng báo lỗi và công cụ,0.36363636363636365,0.2857142857142857,3,1,0,11,42,12,0.9942215000046417,3.5625,0.27907971929954856,PASS,
VIVOSDEV11_036,benchmark_data/external/vivos/selected/VIVOSDEV11/VIVOSDEV11_036.wav,VIVOS,VIVOSDEV11,tôi có thể căm giận đủ thứ,test,a0f6c5438cfc02a45e528a7b6bbfdcdbdc74291c01b8775ce06883375f0fcde3,tôi có thể căn dặn đủ thứ,0.2857142857142857,0.15384615384615385,2,0,0,7,26,4,0.714603399974294,2.25,0.3176015110996862,PASS,
VIVOSDEV12_032,benchmark_data/external/vivos/selected/VIVOSDEV12/VIVOSDEV12_032.wav,VIVOS,VIVOSDEV12,các loại cây trồng ở rừng này toàn cây kém giá trị,test,1af44aff8b871ecd2daa65d4979ae79bba671a179d73fd730470cad0285e91ba,các loại cây trồng ở rừng này toàn cây kém giá trị,0.0,0.0,0,0,0,12,50,0,1.1548264000448398,4.28125,0.2697404730031743,PASS,
VIVOSDEV13_058,benchmark_data/external/vivos/selected/VIVOSDEV13/VIVOSDEV13_058.wav,VIVOS,VIVOSDEV13,đó là giai đoạn thời tiết ít biến động và nhiệt độ không quá thấp,test,0693e99ed2faab86f055aab07470d86019c01c775a99a2c8ce1195db83eb6fb8,đó là giai đoạn thời tiết ít biến động và nhiệt độ không,0.13333333333333333,0.13846153846153847,0,2,0,15,65,9,0.9968975000083447,4.343125,0.229534609298223,PASS,
VIVOSDEV14_035,benchmark_data/external/vivos/selected/VIVOSDEV14/VIVOSDEV14_035.wav,VIVOS,VIVOSDEV14,nhạc sĩ la hối với ca khúc xuân và tuổi trẻ,test,d4ab894f979835611cc885593a647b412cd5a0deb11ba4a1c7ae5f80858899f8,nhạc sĩ la hối với ca khúc xuân và tuổi trẻ,0.0,0.0,0,0,0,11,43,0,0.8367242999956943,3.311875,0.2526436837126082,PASS,
VIVOSDEV15_020,benchmark_data/external/vivos/selected/VIVOSDEV15/VIVOSDEV15_020.wav,VIVOS,VIVOSDEV15,câu chuyện của quá khứ ông kể không biết bao nhiêu lần,test,96b4db22561b64aec25b0a65b94c724a85b0c95a120f6e82c49a02eb6b762e34,câu chuyện của quá khứ ông kể không biết bao nhiêu,0.08333333333333333,0.07407407407407407,0,1,0,12,54,4,0.7663124999962747,2.843125,0.26953176522181566,PASS,
VIVOSDEV16_049,benchmark_data/external/vivos/selected/VIVOSDEV16/VIVOSDEV16_049.wav,VIVOS,VIVOSDEV16,còn ba cầu thủ văn trương bật hiếu và hải lâm thì sao thưa ông,test,ac3ae7c32ee1ed0159c7ec1bc38c711af3d871deaddc91289d12d2e16e24c6ff,còn 3 cầu thủ văn thư bất hiếu và hải lâm thì sao thư ông,0.26666666666666666,0.12903225806451613,4,0,0,15,62,8,1.5974479999858886,6.061875,0.2635237447136222,PASS,
VIVOSDEV17_043,benchmark_data/external/vivos/selected/VIVOSDEV17/VIVOSDEV17_043.wav,VIVOS,VIVOSDEV17,do vậy sẽ ảnh hưởng tới việc thu sóng vô tuyến,test,4b79320511fd093b6591e30f3d88cd8e169e0e1bcb1efa4b1932a09da55cb1fb,do vậy sẽ ảnh hưởng tới việc thu sóng vô tuyến,0.0,0.0,0,0,0,11,46,0,1.3886963000404648,3.624375,0.3831546956483435,PASS,
VIVOSDEV18_021,benchmark_data/external/vivos/selected/VIVOSDEV18/VIVOSDEV18_021.wav,VIVOS,VIVOSDEV18,vấn đề đặt ra ở đây là làm thế nào để,test,85b8e0e695c7e011aa12b69c8fb8df50e8085caa2fadd918eea0af9d8bc9be1d,vấn đề đặt ra ở đây là làm thế nào để,0.0,0.0,0,0,0,11,37,0,1.5437759999767877,2.561875,0.6025961453922567,PASS,
VIVOSDEV19_022,benchmark_data/external/vivos/selected/VIVOSDEV19/VIVOSDEV19_022.wav,VIVOS,VIVOSDEV19,xét ở khía cạnh này thì đúng là mất bò mới lo làm chuồng,test,b2b5cf43c1a8855f71d4aba4fa5828945d1a1cad15a5976cc22e978e78e80e4d,xét ở khía cạnh này thì đúng là mất bò mới lo làm chuồng,0.0,0.0,0,0,0,14,56,0,2.417241799994372,4.936875,0.48962993796569126,PASS,
VIVOSDEV01_R028,benchmark_data/external/vivos/selected/VIVOSDEV01/VIVOSDEV01_R028.wav,VIVOS,VIVOSDEV01,các chú cũng thoải mái phóng uế giữa chốn đông người mà không sợ,test,7046bd2e029a884e71365b7754a9b35f0dc8c36251c3fb9f672c7ad943f022f8,các chú cũng thoải mái phóng uế giữa chốn đông người mà không sợ,0.0,0.0,0,0,0,14,64,0,1.9870105999871157,4.5625,0.4355091725999158,PASS,
VIVOSDEV02_R031,benchmark_data/external/vivos/selected/VIVOSDEV02/VIVOSDEV02_R031.wav,VIVOS,VIVOSDEV02,muốn đẹp phải ghè làm sao cho các bó cơ chân nổi bật lên,test,4dafd9b593227e80b2bd25ff37ce52c8c005c0e86c4f72ec8e53e3447dc891a8,muốn đẹp phải chè làm sao cho các bó cơ trên nổi bật lên,0.14285714285714285,0.07142857142857142,2,0,0,14,56,4,1.633214899979066,5.375,0.30385393487982626,PASS,
VIVOSDEV03_R041,benchmark_data/external/vivos/selected/VIVOSDEV03/VIVOSDEV03_R041.wav,VIVOS,VIVOSDEV03,luôn ổn định và các xe trấu khá nặng,test,667e0d7cc8f14c3ee96e0ca2dd8d13863da5c40177156d431abcf2eac65d59ac,luôn ổn định và các xe cháu khá nặng,0.1111111111111111,0.08333333333333333,1,0,0,9,36,3,0.9805311000091024,2.9375,0.33379782127969443,PASS,
VIVOSDEV04_R013,benchmark_data/external/vivos/selected/VIVOSDEV04/VIVOSDEV04_R013.wav,VIVOS,VIVOSDEV04,nghĩa là kém cỏi nam tính hay sao,test,fb4e02747c3c8521094f2f44e99d9c181faf9f2d7a819952efef92704c66d05b,nghĩa là kiếm cỏ nam tính hay sao,0.25,0.09090909090909091,2,0,0,8,33,3,1.4936263000126928,3.841,0.38886391565027145,PASS,
VIVOSDEV05_055,benchmark_data/external/vivos/selected/VIVOSDEV05/VIVOSDEV05_055.wav,VIVOS,VIVOSDEV05,nhưng mức án tử hình đối với các bị cáo là tương xứng,test,95c71003eb82ee6184c537822f9155ca9e55e8c42d7cbfe13a6586156fff4171,những mức án tử hình đối với các bị cáo là tương xứng,0.07692307692307693,0.018867924528301886,1,0,0,13,53,1,1.3799738000379875,3.34375,0.41270244487117386,PASS,
VIVOSDEV06_022,benchmark_data/external/vivos/selected/VIVOSDEV06/VIVOSDEV06_022.wav,VIVOS,VIVOSDEV06,lính cứu hỏa khó tiếp cận hiện trường,test,2cb37ffd2600ab10ac6d8fb3e4c816452f7bc29c0c01875f70efa79aea8bb9c3,lính cứu hỏa khó tiếp cận hiện trường,0.0,0.0,0,0,0,8,37,0,1.1950038999784738,3.125,0.3824012479931116,PASS,
VIVOSDEV07_039,benchmark_data/external/vivos/selected/VIVOSDEV07/VIVOSDEV07_039.wav,VIVOS,VIVOSDEV07,gió trời không thể thông thốc thổi vào khai trung,test,684276f737982a73f7f356d22e90e99a087f6e67f80a05e5c94f8b3677bf2643,gió trời không thể không thúc thổi vào khai trung,0.2,0.04081632653061224,2,0,0,10,49,2,2.3702817000448704,3.8125,0.6217132327986545,PASS,
VIVOSDEV08_032,benchmark_data/external/vivos/selected/VIVOSDEV08/VIVOSDEV08_032.wav,VIVOS,VIVOSDEV08,sẽ không khiến bạn trông gầy như những trang phục một màu,test,f782e709467519eef24a77a0e14c9107603da12e536ebb1c0bb4b254189e5c33,sẽ không khiến bạn trông gầy như những trang phục một màu,0.0,0.0,0,0,0,12,57,0,2.8424204000039026,5.1875,0.5479364626513548,PASS,
VIVOSDEV09_038,benchmark_data/external/vivos/selected/VIVOSDEV09/VIVOSDEV09_038.wav,VIVOS,VIVOSDEV09,phòng trà khiêu vũ cánh quạt cối xay đỏ,test,dc1c4df4b2f73d1a332bc6ba272a49608ea9233eeaeb6d2f7d659c4ee7b04e4d,phòng trà khiêu vũ cánh quạt cối xay đỏ,0.0,0.0,0,0,0,9,39,0,1.1431615999899805,3.71875,0.3074047999973057,PASS,
VIVOSDEV10_024,benchmark_data/external/vivos/selected/VIVOSDEV10/VIVOSDEV10_024.wav,VIVOS,VIVOSDEV10,ngoài trời mưa cứ lay phay rắc hạt,test,5573b95c8d842a48dcb5f1a056786828fac102dd7d1b4d7a7ed5a06fab18b631,ngoài trời mưa chứ ai phải rách hạt,0.5,0.20588235294117646,4,0,0,8,34,7,1.3271182000171393,2.9375,0.4517849191547708,PASS,
VIVOSDEV11_038,benchmark_data/external/vivos/selected/VIVOSDEV11/VIVOSDEV11_038.wav,VIVOS,VIVOSDEV11,mà phải chuyển qua hình thức giao dịch,test,076546a2f5796d8a651b7fb58d0807a104f9d117463e5fb3fff07553c3f3240b,mà phải chuyển qua hình thức giao dịch,0.0,0.0,0,0,0,8,38,0,0.929834500013385,2.3125,0.4020905946003827,PASS,
VIVOSDEV12_054,benchmark_data/external/vivos/selected/VIVOSDEV12/VIVOSDEV12_054.wav,VIVOS,VIVOSDEV12,thiếu sự quan tâm đúng mức từ các cơ quan chức năng,test,28472a30ff5e5983453933c00086549f644b288b9b7c5c96a1abd25db6517247,thiếu sự quan tâm đúng mức từ các cơ quan chức năng,0.0,0.0,0,0,0,12,51,0,1.359019299969077,4.875,0.2787731897372466,PASS,
VIVOSDEV13_061,benchmark_data/external/vivos/selected/VIVOSDEV13/VIVOSDEV13_061.wav,VIVOS,VIVOSDEV13,nhưng sau nghe con nói ra nói vào lại ác cảm với em,test,a08e76c8d3de8b58f2cc03be135e283a674965be1234d2d3c249c57b8b255cf9,nhưng sao nghe con nói ra nói vào lại ác cảm với,0.15384615384615385,0.0784313725490196,1,1,0,13,51,4,1.2515569000388496,4.124375,0.30345371117777836,PASS,
VIVOSDEV14_079,benchmark_data/external/vivos/selected/VIVOSDEV14/VIVOSDEV14_079.wav,VIVOS,VIVOSDEV14,vậy ai sẽ chịu trách nhiệm về những trường hợp này,test,0e5174bf330ca8713b29132e894aa00bee8f435e8aa991a00da30cc32de8f8e5,vậy ai sẽ chịu trách nhiệm về những trường hợp này,0.0,0.0,0,0,0,11,50,0,0.9426240000175312,3.374375,0.279347731066503,PASS,
VIVOSDEV15_021,benchmark_data/external/vivos/selected/VIVOSDEV15/VIVOSDEV15_021.wav,VIVOS,VIVOSDEV15,màu son trông thật tuyệt trên bất kì màu da nào,test,6670b3df8044663bd7a716c7bc048e8a7b4a82bc97e9b764d8e287e6aa0dc0b2,màu son trông thật tuyệt trên bất kì màu da nào,0.0,0.0,0,0,0,11,47,0,0.9416716999839991,3.436875,0.2739906746634658,PASS,
VIVOSDEV16_050,benchmark_data/external/vivos/selected/VIVOSDEV16/VIVOSDEV16_050.wav,VIVOS,VIVOSDEV16,tháng bảy nhiều người con khóc nên trời buồn và khóc theo,test,180133c239f485471bc07d68f8802f5773e72e074cb28710eb59c6c2e845f52e,tháng 7 nhiều người con khóc nên trời buồn và khóc theo,0.08333333333333333,0.05263157894736842,1,0,0,12,57,3,1.1759441000176594,3.749375,0.31363736623241456,PASS,
VIVOSDEV17_048,benchmark_data/external/vivos/selected/VIVOSDEV17/VIVOSDEV17_048.wav,VIVOS,VIVOSDEV17,phim chiếu nguyên bản tiếng pháp có phụ đề tiếng việt,test,30f59b5ef104728f3a1a8d181e2f50330674ce507ea8395551d8cb36add40870,phim chiếu nguyên bản tiếng pháp có phụ đề tiếng việt,0.0,0.0,0,0,0,11,53,0,1.090263199992478,3.749375,0.29078531755091924,PASS,
VIVOSDEV18_051,benchmark_data/external/vivos/selected/VIVOSDEV18/VIVOSDEV18_051.wav,VIVOS,VIVOSDEV18,nhưng nhiều du khách thấy thất vọng khi lên đến nơi,test,4482f457986bff2944cc031f70f58475ed52b286b5b10b41d963432664a588b1,nhưng nhiều du khách vẫn thấy thất vọng khi lên đến nơi,0.09090909090909091,0.0784313725490196,0,0,1,11,51,4,0.8803116999915801,2.874375,0.30626195259546163,PASS,
VIVOSDEV19_024,benchmark_data/external/vivos/selected/VIVOSDEV19/VIVOSDEV19_024.wav,VIVOS,VIVOSDEV19,tuy nhiên tôi nghĩ cậu ta xứng đáng với chức vô địch,test,2d465561aab9816dd028898132d69f9523e54a8acb02de562b56cb96ed96d07b,tuy nhiên tôi nghĩ cậu ta xứng đáng với chức vô địch,0.0,0.0,0,0,0,12,52,0,0.8784713000059128,3.905625,0.2249246407440327,PASS,
VIVOSDEV01_R034,benchmark_data/external/vivos/selected/VIVOSDEV01/VIVOSDEV01_R034.wav,VIVOS,VIVOSDEV01,người ta nói,test,896c65f46d894f64c1bbafa9145be84583102acfdd81ac9eaa33ecb525d62796,người ta nói,0.0,0.0,0,0,0,3,12,0,0.8213001000112854,1.9375,0.42389682581227633,PASS,
VIVOSDEV02_R032,benchmark_data/external/vivos/selected/VIVOSDEV02/VIVOSDEV02_R032.wav,VIVOS,VIVOSDEV02,y tế bình hưng hòa bị hư hỏng,test,dfdac1b51169ee1dad8073915d2ed2a29aaa744ed5de6fbd0ae700b2597255e9,y tế bình hưng hòa bị hư hỏng,0.0,0.0,0,0,0,8,29,0,0.8223866000189446,3.4375,0.23923973818732933,PASS,
VIVOSDEV03_R044,benchmark_data/external/vivos/selected/VIVOSDEV03/VIVOSDEV03_R044.wav,VIVOS,VIVOSDEV03,và khi họ vạch tóc ra,test,bc1602ec7bb8f9a1b6dd4a72728a3fa1b7009116495a0fd1ed2c6c5ef99e37eb,và khi họ vận tốc ra,0.3333333333333333,0.19047619047619047,2,0,0,6,21,4,0.81107970001176,2.9375,0.27611223830187576,PASS,
VIVOSDEV04_R023,benchmark_data/external/vivos/selected/VIVOSDEV04/VIVOSDEV04_R023.wav,VIVOS,VIVOSDEV04,chính bà cũng là người nung nấu niềm đam mê diễn xuất của cô con gái,test,ca7302490cb52feee6d1b97d2dd353e4e26bd69e079e57a73422ea4ed6139b93,93 cũng là người nung nấu niềm đam mê diễn xuất của cô con gái,0.125,0.11764705882352941,1,1,0,16,68,8,1.42328060005093,6.375,0.22325970196877332,PASS,
VIVOSDEV05_065,benchmark_data/external/vivos/selected/VIVOSDEV05/VIVOSDEV05_065.wav,VIVOS,VIVOSDEV05,những người sống thì tha thẩn trong nhà ngoài ngõ,test,3a1f6dfc5b7ed4a64067b1c819c20cb9ff137fc9658861c492a2a77b4401a176,những người sống thì tha thu trong nhà ngoài ngõ,0.1,0.04081632653061224,1,0,0,10,49,2,1.095502000011038,3.65625,0.29962447863549757,PASS,
