sequence,message_type,serialization_and_mock_write_ms
0,subtitle,0.11369999265298247
1,subtitle,0.07930000720079988
2,subtitle,0.06220000796020031
3,subtitle,0.06079999729990959
4,subtitle,0.0594000011915341
5,subtitle,0.06320000102277845
6,subtitle,0.06179999036248773
7,subtitle,4.358699996373616
8,subtitle,0.07900000491645187
9,subtitle,0.06479999865405262
10,subtitle,0.06050000956747681
11,subtitle,0.06150000263005495
12,subtitle,0.05979998968541622
13,subtitle,0.05849999433849007
14,subtitle,0.059699988923966885
15,subtitle,0.05950000195298344
16,subtitle,0.05879999662283808
17,subtitle,0.05800000508315861
18,subtitle,0.0574999867239967
19,subtitle,0.0577000027988106
20,subtitle,0.05789998976979405
21,subtitle,0.05990000499878079
22,subtitle,0.05839999357704073
23,subtitle,0.06199999188538641
24,subtitle,0.060999998822808266
25,subtitle,0.05950000195298344
26,subtitle,0.0602000072831288
27,subtitle,0.05989999044686556
28,subtitle,0.0594000011915341
29,subtitle,0.05919999966863543
30,subtitle,0.05879999662283808
31,subtitle,0.05729999975301325
32,subtitle,0.05819999205414206
33,subtitle,0.05970000347588211
34,subtitle,0.06180000491440296
35,subtitle,0.06040000880602747
36,subtitle,0.060000005760230124
37,subtitle,6.002999987686053
38,subtitle,0.08100000559352338
39,subtitle,0.06690000009257346
40,subtitle,0.0653000024612993
41,subtitle,0.06599999323952943
42,subtitle,0.06230000872164965
43,subtitle,0.6901000015204772
44,subtitle,0.1984999980777502
45,subtitle,0.07419999747071415
46,subtitle,0.06510000093840063
47,subtitle,0.062000006437301636
48,subtitle,0.06150000263005495
49,subtitle,0.0610999995842576
50,subtitle,0.06429999484680593
51,subtitle,0.06680001388303936
52,subtitle,0.07049999840091914
53,subtitle,0.04619998799171299
54,subtitle,0.0568000104976818
55,subtitle,0.06160000339150429
56,subtitle,0.06690000009257346
57,subtitle,0.06330000178422779
58,subtitle,0.06250001024454832
59,subtitle,0.06070001109037548
60,subtitle,0.06340000254567713
61,subtitle,0.06199999188538641
62,subtitle,0.060699996538460255
63,subtitle,0.05950000195298344
64,subtitle,0.061699989601038396
65,subtitle,0.060600010328926146
66,subtitle,0.06160000339150429
67,subtitle,0.06089999806135893
68,subtitle,0.06160000339150429
69,subtitle,0.059300000430084765
70,subtitle,0.05919999966863543
71,subtitle,0.05950000195298344
72,subtitle,0.0627999979769811
73,subtitle,0.05919999966863543
74,subtitle,5.058700000518002
75,subtitle,0.07840000034775585
76,subtitle,0.07439999899361283
77,subtitle,0.06500000017695129
78,subtitle,0.0641999940853566
79,subtitle,0.0650999863864854
80,subtitle,0.0610999995842576
81,subtitle,0.060999998822808266
82,subtitle,0.05879999662283808
83,subtitle,0.05869999586138874
84,subtitle,0.06049999501556158
85,subtitle,0.06120000034570694
86,subtitle,0.06120000034570694
87,subtitle,0.06380000559147447
88,subtitle,0.06669999856967479
89,subtitle,0.062400009483098984
90,subtitle,0.062399994931183755
91,subtitle,0.06459999713115394
92,subtitle,0.06389999180100858
93,subtitle,0.060399994254112244
94,subtitle,0.057900004321709275
95,subtitle,0.05769998824689537
96,subtitle,0.062000006437301636
97,subtitle,0.06199999188538641
98,subtitle,0.05979998968541622
99,subtitle,0.05970000347588211
100,subtitle,0.0627999979769811
101,subtitle,0.05959998816251755
102,subtitle,0.05709999823011458
103,subtitle,4.161400007433258
104,subtitle,0.07490000280085951
105,subtitle,0.059200014220550656
106,subtitle,0.05810000584460795
107,subtitle,0.05970000347588211
108,subtitle,0.06510000093840063
109,subtitle,0.058599995099939406
110,subtitle,0.058200006606057286
111,subtitle,0.057600002037361264
112,subtitle,0.059600002714432776
113,subtitle,0.05970000347588211
114,subtitle,0.060999998822808266
115,subtitle,0.06019999273121357
116,subtitle,0.05889999738428742
117,subtitle,0.05729999975301325
118,subtitle,0.06180000491440296
119,subtitle,0.05919999966863543
120,subtitle,0.062700011767447
121,subtitle,0.06029999349266291
122,subtitle,0.05830000736750662
123,subtitle,0.05789998976979405
124,subtitle,0.06049999501556158
125,subtitle,0.0577000027988106
126,subtitle,0.06049999501556158
127,subtitle,0.06320000102277845
128,subtitle,0.06960000609979033
129,subtitle,0.06319998647086322
130,subtitle,0.06430000939872116
131,subtitle,0.0636000040685758
132,subtitle,0.06550000398419797
133,subtitle,4.962899998645298
134,subtitle,0.13190000026952475
135,subtitle,0.10259999544359744
136,subtitle,1.0544999968260527
137,subtitle,0.06559999019373208
138,subtitle,4.044000001158565
139,subtitle,0.07670000195503235
140,subtitle,0.06029999349266291
141,subtitle,0.058999998145736754
142,subtitle,0.05700001202058047
143,subtitle,0.05669999518431723
144,subtitle,0.057199998991563916
145,subtitle,0.057600002037361264
146,subtitle,0.05740000051446259
147,subtitle,0.057999990531243384
148,subtitle,0.06220000796020031
149,subtitle,0.057900004321709275
150,subtitle,0.08319999324157834
151,subtitle,0.06070001109037548
152,subtitle,0.057199998991563916
153,subtitle,0.056899996707215905
154,subtitle,0.05629999213851988
155,subtitle,0.056500008213333786
156,subtitle,0.12060000153724104
157,subtitle,0.06479999865405262
158,subtitle,0.059300000430084765
159,subtitle,0.05740000051446259
160,subtitle,0.061400001868605614
161,subtitle,0.05869999586138874
162,subtitle,1.6940999921644107
163,subtitle,18.573800000012852
164,subtitle,0.07510000432375818
165,subtitle,0.059300000430084765
166,subtitle,0.05729999975301325
167,subtitle,0.05630000669043511
168,subtitle,0.057200013543479145
169,subtitle,0.05660000897478312
170,subtitle,0.055899989092722535
171,subtitle,0.055800002883188426
172,subtitle,0.0610999995842576
173,subtitle,0.05699999746866524
174,subtitle,0.057199998991563916
175,subtitle,0.05699999746866524
176,subtitle,0.05669999518431723
177,subtitle,0.05629999213851988
178,subtitle,0.055900003644637764
179,subtitle,0.05560000136028975
180,subtitle,0.05560000136028975
181,subtitle,0.055500000598840415
182,subtitle,0.055199998314492404
183,subtitle,0.05509999755304307
184,subtitle,0.05529999907594174
185,subtitle,0.055199998314492404
186,subtitle,0.055199998314492404
187,subtitle,0.05509999755304307
188,subtitle,0.05509999755304307
189,subtitle,0.05500001134350896
190,subtitle,0.054799995268695056
191,subtitle,0.05469999450724572
192,subtitle,0.054800009820610285
193,subtitle,0.05530001362785697
194,subtitle,0.055500000598840415
195,subtitle,27.141099999425933
196,subtitle,0.20650000078603625
197,subtitle,0.06540000322274864
198,subtitle,0.05780000356025994
199,subtitle,0.05739998596254736
200,subtitle,0.06260001100599766
201,subtitle,0.057199998991563916
202,subtitle,0.05640000745188445
203,subtitle,0.05640000745188445
204,subtitle,0.05699999746866524
205,subtitle,0.05669999518431723
206,subtitle,0.05639999289996922
207,subtitle,0.055900003644637764
208,subtitle,0.055800002883188426
209,subtitle,0.055899989092722535
210,subtitle,0.07439999899361283
211,subtitle,0.05669999518431723
212,subtitle,0.0560000044060871
213,subtitle,0.05529999907594174
214,subtitle,0.05570000212173909
215,subtitle,0.05509999755304307
216,subtitle,0.055500000598840415
217,subtitle,0.05560000136028975
218,subtitle,0.05509999755304307
219,subtitle,0.055199998314492404
220,subtitle,0.05500001134350896
221,subtitle,0.05529999907594174
222,subtitle,0.05499999679159373
223,subtitle,0.055199998314492404
224,subtitle,0.05539999983739108
225,subtitle,0.05529999907594174
226,subtitle,0.05679999594576657
227,subtitle,0.05630000669043511
228,subtitle,0.05529999907594174
229,subtitle,0.05539999983739108
230,subtitle,0.05529999907594174
231,subtitle,0.05539999983739108
232,subtitle,0.05769998824689537
233,subtitle,0.0560000044060871
234,subtitle,0.05539999983739108
235,subtitle,0.05529999907594174
236,subtitle,0.055500000598840415
237,subtitle,0.055500000598840415
238,subtitle,0.05529999907594174
239,subtitle,0.055500000598840415
240,subtitle,0.055199998314492404
241,subtitle,0.05529999907594174
242,subtitle,0.05539999983739108
243,subtitle,0.05560000136028975
244,subtitle,0.05529999907594174
245,subtitle,16.42800000263378
246,subtitle,0.501799993799068
247,subtitle,0.21939999714959413
248,subtitle,0.4315999976824969
249,subtitle,0.6364000000758097
250,subtitle,0.0737999944249168
251,subtitle,0.03809999907389283
252,subtitle,0.036299999919719994
253,subtitle,0.03619999915827066
254,subtitle,0.03569999535102397
255,subtitle,0.035899996873922646
256,subtitle,0.06629999552387744
257,subtitle,0.3647999983513728
258,subtitle,0.28419999580364674
259,subtitle,0.04149999585933983
260,subtitle,0.03680000372696668
261,subtitle,0.40180000360123813
262,subtitle,0.04300000728107989
263,subtitle,0.03720000677276403
264,subtitle,0.036299999919719994
265,subtitle,0.036299999919719994
266,subtitle,0.036299999919719994
267,subtitle,0.036299999919719994
268,subtitle,0.12260000221431255
269,subtitle,0.045199994929134846
270,subtitle,0.03650000144261867
271,subtitle,0.035500008380040526
272,subtitle,0.2938999969046563
273,subtitle,25.71600000374019
274,subtitle,0.05050000618211925
275,subtitle,0.037299992982298136
276,subtitle,0.03599999763537198
277,subtitle,0.03789999755099416
278,subtitle,0.04020000051241368
279,subtitle,0.21719999494962394
280,subtitle,0.04320000880397856
281,subtitle,0.038300000596791506
282,subtitle,0.0374000082956627
283,subtitle,0.036900004488416016
284,subtitle,0.036600002204068005
285,subtitle,0.03670000296551734
286,subtitle,0.14869999722577631
287,subtitle,0.04919999628327787
288,subtitle,0.05699999746866524
289,subtitle,0.03949999518226832
290,subtitle,0.05400000372901559
291,subtitle,0.05729999975301325
292,subtitle,0.10469999688211828
293,subtitle,0.05750000127591193
294,subtitle,0.05699999746866524
295,subtitle,0.05709999823011458
296,subtitle,0.05670000973623246
297,subtitle,0.056899996707215905
298,subtitle,0.05629999213851988
299,subtitle,5.121299996972084
300,subtitle,0.05149999924469739
301,subtitle,0.038300000596791506
302,subtitle,0.037300007534213364
303,subtitle,0.037300007534213364
304,subtitle,0.03739999374374747
305,subtitle,7.9421000118600205
306,subtitle,0.45930000487715006
307,subtitle,0.22339999850373715
308,subtitle,0.06970000686123967
309,subtitle,0.26509999588597566
310,subtitle,0.1672000071266666
311,subtitle,0.12329999299254268
312,subtitle,0.0644999963697046
313,subtitle,0.1711999939288944
314,subtitle,0.3648999991128221
315,subtitle,0.06210000719875097
316,subtitle,0.37129998963791877
317,subtitle,0.05909999890718609
318,subtitle,0.1627000019652769
319,subtitle,0.2423999976599589
320,subtitle,0.06089999806135893
321,subtitle,0.2595999976620078
322,subtitle,0.060399994254112244
323,subtitle,0.16729999333620071
324,subtitle,2.7651000127661973
325,subtitle,0.07709999044891447
326,subtitle,0.37779999547638
327,subtitle,0.06150000263005495
328,subtitle,0.561400011065416
329,subtitle,0.33460000122431666
330,subtitle,0.4074999887961894
331,subtitle,0.06849999772384763
332,subtitle,0.2238000015495345
333,subtitle,0.05989999044686556
334,subtitle,0.3623999946285039
335,subtitle,0.060000005760230124
336,subtitle,0.2677000011317432
337,subtitle,0.5029000021750107
338,subtitle,0.06430000939872116
339,subtitle,0.1551000023027882
340,subtitle,0.05919999966863543
341,subtitle,0.2199000009568408
342,subtitle,2.856499995687045
343,subtitle,1.839999997173436
344,subtitle,0.0723000121070072
345,subtitle,0.058999998145736754
346,subtitle,0.044200001866556704
347,subtitle,0.053800002206116915
348,subtitle,0.05740000051446259
349,subtitle,0.3924000047845766
350,subtitle,0.06389999180100858
351,subtitle,0.05709999823011458
352,subtitle,0.06219999340828508
353,subtitle,0.8893000049283728
354,subtitle,0.06819999543949962
355,subtitle,0.1674999948590994
356,subtitle,0.15950000670272857
357,subtitle,0.05919999966863543
358,subtitle,0.16370000957977027
359,subtitle,0.05879999662283808
360,subtitle,0.15870000061113387
361,subtitle,0.058599995099939406
362,subtitle,0.15890000213403255
363,subtitle,0.20789999689441174
364,subtitle,0.06229999416973442
365,subtitle,1.0221999982604757
366,subtitle,0.4397000011522323
367,subtitle,0.2393000031588599
368,subtitle,0.36929998896084726
369,subtitle,0.062399994931183755
370,subtitle,0.05750000127591193
371,subtitle,0.0568000104976818
372,subtitle,0.056599994422867894
373,subtitle,0.05609999061562121
374,subtitle,0.0560000044060871
375,subtitle,0.05570000212173909
376,subtitle,0.05560000136028975
377,subtitle,0.056200005928985775
378,subtitle,0.055899989092722535
379,subtitle,0.056500008213333786
380,subtitle,0.05570000212173909
381,subtitle,0.05560000136028975
382,subtitle,0.055500000598840415
383,subtitle,0.05539999983739108
384,subtitle,0.05649999366141856
385,subtitle,0.6938000005902722
386,subtitle,0.06429999484680593
387,subtitle,0.05639999289996922
388,subtitle,0.05570000212173909
389,subtitle,0.05570000212173909
390,subtitle,0.05560000136028975
391,subtitle,0.08030000026337802
392,subtitle,0.06049999501556158
393,subtitle,0.05669999518431723
394,subtitle,0.055800002883188426
395,subtitle,0.055800002883188426
396,subtitle,0.05699999746866524
397,subtitle,0.05539999983739108
398,subtitle,0.055500000598840415
399,subtitle,0.05529999907594174
400,subtitle,0.0644999963697046
401,subtitle,0.05630000669043511
402,subtitle,0.05509999755304307
403,subtitle,0.055500000598840415
404,subtitle,0.05560000136028975
405,subtitle,0.055199998314492404
406,subtitle,0.11930000619031489
407,subtitle,0.06539998867083341
408,subtitle,0.059300000430084765
409,subtitle,0.057199998991563916
410,subtitle,0.06890000076964498
411,subtitle,0.05780000356025994
412,subtitle,0.0560000044060871
413,subtitle,0.055800002883188426
414,subtitle,0.05560000136028975
415,subtitle,0.056199991377070546
416,subtitle,0.05660000897478312
417,subtitle,0.05729999975301325
418,subtitle,0.0560000044060871
419,subtitle,0.05509999755304307
420,subtitle,0.055500000598840415
421,subtitle,0.07609999738633633
422,subtitle,0.057600002037361264
423,subtitle,0.05539999983739108
424,subtitle,0.0560000044060871
425,subtitle,0.055500000598840415
426,subtitle,0.055500000598840415
427,subtitle,0.05539999983739108
428,subtitle,0.05539999983739108
429,subtitle,0.05539999983739108
430,subtitle,0.055199998314492404
431,subtitle,0.08040000102482736
432,subtitle,0.057199998991563916
433,subtitle,0.055500000598840415
434,subtitle,0.05539999983739108
435,subtitle,0.055199998314492404
436,subtitle,0.05539999983739108
437,subtitle,0.05499999679159373
438,subtitle,0.05660000897478312
439,subtitle,0.055100012104958296
440,subtitle,0.05499999679159373
441,subtitle,0.05489999603014439
442,subtitle,0.05509999755304307
443,subtitle,0.05529999907594174
444,subtitle,0.055199998314492404
445,subtitle,0.05499999679159373
446,subtitle,0.05490001058205962
447,subtitle,0.05500001134350896
448,subtitle,0.05489999603014439
449,subtitle,0.05489999603014439
450,subtitle,0.05529999907594174
451,subtitle,0.057199998991563916
452,subtitle,0.05800000508315861
453,subtitle,0.262100002146326
454,subtitle,0.06540000322274864
455,subtitle,0.05800000508315861
456,subtitle,0.4489999992074445
457,subtitle,0.04700000863522291
458,subtitle,0.036299999919719994
459,subtitle,0.034500000765547156
460,subtitle,0.03430001379456371
461,subtitle,0.033899996196851134
462,subtitle,0.03390001074876636
463,subtitle,0.04400000034365803
464,subtitle,0.0560000044060871
465,subtitle,0.055899989092722535
466,subtitle,0.055500000598840415
467,subtitle,0.055900003644637764
468,subtitle,0.05570000212173909
469,subtitle,0.055800002883188426
470,subtitle,0.0568000104976818
471,subtitle,0.055899989092722535
472,subtitle,0.05570000212173909
473,subtitle,0.0560000044060871
474,subtitle,0.06890000076964498
475,subtitle,0.05729999975301325
476,subtitle,0.07660000119358301
477,subtitle,0.05729999975301325
478,subtitle,0.055900003644637764
479,subtitle,0.05560000136028975
480,subtitle,0.05529999907594174
481,subtitle,0.056899996707215905
482,subtitle,0.05609999061562121
483,subtitle,0.055199998314492404
484,subtitle,0.055500000598840415
485,subtitle,0.05529999907594174
486,subtitle,0.05539999983739108
487,subtitle,0.05539999983739108
488,subtitle,0.055500000598840415
489,subtitle,0.05520001286640763
490,subtitle,0.05509999755304307
491,subtitle,0.05529999907594174
492,subtitle,0.05529999907594174
493,subtitle,0.05509999755304307
494,subtitle,0.05509999755304307
495,subtitle,0.06259999645408243
496,subtitle,0.058999998145736754
497,subtitle,0.056599994422867894
498,subtitle,0.056599994422867894
499,subtitle,0.055800002883188426
500,subtitle,0.05599998985417187
501,subtitle,0.05610000516753644
502,subtitle,0.056199991377070546
503,subtitle,0.055800002883188426
504,subtitle,0.05570000212173909
505,subtitle,0.05599998985417187
506,subtitle,0.05610000516753644
507,subtitle,0.16029999824240804
508,subtitle,0.11069999891333282
509,subtitle,0.05990000499878079
510,subtitle,0.05529999907594174
511,subtitle,0.05499999679159373
512,subtitle,0.05539999983739108
513,subtitle,0.05509999755304307
514,subtitle,0.05539999983739108
515,subtitle,0.05509999755304307
516,subtitle,0.06600000779144466
517,subtitle,0.056899996707215905
518,subtitle,0.055199998314492404
519,subtitle,0.055199998314492404
520,subtitle,0.06269999721553177
521,subtitle,0.05640000745188445
522,subtitle,0.05539999983739108
523,subtitle,0.05569998756982386
524,subtitle,0.05679999594576657
525,subtitle,0.055500000598840415
526,subtitle,0.05560000136028975
527,subtitle,0.0557999883312732
528,subtitle,0.0560000044060871
529,subtitle,0.055500000598840415
530,subtitle,0.055199998314492404
531,subtitle,0.0560000044060871
532,subtitle,0.05509999755304307
533,subtitle,0.05499999679159373
534,subtitle,0.05560000136028975
535,subtitle,0.05570000212173909
536,subtitle,0.05539999983739108
537,subtitle,0.05529999907594174
538,subtitle,0.06029999349266291
539,subtitle,0.055900003644637764
540,subtitle,0.055500000598840415
541,subtitle,0.05570000212173909
542,subtitle,0.09790000331122428
543,subtitle,0.058599995099939406
544,subtitle,0.055199998314492404
545,subtitle,0.055199998314492404
546,subtitle,0.05509999755304307
547,subtitle,0.05529999907594174
548,subtitle,0.05500001134350896
549,subtitle,0.05509999755304307
550,subtitle,0.05629999213851988
551,subtitle,0.05539999983739108
552,subtitle,0.05539999983739108
553,subtitle,0.055199998314492404
554,subtitle,0.05530001362785697
555,subtitle,0.055500000598840415
556,subtitle,0.055500000598840415
557,subtitle,0.055500000598840415
558,subtitle,0.055800002883188426
559,subtitle,0.06479999865405262
560,subtitle,0.057900004321709275
561,subtitle,0.056599994422867894
562,subtitle,0.056200005928985775
563,subtitle,0.057199998991563916
564,subtitle,0.05539999983739108
565,subtitle,0.055500000598840415
566,subtitle,0.05630000669043511
567,subtitle,0.055800002883188426
568,subtitle,0.05539999983739108
569,subtitle,0.055500000598840415
570,subtitle,0.055800002883188426
571,subtitle,0.055500000598840415
572,subtitle,0.05539999983739108
573,subtitle,0.05539999983739108
574,subtitle,0.05539999983739108
575,subtitle,0.05570000212173909
576,subtitle,0.06299999949987978
577,subtitle,0.055500000598840415
578,subtitle,0.05539999983739108
579,subtitle,0.05539999983739108
580,subtitle,0.06249999569263309
581,subtitle,0.056599994422867894
582,subtitle,0.05560000136028975
583,subtitle,0.05529999907594174
584,subtitle,0.05529999907594174
585,subtitle,0.05500001134350896
586,subtitle,0.055500000598840415
587,subtitle,0.05570000212173909
588,subtitle,0.05539999983739108
589,subtitle,0.05499999679159373
590,subtitle,0.05499999679159373
591,subtitle,0.05509999755304307
592,subtitle,0.06010000652167946
593,subtitle,0.05630000669043511
594,subtitle,0.05570000212173909
595,subtitle,0.05740000051446259
596,subtitle,0.055900003644637764
597,subtitle,0.05560000136028975
598,subtitle,0.05570000212173909
599,subtitle,0.055500000598840415
600,subtitle,0.05549998604692519
601,subtitle,0.06059999577701092
602,subtitle,0.05639999289996922
603,subtitle,0.055900003644637764
604,subtitle,0.05560000136028975
605,subtitle,0.055800002883188426
606,subtitle,0.05570000212173909
607,subtitle,0.055500000598840415
608,subtitle,0.0560000044060871
609,subtitle,0.09339999814983457
610,subtitle,0.05849999433849007
611,subtitle,0.055500000598840415
612,subtitle,0.055500000598840415
613,subtitle,0.05520001286640763
614,subtitle,0.0709999876562506
615,subtitle,0.06230000872164965
616,subtitle,0.058200006606057286
617,subtitle,0.056900011259131134
618,subtitle,0.056200005928985775
619,subtitle,0.056500008213333786
620,subtitle,0.05560000136028975
621,subtitle,0.08769999840296805
622,subtitle,0.14829999417997897
623,subtitle,0.06180000491440296
624,subtitle,0.05630000669043511
625,subtitle,0.058299992815591395
626,subtitle,0.058200006606057286
627,subtitle,0.05649999366141856
628,subtitle,0.055900003644637764
629,subtitle,0.05599998985417187
630,subtitle,0.055800002883188426
631,subtitle,0.05560000136028975
632,subtitle,0.056199991377070546
633,subtitle,0.055800002883188426
634,subtitle,0.05629999213851988
635,subtitle,0.0560000044060871
636,subtitle,0.05609999061562121
637,subtitle,0.05640000745188445
638,subtitle,0.056199991377070546
639,subtitle,0.056200005928985775
640,subtitle,0.09789998875930905
641,subtitle,0.059600002714432776
642,subtitle,0.05610000516753644
643,subtitle,0.05610000516753644
644,subtitle,0.06340000254567713
645,subtitle,0.05639999289996922
646,subtitle,0.055900003644637764
647,subtitle,0.055900003644637764
648,subtitle,0.056199991377070546
649,subtitle,0.05610000516753644
650,subtitle,0.0560000044060871
651,subtitle,0.057199998991563916
652,subtitle,0.05640000745188445
653,subtitle,0.05640000745188445
654,subtitle,0.05610000516753644
655,subtitle,0.05709999823011458
656,subtitle,0.056899996707215905
657,subtitle,0.056599994422867894
658,subtitle,0.056500008213333786
659,subtitle,0.05700001202058047
660,subtitle,0.05800000508315861
661,subtitle,0.056599994422867894
662,subtitle,0.05610000516753644
663,subtitle,0.05640000745188445
664,subtitle,0.05629999213851988
665,subtitle,0.06409999332390726
666,subtitle,0.05809999129269272
667,subtitle,0.056200005928985775
668,subtitle,0.0557999883312732
669,subtitle,0.055900003644637764
670,subtitle,0.055800002883188426
671,subtitle,0.05599998985417187
672,subtitle,0.10099999781232327
673,subtitle,0.06520000169984996
674,subtitle,0.05630000669043511
675,subtitle,0.05570000212173909
676,subtitle,0.055900003644637764
677,subtitle,0.06540000322274864
678,subtitle,0.05609999061562121
679,subtitle,0.055900003644637764
680,subtitle,0.055800002883188426
681,subtitle,0.055800002883188426
682,subtitle,0.055500000598840415
683,subtitle,0.05750000127591193
684,subtitle,0.06380000559147447
685,subtitle,0.17559999832883477
686,subtitle,0.06120000034570694
687,subtitle,0.05639999289996922
688,subtitle,0.05539999983739108
689,subtitle,0.055900003644637764
690,subtitle,0.05529999907594174
691,subtitle,0.05529999907594174
692,subtitle,0.05539999983739108
693,subtitle,0.05529999907594174
694,subtitle,0.05630000669043511
695,subtitle,0.05669999518431723
696,subtitle,0.05570000212173909
697,subtitle,0.05639999289996922
698,subtitle,0.055900003644637764
699,subtitle,0.05729999975301325
700,subtitle,0.05610000516753644
701,subtitle,0.03500000457279384
702,subtitle,0.035200006095692515
703,subtitle,0.042800005758181214
704,subtitle,0.07069999992381781
705,subtitle,0.05670000973623246
706,subtitle,0.05629999213851988
707,subtitle,0.03809999907389283
708,subtitle,0.05840000812895596
709,subtitle,0.056199991377070546
710,subtitle,0.055500000598840415
711,subtitle,0.055199998314492404
712,subtitle,0.05529999907594174
713,subtitle,0.05529999907594174
714,subtitle,0.05610000516753644
715,subtitle,0.05570000212173909
716,subtitle,0.05629999213851988
717,subtitle,0.051700000767596066
718,subtitle,0.036299999919719994
719,subtitle,0.03739999374374747
720,subtitle,0.03670000296551734
721,subtitle,0.036600002204068005
722,subtitle,0.03650000144261867
723,subtitle,0.03650000144261867
724,subtitle,0.03640000068116933
725,subtitle,0.037300007534213364
726,subtitle,0.036299999919719994
727,subtitle,0.0354999938281253
728,subtitle,0.0388999906135723
729,subtitle,0.06180000491440296
730,subtitle,0.05679999594576657
731,subtitle,0.04120000812690705
732,subtitle,0.03609999839682132
733,subtitle,0.033500007702969015
734,subtitle,0.033899996196851134
735,subtitle,0.033499993151053786
736,subtitle,0.04129999433644116
737,subtitle,0.05560000136028975
738,subtitle,0.05529999907594174
739,subtitle,0.04990000161342323
740,subtitle,0.03650000144261867
741,subtitle,0.04769999941345304
742,subtitle,0.056599994422867894
743,subtitle,0.05289999535307288
744,subtitle,0.12480000441428274
745,subtitle,0.03789999755099416
746,subtitle,0.03470000228844583
747,subtitle,0.03399999695830047
748,subtitle,0.04130000888835639
749,subtitle,0.05679999594576657
750,subtitle,0.06569999095518142
751,subtitle,0.058299992815591395
752,subtitle,0.035899996873922646
753,subtitle,0.03409999771974981
754,subtitle,0.03270000161137432
755,subtitle,0.05330001295078546
756,subtitle,0.05640000745188445
757,subtitle,0.05629999213851988
758,subtitle,0.056200005928985775
759,subtitle,0.05629999213851988
760,subtitle,0.04870000702794641
761,subtitle,0.057999990531243384
762,subtitle,0.05639999289996922
763,subtitle,0.036299999919719994
764,subtitle,0.033199990866705775
765,subtitle,0.05839999357704073
766,subtitle,0.054799995268695056
767,subtitle,0.034199998481199145
768,subtitle,0.03429999924264848
769,subtitle,0.03410001227166504
770,subtitle,0.03429999924264848
771,subtitle,0.03759999526664615
772,subtitle,0.03440000000409782
773,subtitle,0.033899996196851134
774,subtitle,0.0337999954354018
775,subtitle,0.033899996196851134
776,subtitle,0.033899996196851134
777,subtitle,0.033800009987317026
778,subtitle,0.03499999002087861
779,subtitle,0.03399999695830047
780,subtitle,0.033899996196851134
781,subtitle,0.03409999771974981
782,subtitle,0.03370000922586769
783,subtitle,0.03369999467395246
784,subtitle,0.049000009312294424
785,subtitle,0.034500000765547156
786,subtitle,0.033899996196851134
787,subtitle,0.03360000846441835
788,subtitle,0.03340000694151968
789,subtitle,0.033500007702969015
790,subtitle,0.05599998985417187
791,subtitle,0.04389999958220869
792,subtitle,0.03749999450519681
793,subtitle,0.06160000339150429
794,subtitle,0.056900011259131134
795,subtitle,0.05629999213851988
796,subtitle,0.056200005928985775
797,subtitle,0.055900003644637764
798,subtitle,0.05570000212173909
799,subtitle,0.05560000136028975
800,subtitle,0.055900003644637764
801,subtitle,0.056500008213333786
802,subtitle,0.05669999518431723
803,subtitle,0.05639999289996922
804,subtitle,0.05570000212173909
805,subtitle,0.060300008044578135
806,subtitle,0.056200005928985775
807,subtitle,0.05610000516753644
808,subtitle,0.05640000745188445
809,subtitle,0.056199991377070546
810,subtitle,0.05640000745188445
811,subtitle,0.056199991377070546
812,subtitle,0.056200005928985775
813,subtitle,0.05740000051446259
814,subtitle,0.06160000339150429
815,subtitle,0.056599994422867894
816,subtitle,0.05699999746866524
817,subtitle,0.0560000044060871
818,subtitle,0.05679999594576657
819,subtitle,0.05669999518431723
820,subtitle,0.05630000669043511
821,subtitle,0.07280000136233866
822,subtitle,0.05709999823011458
823,subtitle,0.055900003644637764
824,subtitle,0.05629999213851988
825,subtitle,0.05610000516753644
826,subtitle,0.056199991377070546
827,subtitle,0.0560000044060871
828,subtitle,0.055900003644637764
829,subtitle,0.05609999061562121
830,subtitle,0.0560000044060871
831,subtitle,0.055800002883188426
832,subtitle,0.055899989092722535
833,subtitle,0.0560000044060871
834,subtitle,0.056500008213333786
835,subtitle,0.08289999095723033
836,subtitle,0.05789998976979405
837,subtitle,0.05670000973623246
838,subtitle,0.056200005928985775
839,subtitle,0.05630000669043511
840,subtitle,0.05630000669043511
841,subtitle,0.0560000044060871
842,subtitle,0.05889999738428742
843,subtitle,0.056599994422867894
844,subtitle,0.055900003644637764
845,subtitle,0.05570000212173909
846,subtitle,0.055599986808374524
847,subtitle,0.055500000598840415
848,subtitle,0.05570000212173909
849,subtitle,0.055900003644637764
850,subtitle,0.056599994422867894
851,subtitle,0.05640000745188445
852,subtitle,0.05750000127591193
853,subtitle,0.05950000195298344
854,subtitle,0.07059999916236848
855,subtitle,0.05709999823011458
856,subtitle,0.055900003644637764
857,subtitle,0.055899989092722535
858,subtitle,0.0560000044060871
859,subtitle,0.0560000044060871
860,subtitle,0.06130000110715628
861,subtitle,0.05729999975301325
862,subtitle,0.0560000044060871
863,subtitle,0.05570000212173909
864,subtitle,0.05609999061562121
865,subtitle,0.0560000044060871
866,subtitle,0.0560000044060871
867,subtitle,0.05839999357704073
868,subtitle,0.056200005928985775
869,subtitle,0.06389999180100858
870,subtitle,0.060999998822808266
871,subtitle,0.057900004321709275
872,subtitle,0.0557999883312732
873,subtitle,0.0560000044060871
874,subtitle,0.056199991377070546
875,subtitle,0.055900003644637764
876,subtitle,0.05529999907594174
877,subtitle,0.05539999983739108
878,subtitle,0.055900003644637764
879,subtitle,0.056199991377070546
880,subtitle,0.05709999823011458
881,subtitle,0.056200005928985775
882,subtitle,0.05629999213851988
883,subtitle,0.056500008213333786
884,subtitle,0.056200005928985775
885,subtitle,0.05669999518431723
886,subtitle,0.055500000598840415
887,subtitle,0.056200005928985775
888,subtitle,0.07420001202262938
889,subtitle,0.05729999975301325
890,subtitle,0.05740000051446259
891,subtitle,0.05629999213851988
892,subtitle,0.055800002883188426
893,subtitle,0.05539999983739108
894,subtitle,0.055900003644637764
895,subtitle,0.05629999213851988
896,subtitle,0.056200005928985775
897,subtitle,0.056900011259131134
898,subtitle,0.05700001202058047
899,subtitle,0.057600002037361264
900,subtitle,0.056599994422867894
901,subtitle,0.057199998991563916
902,subtitle,0.056899996707215905
903,subtitle,0.05679999594576657
904,subtitle,0.057199998991563916
905,subtitle,0.057600002037361264
906,subtitle,0.05709999823011458
907,subtitle,0.05740000051446259
908,subtitle,0.056899996707215905
909,subtitle,0.05830000736750662
910,subtitle,0.058600009651854634
911,subtitle,0.057900004321709275
912,subtitle,0.055899989092722535
913,subtitle,0.05660000897478312
914,subtitle,0.0577000027988106
915,subtitle,0.0340000115102157
916,subtitle,0.028800001018680632
917,subtitle,0.029000002541579306
918,subtitle,0.025599991204217076
919,subtitle,0.04529999569058418
920,subtitle,0.05629999213851988
921,subtitle,0.03519999154377729
922,subtitle,0.13179999950807542
923,subtitle,0.08040000102482736
924,subtitle,0.05919999966863543
925,subtitle,0.05779998900834471
926,subtitle,0.05679999594576657
927,subtitle,0.056200005928985775
928,subtitle,0.05639999289996922
929,subtitle,0.0560000044060871
930,subtitle,0.05610000516753644
931,subtitle,0.056200005928985775
932,subtitle,0.10740000288933516
933,subtitle,0.3632000007200986
934,subtitle,0.43119999463669956
935,subtitle,0.06400000711437315
936,subtitle,0.08870000601746142
937,subtitle,0.0594000011915341
938,subtitle,0.05639999289996922
939,subtitle,0.05660000897478312
940,subtitle,0.056900011259131134
941,subtitle,0.056199991377070546
942,subtitle,0.3845000028377399
943,subtitle,0.0678000069456175
944,subtitle,0.059600002714432776
945,subtitle,0.058200006606057286
946,subtitle,0.05869999586138874
947,subtitle,0.05780000356025994
948,subtitle,0.0585000088904053
949,subtitle,0.058299992815591395
950,subtitle,0.05819999205414206
951,subtitle,0.781399998231791
952,subtitle,0.06829999620094895
953,subtitle,0.05879999662283808
954,subtitle,0.05989999044686556
955,subtitle,0.0568000104976818
956,subtitle,0.05729999975301325
957,subtitle,0.05630000669043511
958,subtitle,0.05649999366141856
959,subtitle,0.057199998991563916
960,subtitle,2.2840000019641593
961,subtitle,0.05189998773857951
962,subtitle,0.07490000280085951
963,subtitle,0.035899996873922646
964,subtitle,0.03580001066438854
965,subtitle,0.03579999611247331
966,subtitle,0.03500000457279384
967,subtitle,0.034900003811344504
968,subtitle,0.03530000685714185
969,subtitle,0.03310000465717167
970,subtitle,0.03260000084992498
971,subtitle,0.03229999856557697
972,subtitle,0.07650000043213367
973,subtitle,0.05879999662283808
974,subtitle,0.056199991377070546
975,subtitle,0.055800002883188426
976,subtitle,0.05570000212173909
977,subtitle,0.055900003644637764
978,subtitle,0.05539999983739108
979,subtitle,0.056199991377070546
980,subtitle,0.8642000029794872
981,subtitle,0.06880000000819564
982,subtitle,0.05800000508315861
983,subtitle,0.05909999890718609
984,subtitle,0.05780000356025994
985,subtitle,0.05750000127591193
986,subtitle,0.057900004321709275
987,subtitle,0.0577000027988106
988,subtitle,0.057199998991563916
989,subtitle,0.05839999357704073
990,subtitle,0.05879999662283808
991,subtitle,0.05889999738428742
992,subtitle,0.057199998991563916
993,subtitle,0.057999990531243384
994,subtitle,0.19639999663922936
995,subtitle,0.09790000331122428
996,subtitle,0.06500000017695129
997,subtitle,0.05800000508315861
998,subtitle,0.0568000104976818
999,subtitle,0.05610000516753644
1000,alert,0.06219999340828508
1001,alert,0.05810000584460795
1002,alert,0.05569998756982386
1003,alert,0.05539999983739108
1004,alert,0.06320000102277845
1005,alert,0.07050001295283437
1006,alert,0.05660000897478312
1007,alert,0.05560000136028975
1008,alert,0.05499999679159373
1009,alert,0.12760001118294895
1010,alert,0.21519999427255243
1011,alert,0.06520000169984996
1012,alert,0.057900004321709275
1013,alert,0.05800000508315861
1014,alert,0.05609999061562121
1015,alert,0.08410000009462237
1016,alert,0.05649999366141856
1017,alert,0.05509999755304307
1018,alert,0.05489999603014439
1019,alert,0.055800002883188426
1020,alert,0.05560000136028975
1021,alert,0.055800002883188426
1022,alert,0.0560000044060871
1023,alert,0.05570000212173909
1024,alert,0.05640000745188445
1025,alert,0.05629999213851988
1026,alert,0.07159999222494662
1027,alert,0.05840000812895596
1028,alert,0.057199998991563916
1029,alert,0.05740000051446259
1030,alert,0.05560000136028975
1031,alert,0.054799995268695056
1032,alert,0.055899989092722535
1033,alert,0.17050000315066427
1034,alert,0.21130000823177397
1035,alert,0.06299999949987978
1036,alert,0.05800000508315861
1037,alert,0.056500008213333786
1038,alert,0.05699999746866524
1039,alert,0.05569998756982386
1040,alert,0.05660000897478312
1041,alert,0.05660000897478312
1042,alert,0.05629999213851988
1043,alert,0.05869999586138874
1044,alert,0.08529999468009919
1045,alert,0.05729999975301325
1046,alert,0.15520000306423753
1047,alert,0.18909999926108867
1048,alert,0.07419999747071415
1049,alert,0.0594000011915341
1050,alert,0.05780000356025994
1051,alert,0.05780000356025994
1052,alert,0.05750000127591193
1053,alert,0.05780000356025994
1054,alert,0.05570000212173909
1055,alert,0.055800002883188426
1056,alert,0.05570000212173909
1057,alert,0.0568000104976818
1058,alert,0.05649999366141856
1059,alert,0.05729999975301325
1060,alert,0.07900000491645187
1061,alert,0.05709999823011458
1062,alert,0.056200005928985775
1063,alert,0.0560000044060871
1064,alert,0.05540001438930631
1065,alert,0.05569998756982386
1066,alert,0.055500000598840415
1067,alert,0.055500000598840415
1068,alert,0.05560000136028975
1069,alert,0.0619000056758523
1070,alert,0.05599998985417187
1071,alert,0.055500000598840415
1072,alert,0.0560000044060871
1073,alert,0.05560000136028975
1074,alert,0.055500000598840415
1075,alert,0.05529999907594174
1076,alert,0.05639999289996922
1077,alert,0.0560000044060871
1078,alert,0.05560000136028975
1079,alert,0.05539999983739108
1080,alert,0.055500000598840415
1081,alert,0.055599986808374524
1082,alert,0.055500000598840415
1083,alert,0.05660000897478312
1084,alert,0.05609999061562121
1085,alert,0.05560000136028975
1086,alert,0.05669999518431723
1087,alert,0.05570000212173909
1088,alert,0.055500000598840415
1089,alert,0.055500000598840415
1090,alert,0.06130000110715628
1091,alert,0.056900011259131134
1092,alert,0.05549998604692519
1093,alert,0.057600002037361264
1094,alert,0.07069999992381781
1095,alert,0.05630000669043511
1096,alert,0.05529999907594174
1097,alert,0.05539999983739108
1098,alert,0.055199998314492404
1099,alert,0.055500000598840415
1100,alert,0.062399994931183755
1101,alert,0.05649999366141856
1102,alert,0.05509999755304307
1103,alert,0.185800003237091
1104,alert,0.05529999907594174
1105,alert,0.055900003644637764
1106,alert,0.055199998314492404
1107,alert,0.05529999907594174
1108,alert,0.05539999983739108
1109,alert,0.05539999983739108
1110,alert,0.055900003644637764
1111,alert,0.06049999501556158
1112,alert,0.05639999289996922
1113,alert,0.05560000136028975
1114,alert,0.05560000136028975
1115,alert,0.05560000136028975
1116,alert,0.05560000136028975
1117,alert,0.05629999213851988
1118,alert,0.05660000897478312
1119,alert,0.05560000136028975
1120,alert,0.05539999983739108
1121,alert,0.05500001134350896
1122,alert,0.05499999679159373
1123,alert,0.05509999755304307
1124,alert,0.05529999907594174
1125,alert,0.07809999806340784
1126,alert,0.05769998824689537
1127,alert,0.055800002883188426
1128,alert,0.05499999679159373
1129,alert,0.05500001134350896
1130,alert,0.055100012104958296
1131,alert,0.05499999679159373
1132,alert,0.055199998314492404
1133,alert,0.05970000347588211
1134,alert,0.055899989092722535
1135,alert,0.055500000598840415
1136,alert,0.05539999983739108
1137,alert,0.05530001362785697
1138,alert,0.055199998314492404
1139,alert,0.05509999755304307
1140,alert,0.05560000136028975
1141,alert,0.055800002883188426
1142,alert,0.055199998314492404
1143,alert,0.05539999983739108
1144,alert,0.05529999907594174
1145,alert,0.05539999983739108
1146,alert,0.05499999679159373
1147,alert,0.05520001286640763
1148,alert,0.05569998756982386
1149,alert,0.05660000897478312
1150,alert,0.055899989092722535
1151,alert,0.05560000136028975
1152,alert,0.05570000212173909
1153,alert,0.05529999907594174
1154,alert,0.060000005760230124
1155,alert,0.055900003644637764
1156,alert,0.05560000136028975
1157,alert,0.05599998985417187
1158,alert,0.0560000044060871
1159,alert,0.05560000136028975
1160,alert,0.06720000237692147
1161,alert,0.0568000104976818
1162,alert,0.05549998604692519
1163,alert,0.05539999983739108
1164,alert,0.054800009820610285
1165,alert,0.05499999679159373
1166,alert,0.05499999679159373
1167,alert,0.05520001286640763
1168,alert,0.055199998314492404
1169,alert,0.05529999907594174
1170,alert,0.055500000598840415
1171,alert,0.055199998314492404
1172,alert,0.05529999907594174
1173,alert,0.05529999907594174
1174,alert,0.05539999983739108
1175,alert,0.059600002714432776
1176,alert,0.05630000669043511
1177,alert,0.05529999907594174
1178,alert,0.055500000598840415
1179,alert,0.05570000212173909
1180,alert,0.05530001362785697
1181,alert,0.056200005928985775
1182,alert,0.05509999755304307
1183,alert,0.05490001058205962
1184,alert,0.05539999983739108
1185,alert,0.05499999679159373
1186,alert,0.05509999755304307
1187,alert,0.054799995268695056
1188,alert,0.05950000195298344
1189,alert,0.05560000136028975
1190,alert,0.055900003644637764
1191,alert,0.055800002883188426
1192,alert,0.302100001135841
1193,alert,0.07020001066848636
1194,alert,0.05809999129269272
1195,alert,0.056500008213333786
1196,alert,0.06500000017695129
1197,alert,0.05640000745188445
1198,alert,0.14709999959450215
1199,alert,0.04220000118948519
1200,alert,0.03819999983534217
1201,alert,0.037300007534213364
1202,alert,0.03500000457279384
1203,alert,0.033500007702969015
1204,alert,0.03440000000409782
1205,alert,0.0340000115102157
1206,alert,0.03340000694151968
1207,alert,0.03330000618007034
1208,alert,0.033200005418621004
1209,alert,0.032199997804127634
1210,alert,0.03199999628122896
1211,alert,0.044500004150904715
1212,alert,0.03239999932702631
1213,alert,0.053099996875971556
1214,alert,0.055500000598840415
1215,alert,0.05529999907594174
1216,alert,0.05529999907594174
1217,alert,0.05509999755304307
1218,alert,0.06350000330712646
1219,alert,0.05570000212173909
1220,alert,0.05539999983739108
1221,alert,0.055500000598840415
1222,alert,0.05560000136028975
1223,alert,0.045599997974932194
1224,alert,0.055900003644637764
1225,alert,0.05539999983739108
1226,alert,0.05539999983739108
1227,alert,0.055800002883188426
1228,alert,0.055500000598840415
1229,alert,0.05529999907594174
1230,alert,0.05509999755304307
1231,alert,0.05499999679159373
1232,alert,0.055199998314492404
1233,alert,0.05539999983739108
1234,alert,0.05529999907594174
1235,alert,0.05509999755304307
1236,alert,0.055199998314492404
1237,alert,0.055199998314492404
1238,alert,0.05529999907594174
1239,alert,0.059699988923966885
1240,alert,0.055900003644637764
1241,alert,0.05560000136028975
1242,alert,0.05509999755304307
1243,alert,0.05570000212173909
1244,alert,0.06229999416973442
1245,alert,0.05679999594576657
1246,alert,0.0720999960321933
1247,alert,0.05639999289996922
1248,alert,0.05570000212173909
1249,alert,0.055500000598840415
1250,alert,0.05529999907594174
1251,alert,0.05520001286640763
1252,alert,0.059999991208314896
1253,alert,0.05539999983739108
1254,alert,0.05529999907594174
1255,alert,0.05500001134350896
1256,alert,0.05509999755304307
1257,alert,0.0557999883312732
1258,alert,0.055500000598840415
1259,alert,0.055199998314492404
1260,alert,0.07380000897683203
1261,alert,0.05699999746866524
1262,alert,0.055800002883188426
1263,alert,0.05570000212173909
1264,alert,0.05560000136028975
1265,alert,0.055500000598840415
1266,alert,0.05529999907594174
1267,alert,0.05560000136028975
1268,alert,0.05529999907594174
1269,alert,0.05570000212173909
1270,alert,0.05520001286640763
1271,alert,0.05509999755304307
1272,alert,0.055500000598840415
1273,alert,0.04749999789055437
1274,alert,0.03340000694151968
1275,alert,0.03360000846441835
1276,alert,0.03360000846441835
1277,alert,0.0357000099029392
1278,alert,0.054500007536262274
1279,alert,0.053099996875971556
1280,alert,0.05529999907594174
1281,alert,0.05699999746866524
1282,alert,0.05529999907594174
1283,alert,0.036900004488416016
1284,alert,0.03650000144261867
1285,alert,0.03679998917505145
1286,alert,0.05229999078437686
1287,alert,0.05539999983739108
1288,alert,0.05649999366141856
1289,alert,0.0543000060133636
1290,alert,0.05219999002292752
1291,alert,0.05230000533629209
1292,alert,0.052100003813393414
1293,alert,0.053799987654201686
1294,alert,0.05539999983739108
1295,alert,0.05529999907594174
1296,alert,0.054100004490464926
1297,alert,0.04470000567380339
1298,alert,0.03540000761859119
1299,alert,0.034899989259429276
1300,alert,0.034899989259429276
1301,alert,0.034899989259429276
1302,alert,0.052099989261478186
1303,alert,0.05889999738428742
1304,alert,0.054100004490464926
1305,alert,0.05289999535307288
1306,alert,0.05570000212173909
1307,alert,0.05250000685919076
1308,alert,0.054499992984347045
1309,alert,0.05300001066643745
1310,alert,0.052400006097741425
1311,alert,0.05539999983739108
1312,alert,0.05229999078437686
1313,alert,0.052100003813393414
1314,alert,0.0526000076206401
1315,alert,0.058999998145736754
1316,alert,0.055199998314492404
1317,alert,0.053099996875971556
1318,alert,0.05299999611452222
1319,alert,0.052499992307275534
1320,alert,0.06840001151431352
1321,alert,0.056899996707215905
1322,alert,0.055500000598840415
1323,alert,0.054500007536262274
1324,alert,0.057600002037361264
1325,alert,0.05549998604692519
1326,alert,0.05520001286640763
1327,alert,0.05539999983739108
1328,alert,0.05539999983739108
1329,alert,0.05539999983739108
1330,alert,0.05599998985417187
1331,alert,0.05630000669043511
1332,alert,0.05570000212173909
1333,alert,0.05539999983739108
1334,alert,0.055500000598840415
1335,alert,0.05529999907594174
1336,alert,0.055500000598840415
1337,alert,0.055500000598840415
1338,alert,0.055500000598840415
1339,alert,0.055199998314492404
1340,alert,0.05599998985417187
1341,alert,0.05499999679159373
1342,alert,0.05490001058205962
1343,alert,0.05509999755304307
1344,alert,0.05489999603014439
1345,alert,0.059300000430084765
1346,alert,0.055900003644637764
1347,alert,0.05489999603014439
1348,alert,0.05509999755304307
1349,alert,0.05500001134350896
1350,alert,0.05560000136028975
1351,alert,0.055199998314492404
1352,alert,0.05520001286640763
1353,alert,0.05489999603014439
1354,alert,0.06809999467805028
1355,alert,0.05649999366141856
1356,alert,0.05520001286640763
1357,alert,0.055199998314492404
1358,alert,0.0557999883312732
1359,alert,0.055599986808374524
1360,alert,0.05500001134350896
1361,alert,0.055199998314492404
1362,alert,0.05539999983739108
1363,alert,0.055199998314492404
1364,alert,0.055199998314492404
1365,alert,0.05529999907594174
1366,alert,0.05990000499878079
1367,alert,0.055900003644637764
1368,alert,0.05499999679159373
1369,alert,0.05529999907594174
1370,alert,0.05529999907594174
1371,alert,0.05630000669043511
1372,alert,0.05560000136028975
1373,alert,0.05560000136028975
1374,alert,0.056200005928985775
1375,alert,0.05509999755304307
1376,alert,0.05529999907594174
1377,alert,0.05509999755304307
1378,alert,0.05520001286640763
1379,alert,0.06549998943228275
1380,alert,0.059300000430084765
1381,alert,0.05599998985417187
1382,alert,0.05530001362785697
1383,alert,0.05509999755304307
1384,alert,0.055500000598840415
1385,alert,0.05499999679159373
1386,alert,0.05499999679159373
1387,alert,0.05499999679159373
1388,alert,0.060000005760230124
1389,alert,0.06750000466126949
1390,alert,0.0560000044060871
1391,alert,0.05539999983739108
1392,alert,0.05509999755304307
1393,alert,0.05509999755304307
1394,alert,0.05539999983739108
1395,alert,0.05539999983739108
1396,alert,0.055199998314492404
1397,alert,0.05529999907594174
1398,alert,0.05509999755304307
1399,alert,0.05190000229049474
1400,alert,0.051399998483248055
1401,alert,0.055500000598840415
1402,alert,0.05520001286640763
1403,alert,0.05670000973623246
1404,alert,0.06059999577701092
1405,alert,0.056199991377070546
1406,alert,0.055199998314492404
1407,alert,0.055100012104958296
1408,alert,0.05509999755304307
1409,alert,0.05990000499878079
1410,alert,0.055500000598840415
1411,alert,0.05490001058205962
1412,alert,0.05489999603014439
1413,alert,0.054500007536262274
1414,alert,0.05499999679159373
1415,alert,0.05499999679159373
1416,alert,0.055900003644637764
1417,alert,0.05509999755304307
1418,alert,0.055199998314492404
1419,alert,0.05509999755304307
1420,alert,0.05529999907594174
1421,alert,0.05509999755304307
1422,alert,0.05499999679159373
1423,alert,0.06770000618416816
1424,alert,0.055900003644637764
1425,alert,0.05539999983739108
1426,alert,0.05509999755304307
1427,alert,0.05539999983739108
1428,alert,0.05539999983739108
1429,alert,0.055100012104958296
1430,alert,0.0594000011915341
1431,alert,0.055800002883188426
1432,alert,0.055199998314492404
1433,alert,0.13780000153928995
1434,alert,0.05669999518431723
1435,alert,0.05649999366141856
1436,alert,0.05560000136028975
1437,alert,0.05509999755304307
1438,alert,0.05500001134350896
1439,alert,0.05499999679159373
1440,alert,0.05509999755304307
1441,alert,0.05499999679159373
1442,alert,0.0594000011915341
1443,alert,0.056599994422867894
1444,alert,0.05560000136028975
1445,alert,0.055500000598840415
1446,alert,0.054799995268695056
1447,alert,0.054800009820610285
1448,alert,0.05539999983739108
1449,alert,0.055500000598840415
1450,alert,0.055500000598840415
1451,alert,0.05909999890718609
1452,alert,0.055500000598840415
1453,alert,0.05469999450724572
1454,alert,0.054799995268695056
1455,alert,0.054799995268695056
1456,alert,0.06979999307077378
1457,alert,0.05570000212173909
1458,alert,0.05610000516753644
1459,alert,0.055100012104958296
1460,alert,0.05499999679159373
1461,alert,0.05489999603014439
1462,alert,0.05489999603014439
1463,alert,0.055100012104958296
1464,alert,0.05469999450724572
1465,alert,0.05489999603014439
1466,alert,0.05470000905916095
1467,alert,0.05599998985417187
1468,alert,0.05500001134350896
1469,alert,0.05509999755304307
1470,alert,0.05469999450724572
1471,alert,0.05460000829771161
1472,alert,0.054799995268695056
1473,alert,0.0594000011915341
1474,alert,0.2049000031547621
1475,alert,0.06529998790938407
1476,alert,0.06009999196976423
1477,alert,0.04980000085197389
1478,alert,0.037299992982298136
1479,alert,0.04289999196771532
1480,alert,0.15249999705702066
1481,alert,0.04579999949783087
1482,alert,0.03749999450519681
1483,alert,0.03510000533424318
1484,alert,0.03360000846441835
1485,alert,0.03270000161137432
1486,alert,0.03260000084992498
1487,alert,0.03260000084992498
1488,alert,0.03260000084992498
1489,alert,0.033800009987317026
1490,alert,0.035500008380040526
1491,alert,0.035299992305226624
1492,alert,0.0354999938281253
1493,alert,0.03239999932702631
1494,alert,0.057199998991563916
1495,alert,0.05329999839887023
1496,alert,0.05400000372901559
1497,alert,0.05420000525191426
1498,alert,0.05560000136028975
1499,alert,0.05439999222289771
1500,alert,0.05440000677481294
1501,alert,0.05560000136028975
1502,alert,0.06839999696239829
1503,alert,0.055100012104958296
1504,alert,0.05439999222289771
1505,alert,0.05460000829771161
1506,alert,0.06130000110715628
1507,alert,0.054799995268695056
1508,alert,0.054499992984347045
1509,alert,0.05440000677481294
1510,alert,0.054799995268695056
1511,alert,0.05520001286640763
1512,alert,0.05439999222289771
1513,alert,0.05420000525191426
1514,alert,0.05429999146144837
1515,alert,0.05910001345910132
1516,alert,0.0560000044060871
1517,alert,0.054799995268695056
1518,alert,0.05440000677481294
1519,alert,0.05429999146144837
1520,alert,0.0543000060133636
1521,alert,0.054100004490464926
1522,alert,0.05399998917710036
1523,alert,0.0540999899385497
1524,alert,0.05390000296756625
1525,alert,0.05440000677481294
1526,alert,0.05399998917710036
1527,alert,0.054100004490464926
1528,alert,0.053800002206116915
1529,alert,0.0543000060133636
1530,alert,0.05520001286640763
1531,alert,0.054100004490464926
1532,alert,0.05420000525191426
1533,alert,0.05390000296756625
1534,alert,0.05400000372901559
1535,alert,0.05389998841565102
1536,alert,0.058900011936202645
1537,alert,0.06880000000819564
1538,alert,0.05489999603014439
1539,alert,0.05400000372901559
1540,alert,0.054100004490464926
1541,alert,0.054100004490464926
1542,alert,0.05389998841565102
1543,alert,0.05389998841565102
1544,alert,0.055199998314492404
1545,alert,0.05400000372901559
1546,alert,0.05370000144466758
1547,alert,0.05389998841565102
1548,alert,0.05400000372901559
1549,alert,0.0543000060133636
1550,alert,0.05459999374579638
1551,alert,0.05420000525191426
1552,alert,0.0543000060133636
1553,alert,0.05400000372901559
1554,alert,0.0540999899385497
1555,alert,0.0543000060133636
1556,alert,0.05400000372901559
1557,alert,0.05390000296756625
1558,alert,0.05919999966863543
1559,alert,0.05469999450724572
1560,alert,0.053800002206116915
1561,alert,0.053800002206116915
1562,alert,0.05539999983739108
1563,alert,0.05400000372901559
1564,alert,0.03919999289792031
1565,alert,0.031000003218650818
1566,alert,0.038300000596791506
1567,alert,0.053800002206116915
1568,alert,0.05390000296756625
1569,alert,0.05390000296756625
1570,alert,0.058599995099939406
1571,alert,0.0543000060133636
1572,alert,0.054199990699999034
1573,alert,0.06640001083724201
1574,alert,0.05509999755304307
1575,alert,0.053800002206116915
1576,alert,0.04539999645203352
1577,alert,0.03270000161137432
1578,alert,0.03260000084992498
1579,alert,0.03540000761859119
1580,alert,0.033200005418621004
1581,alert,0.032800002372823656
1582,alert,0.03269998705945909
1583,alert,0.03749999450519681
1584,alert,0.05080000846646726
1585,alert,0.04430000262800604
1586,alert,0.047299996367655694
1587,alert,0.05080000846646726
1588,alert,0.04289999196771532
1589,alert,0.04269999044481665
1590,alert,0.043100008042529225
1591,alert,0.04289999196771532
1592,alert,0.047299996367655694
1593,alert,0.054100004490464926
1594,alert,0.05529999907594174
1595,alert,0.05440000677481294
1596,alert,0.0540999899385497
1597,alert,0.054199990699999034
1598,alert,0.0543000060133636
1599,alert,0.054199990699999034
1600,alert,0.05979998968541622
1601,alert,0.055199998314492404
1602,alert,0.05400000372901559
1603,alert,0.054100004490464926
1604,alert,0.0540999899385497
1605,alert,0.054100004490464926
1606,alert,0.05390000296756625
1607,alert,0.0543000060133636
1608,alert,0.0540999899385497
1609,alert,0.054100004490464926
1610,alert,0.053800002206116915
1611,alert,0.05370000144466758
1612,alert,0.05390000296756625
1613,alert,0.06779999239370227
1614,alert,0.05489999603014439
1615,alert,0.05400000372901559
1616,alert,0.054100004490464926
1617,alert,0.05370000144466758
1618,alert,0.054199990699999034
1619,alert,0.05420000525191426
1620,alert,0.05400000372901559
1621,alert,0.058599995099939406
1622,alert,0.05509999755304307
1623,alert,0.05440000677481294
1624,alert,0.054199990699999034
1625,alert,0.05539999983739108
1626,alert,0.0543000060133636
1627,alert,0.05420000525191426
1628,alert,0.05509999755304307
1629,alert,0.05429999146144837
1630,alert,0.05399998917710036
1631,alert,0.05400000372901559
1632,alert,0.05400000372901559
1633,alert,0.05390000296756625
1634,alert,0.0644999963697046
1635,alert,0.058299992815591395
1636,alert,0.05570000212173909
1637,alert,0.05420000525191426
1638,alert,0.050399990868754685
1639,alert,0.027799993404187262
1640,alert,0.0543000060133636
1641,alert,0.05429999146144837
1642,alert,0.054100004490464926
1643,alert,0.059300000430084765
1644,alert,0.0543000060133636
1645,alert,0.0540999899385497
1646,alert,0.05400000372901559
1647,alert,0.05420000525191426
1648,alert,0.06649999704677612
1649,alert,0.055199998314492404
1650,alert,0.054199990699999034
1651,alert,0.05389998841565102
1652,alert,0.05400000372901559
1653,alert,0.05390000296756625
1654,alert,0.05400000372901559
1655,alert,0.05399998917710036
1656,alert,0.05390000296756625
1657,alert,0.05489999603014439
1658,alert,0.05420000525191426
1659,alert,0.05390000296756625
1660,alert,0.054199990699999034
1661,alert,0.054100004490464926
1662,alert,0.054100004490464926
1663,alert,0.054199990699999034
1664,alert,0.058200006606057286
1665,alert,0.05439999222289771
1666,alert,0.054100004490464926
1667,alert,0.05400000372901559
1668,alert,0.054100004490464926
1669,alert,0.0540999899385497
1670,alert,0.054100004490464926
1671,alert,0.05500001134350896
1672,alert,0.05400000372901559
1673,alert,0.0543000060133636
1674,alert,0.05370000144466758
1675,alert,0.05369998689275235
1676,alert,0.05390000296756625
1677,alert,0.05400000372901559
1678,alert,0.05420000525191426
1679,alert,0.054100004490464926
1680,alert,0.05389998841565102
1681,alert,0.05370000144466758
1682,alert,0.05370000144466758
1683,alert,0.0644000101601705
1684,alert,0.05570000212173909
1685,alert,0.07150000601541251
1686,alert,0.055199998314492404
1687,alert,0.054199990699999034
1688,alert,0.053800002206116915
1689,alert,0.05460000829771161
1690,alert,0.05389998841565102
1691,alert,0.05370000144466758
1692,alert,0.053800002206116915
1693,alert,0.05370000144466758
1694,alert,0.05370000144466758
1695,alert,0.05370000144466758
1696,alert,0.054100004490464926
1697,alert,0.05819999205414206
1698,alert,0.054100004490464926
1699,alert,0.05360000068321824
1700,alert,0.053800002206116915
1701,alert,0.0540999899385497
1702,alert,0.05420000525191426
1703,alert,0.053800002206116915
1704,alert,0.05390000296756625
1705,alert,0.053800002206116915
1706,alert,0.05740000051446259
1707,alert,0.05460000829771161
1708,alert,0.05420000525191426
1709,alert,0.0540999899385497
1710,alert,0.054100004490464926
1711,alert,0.05390000296756625
1712,alert,0.05390000296756625
1713,alert,0.05370000144466758
1714,alert,0.05520001286640763
1715,alert,0.0543000060133636
1716,alert,0.05400000372901559
1717,alert,0.05390000296756625
1718,alert,0.06439999560825527
1719,alert,0.0557999883312732
1720,alert,0.05460000829771161
1721,alert,0.05520001286640763
1722,alert,0.05429999146144837
1723,alert,0.05420000525191426
1724,alert,0.05400000372901559
1725,alert,0.05400000372901559
1726,alert,0.05399998917710036
1727,alert,0.05390000296756625
1728,alert,0.05880001117475331
1729,alert,0.05440000677481294
1730,alert,0.05420000525191426
1731,alert,0.05389998841565102
1732,alert,0.054199990699999034
1733,alert,0.05390000296756625
1734,alert,0.05420000525191426
1735,alert,0.054100004490464926
1736,alert,0.05429999146144837
1737,alert,0.05420000525191426
1738,alert,0.054100004490464926
1739,alert,0.05400000372901559
1740,alert,0.053800002206116915
1741,alert,0.05370000144466758
1742,alert,0.05370000144466758
1743,alert,0.05370000144466758
1744,alert,0.05399998917710036
1745,alert,0.054100004490464926
1746,alert,0.05390000296756625
1747,alert,0.05390000296756625
1748,alert,0.0540999899385497
1749,alert,0.05879999662283808
1750,alert,0.05459999374579638
1751,alert,0.05420000525191426
1752,alert,0.05489999603014439
1753,alert,0.05400000372901559
1754,alert,0.06559999019373208
1755,alert,0.054799995268695056
1756,alert,0.05490001058205962
1757,alert,0.0540999899385497
1758,alert,0.05440000677481294
1759,alert,0.05400000372901559
1760,alert,0.053799987654201686
1761,alert,0.12379999679978937
1762,alert,0.057600002037361264
1763,alert,0.2376000047661364
1764,alert,0.2859999949578196
1765,alert,0.06790000770706683
1766,alert,0.05750000127591193
1767,alert,0.15700000221841037
1768,alert,0.06290001329034567
1769,alert,0.04959999932907522
1770,alert,0.05809999129269272
1771,alert,0.04879999323748052
1772,alert,0.04749999789055437
1773,alert,0.35850000858772546
1774,alert,0.055800002883188426
1775,alert,0.04890000855084509
1776,alert,0.04870000702794641
1777,alert,0.047599998652003706
1778,alert,0.04769999941345304
1779,alert,0.04780000017490238
1780,alert,0.047200010158121586
1781,alert,0.04780000017490238
1782,alert,0.21559999731834978
1783,alert,0.06410000787582248
1784,alert,0.06089999806135893
1785,alert,0.05750000127591193
1786,alert,0.05709999823011458
1787,alert,0.056599994422867894
1788,alert,0.8778000046731904
1789,alert,0.05990000499878079
1790,alert,0.056899996707215905
1791,alert,0.06500000017695129
1792,alert,0.05669999518431723
1793,alert,0.06079999729990959
1794,alert,0.055500000598840415
1795,alert,0.05499999679159373
1796,alert,0.05469999450724572
1797,alert,0.07660000119358301
1798,alert,0.056500008213333786
1799,alert,0.05490001058205962
1800,alert,0.054799995268695056
1801,alert,0.055500000598840415
1802,alert,0.054799995268695056
1803,alert,0.0543000060133636
1804,alert,0.054499992984347045
1805,alert,0.054500007536262274
1806,alert,0.054499992984347045
1807,alert,0.054100004490464926
1808,alert,0.05439999222289771
1809,alert,0.05439999222289771
1810,alert,0.0543000060133636
1811,alert,0.05439999222289771
1812,alert,0.05490001058205962
1813,alert,0.05989999044686556
1814,alert,0.05470000905916095
1815,alert,0.05469999450724572
1816,alert,0.05539999983739108
1817,alert,0.05439999222289771
1818,alert,0.05460000829771161
1819,alert,0.054499992984347045
1820,alert,0.05420000525191426
1821,alert,0.05429999146144837
1822,alert,0.05460000829771161
1823,alert,0.054199990699999034
1824,alert,0.05420000525191426
1825,alert,0.05879999662283808
1826,alert,0.05489999603014439
1827,alert,0.0543000060133636
1828,alert,0.05439999222289771
1829,alert,0.0543000060133636
1830,alert,0.0543000060133636
1831,alert,0.05429999146144837
1832,alert,0.0720000098226592
1833,alert,0.05560000136028975
1834,alert,0.059300000430084765
1835,alert,0.05469999450724572
1836,alert,0.054500007536262274
1837,alert,0.05459999374579638
1838,alert,0.05490001058205962
1839,alert,0.05439999222289771
1840,alert,0.054799995268695056
1841,alert,0.055500000598840415
1842,alert,0.05489999603014439
1843,alert,0.054500007536262274
1844,alert,0.05469999450724572
1845,alert,0.05469999450724572
1846,alert,0.054500007536262274
1847,alert,0.05439999222289771
1848,alert,0.05599998985417187
1849,alert,0.05490001058205962
1850,alert,0.05459999374579638
1851,alert,0.054500007536262274
1852,alert,0.054199990699999034
1853,alert,0.054500007536262274
1854,alert,0.05429999146144837
1855,alert,0.05470000905916095
1856,alert,0.054799995268695056
1857,alert,0.0543000060133636
1858,alert,0.05459999374579638
1859,alert,0.054500007536262274
1860,alert,0.054499992984347045
1861,alert,0.0543000060133636
1862,alert,0.05439999222289771
1863,alert,0.054199990699999034
1864,alert,0.054100004490464926
1865,alert,0.054100004490464926
1866,alert,0.054499992984347045
1867,alert,0.056199991377070546
1868,alert,0.05489999603014439
1869,alert,0.054500007536262274
1870,alert,0.05440000677481294
1871,alert,0.054499992984347045
1872,alert,0.05460000829771161
1873,alert,0.05459999374579638
1874,alert,0.0543000060133636
1875,alert,0.054199990699999034
1876,alert,0.054500007536262274
1877,alert,0.054500007536262274
1878,alert,0.05439999222289771
1879,alert,0.05460000829771161
1880,alert,0.05439999222289771
1881,alert,0.054500007536262274
1882,alert,0.0540999899385497
1883,alert,0.0543000060133636
1884,alert,0.054499992984347045
1885,alert,0.05440000677481294
1886,alert,0.0543000060133636
1887,alert,0.05439999222289771
1888,alert,0.05420000525191426
1889,alert,0.06079999729990959
1890,alert,0.05830000736750662
1891,alert,0.05539999983739108
1892,alert,0.05470000905916095
1893,alert,0.05429999146144837
1894,alert,0.054500007536262274
1895,alert,0.054199990699999034
1896,alert,0.05420000525191426
1897,alert,0.05400000372901559
1898,alert,0.05459999374579638
1899,alert,0.05400000372901559
1900,alert,0.05420000525191426
1901,alert,0.054100004490464926
1902,alert,0.06659999780822545
1903,alert,0.055199998314492404
1904,alert,0.05459999374579638
1905,alert,0.05440000677481294
1906,alert,0.05439999222289771
1907,alert,0.0543000060133636
1908,alert,0.05459999374579638
1909,alert,0.05440000677481294
1910,alert,0.05420000525191426
1911,alert,0.05429999146144837
1912,alert,0.054100004490464926
1913,alert,0.05539999983739108
1914,alert,0.054499992984347045
1915,alert,0.08219998562708497
1916,alert,0.20219999714754522
1917,alert,0.066100008552894
1918,alert,0.05729999975301325
1919,alert,0.05560000136028975
1920,alert,0.05469999450724572
1921,alert,0.05439999222289771
1922,alert,0.054199990699999034
1923,alert,0.054100004490464926
1924,alert,0.05400000372901559
1925,alert,0.05370000144466758
1926,alert,0.05390000296756625
1927,alert,0.05389998841565102
1928,alert,0.053799987654201686
1929,alert,0.05369998689275235
1930,alert,0.053499999921768904
1931,alert,0.05370000144466758
1932,alert,0.05370000144466758
1933,alert,0.05439999222289771
1934,alert,0.05420000525191426
1935,alert,0.05400000372901559
1936,alert,0.054100004490464926
1937,alert,0.05389998841565102
1938,alert,0.05370000144466758
1939,alert,0.05399998917710036
1940,alert,0.06500000017695129
1941,alert,0.0560000044060871
1942,alert,0.05489999603014439
1943,alert,0.05459999374579638
1944,alert,0.05460000829771161
1945,alert,0.054499992984347045
1946,alert,0.08190001244656742
1947,alert,0.055800002883188426
1948,alert,0.054799995268695056
1949,alert,0.054500007536262274
1950,alert,0.054499992984347045
1951,alert,0.054500007536262274
1952,alert,0.054799995268695056
1953,alert,0.05460000829771161
1954,alert,0.05439999222289771
1955,alert,0.05460000829771161
1956,alert,0.05429999146144837
1957,alert,0.054499992984347045
1958,alert,0.05470000905916095
1959,alert,0.05439999222289771
1960,alert,0.054100004490464926
1961,alert,0.06009999196976423
1962,alert,0.05500001134350896
1963,alert,0.05459999374579638
1964,alert,0.05420000525191426
1965,alert,0.054100004490464926
1966,alert,0.0543000060133636
1967,alert,0.054100004490464926
1968,alert,0.05439999222289771
1969,alert,0.05460000829771161
1970,alert,0.054199990699999034
1971,alert,0.05439999222289771
1972,alert,0.054500007536262274
1973,alert,0.05439999222289771
1974,alert,0.054100004490464926
1975,alert,0.05500001134350896
1976,alert,0.05440000677481294
1977,alert,0.05459999374579638
1978,alert,0.05460000829771161
1979,alert,0.0543000060133636
1980,alert,0.054199990699999034
1981,alert,0.6064000044716522
1982,alert,0.06340000254567713
1983,alert,0.0670000008540228
1984,alert,0.05649999366141856
1985,alert,0.055800002883188426
1986,alert,0.05529999907594174
1987,alert,0.055199998314492404
1988,alert,0.055199998314492404
1989,alert,0.054799995268695056
1990,alert,0.05470000905916095
1991,alert,0.05459999374579638
1992,alert,0.05459999374579638
1993,alert,0.05440000677481294
1994,alert,0.05459999374579638
1995,alert,0.05460000829771161
1996,alert,0.05459999374579638
1997,alert,0.05439999222289771
1998,alert,0.054500007536262274
1999,alert,0.05429999146144837
