elapsed_seconds,cpu_total_capacity_percent,rss_mb,peak_working_set_mb
7.999915396794677e-07,,1181.85546875,1181.9453125
1.8227695999958087,65.89820250364099,1181.9296875,1182.1484375
3.74315929999284,64.88754600183111,1181.734375,1182.0
5.64870219999284,61.80571295456008,1179.984375,1182.2421875
7.479915399992024,71.67379527411583,1180.16015625,1182.40625
9.39685729998746,68.77409143193849,1180.09765625,1182.296875
11.201217499998165,74.14764662798824,1180.09375,1182.29296875
13.01751809999405,69.35887292020135,1180.19140625,1182.390625
14.922994999986258,41.41023698598636,1175.6328125,1182.20703125
