source_filename,source_case,source_dataset,true_source_class,mapped_ced_class,expected_emergency_state,ced_top_1_prediction,ced_confidence,top_k_predictions,alert_mapper_result,fusion_result,final_emergency_output,failure_stage_code,exact_stage_lost
1-17565-A-12.wav,1-17565-A-12,ESC-50,crackling_fire,fire,True,"Crumpling, crinkling",0.5569571256637573,"[{""label"": ""Crumpling, crinkling"", ""score"": 0.5569571256637573}, {""label"": ""Inside, small room"", ""score"": 0.5365538001060486}, {""label"": ""Crack"", ""score"": 0.5169419050216675}, {""label"": ""Crackle"", ""score"": 0.5139451622962952}, {""label"": ""Tearing"", ""score"": 0.5100888013839722}]","{""matched"": false, ""category"": ""unknown"", ""message_vi"": """", ""is_dangerous"": false, ""confidence"": 0.5569571256637573, ""threshold"": null, ""level"": ""LOW""}",not used,no emergency,A,CED failed to recognize the event
1-17742-A-12.wav,1-17742-A-12,ESC-50,crackling_fire,fire,True,Patter,0.5535062551498413,"[{""label"": ""Patter"", ""score"": 0.5535062551498413}, {""label"": ""Fire"", ""score"": 0.5195184350013733}, {""label"": ""Raindrop"", ""score"": 0.5194782614707947}, {""label"": ""Animal"", ""score"": 0.5145073533058167}, {""label"": ""Rain on surface"", ""score"": 0.5132508277893066}]","{""matched"": false, ""category"": ""unknown"", ""message_vi"": """", ""is_dangerous"": false, ""confidence"": 0.5535062551498413, ""threshold"": null, ""level"": ""LOW""}",not used,no emergency,A,CED failed to recognize the event
1-17808-A-12.wav,1-17808-A-12,ESC-50,crackling_fire,fire,True,Rain on surface,0.5407716035842896,"[{""label"": ""Rain on surface"", ""score"": 0.5407716035842896}, {""label"": ""Rain"", ""score"": 0.533286988735199}, {""label"": ""Fire"", ""score"": 0.5302256941795349}, {""label"": ""Bicycle"", ""score"": 0.5259475708007812}, {""label"": ""Vehicle"", ""score"": 0.5207656025886536}]","{""matched"": false, ""category"": ""unknown"", ""message_vi"": """", ""is_dangerous"": false, ""confidence"": 0.5407716035842896, ""threshold"": null, ""level"": ""LOW""}",not used,no emergency,A,CED failed to recognize the event
1-187207-A-20.wav,1-187207-A-20,ESC-50,crying_baby,baby_crying,True,Laughter,0.610967755317688,"[{""label"": ""Laughter"", ""score"": 0.610967755317688}, {""label"": ""Babbling"", ""score"": 0.5571990013122559}, {""label"": ""Baby laughter"", ""score"": 0.5372477173805237}, {""label"": ""Crying, sobbing"", ""score"": 0.5339347720146179}, {""label"": ""Inside, small room"", ""score"": 0.531158447265625}]","{""matched"": false, ""category"": ""unknown"", ""message_vi"": """", ""is_dangerous"": false, ""confidence"": 0.610967755317688, ""threshold"": null, ""level"": ""LOW""}",not used,no emergency,A,CED failed to recognize the event
1-20133-A-39.wav,1-20133-A-39,ESC-50,glass_breaking,glass_breaking,True,Breaking,0.6422007083892822,"[{""label"": ""Breaking"", ""score"": 0.6422007083892822}, {""label"": ""Chink, clink"", ""score"": 0.544488787651062}, {""label"": ""Glass"", ""score"": 0.5369781851768494}, {""label"": ""Sound effect"", ""score"": 0.5295015573501587}, {""label"": ""Smash, crash"", ""score"": 0.5270170569419861}]","{""matched"": false, ""category"": ""unknown"", ""message_vi"": """", ""is_dangerous"": false, ""confidence"": 0.6422007083892822, ""threshold"": null, ""level"": ""LOW""}",not used,no emergency,A,CED failed to recognize the event
1-24074-A-43.wav,1-24074-A-43,ESC-50,car_horn,vehicle_horn,True,Vehicle,0.6793633103370667,"[{""label"": ""Vehicle"", ""score"": 0.6793633103370667}, {""label"": ""Toot"", ""score"": 0.6614120006561279}, {""label"": ""Car"", ""score"": 0.6513397693634033}, {""label"": ""Traffic noise, roadway noise"", ""score"": 0.592185378074646}, {""label"": ""Outside, urban or manmade"", ""score"": 0.5521602630615234}]","{""matched"": false, ""category"": ""unknown"", ""message_vi"": """", ""is_dangerous"": false, ""confidence"": 0.6793633103370667, ""threshold"": null, ""level"": ""LOW""}",not used,no emergency,A,CED failed to recognize the event
1-24076-A-43.wav,1-24076-A-43,ESC-50,car_horn,vehicle_horn,True,Vehicle,0.6848150491714478,"[{""label"": ""Vehicle"", ""score"": 0.6848150491714478}, {""label"": ""Toot"", ""score"": 0.6417822241783142}, {""label"": ""Car"", ""score"": 0.5689998269081116}, {""label"": ""Traffic noise, roadway noise"", ""score"": 0.549160897731781}, {""label"": ""Motor vehicle (road)"", ""score"": 0.5415948033332825}]","{""matched"": false, ""category"": ""unknown"", ""message_vi"": """", ""is_dangerous"": false, ""confidence"": 0.6848150491714478, ""threshold"": null, ""level"": ""LOW""}",not used,no emergency,A,CED failed to recognize the event
1-254507-A-43.wav,1-254507-A-43,ESC-50,car_horn,vehicle_horn,True,Music,0.571916937828064,"[{""label"": ""Music"", ""score"": 0.571916937828064}, {""label"": ""Sound effect"", ""score"": 0.5398411750793457}, {""label"": ""Vehicle"", ""score"": 0.5317025184631348}, {""label"": ""Timpani"", ""score"": 0.5160936117172241}, {""label"": ""Musical instrument"", ""score"": 0.5155878663063049}]","{""matched"": false, ""category"": ""unknown"", ""message_vi"": """", ""is_dangerous"": false, ""confidence"": 0.571916937828064, ""threshold"": null, ""level"": ""LOW""}",not used,no emergency,A,CED failed to recognize the event
1-26177-A-43.wav,1-26177-A-43,ESC-50,car_horn,vehicle_horn,True,Vehicle,0.6697713732719421,"[{""label"": ""Vehicle"", ""score"": 0.6697713732719421}, {""label"": ""Vehicle horn, car horn, honking"", ""score"": 0.6431054472923279}, {""label"": ""Outside, urban or manmade"", ""score"": 0.6100060343742371}, {""label"": ""Car"", ""score"": 0.5876516103744507}, {""label"": ""Toot"", ""score"": 0.5480177998542786}]","{""matched"": false, ""category"": ""unknown"", ""message_vi"": """", ""is_dangerous"": false, ""confidence"": 0.6697713732719421, ""threshold"": null, ""level"": ""LOW""}",not used,no emergency,A,CED failed to recognize the event
1-28808-A-43.wav,1-28808-A-43,ESC-50,car_horn,vehicle_horn,True,Toot,0.7022253274917603,"[{""label"": ""Toot"", ""score"": 0.7022253274917603}, {""label"": ""Vehicle"", ""score"": 0.6792986989021301}, {""label"": ""Speech"", ""score"": 0.6488723158836365}, {""label"": ""Car"", ""score"": 0.6223090887069702}, {""label"": ""Traffic noise, roadway noise"", ""score"": 0.5829806923866272}]","{""matched"": false, ""category"": ""unknown"", ""message_vi"": """", ""is_dangerous"": false, ""confidence"": 0.7022253274917603, ""threshold"": null, ""level"": ""LOW""}",not used,no emergency,B,CED recognized it but alert mapper semantic ontology label was not mapped
1-31482-B-42.wav,1-31482-B-42,ESC-50,siren,siren,True,Emergency vehicle,0.678929328918457,"[{""label"": ""Emergency vehicle"", ""score"": 0.678929328918457}, {""label"": ""Siren"", ""score"": 0.6349565386772156}, {""label"": ""Fire engine, fire truck (siren)"", ""score"": 0.6326725482940674}, {""label"": ""Vehicle"", ""score"": 0.6131734848022461}, {""label"": ""Police car (siren)"", ""score"": 0.5990620851516724}]","{""matched"": false, ""category"": ""unknown"", ""message_vi"": """", ""is_dangerous"": false, ""confidence"": 0.678929328918457, ""threshold"": null, ""level"": ""LOW""}",not used,no emergency,A,CED failed to recognize the event
1-84536-A-39.wav,1-84536-A-39,ESC-50,glass_breaking,glass_breaking,True,Breaking,0.6587580442428589,"[{""label"": ""Breaking"", ""score"": 0.6587580442428589}, {""label"": ""Glass"", ""score"": 0.6029302477836609}, {""label"": ""Shatter"", ""score"": 0.5304998159408569}, {""label"": ""Chink, clink"", ""score"": 0.529854953289032}, {""label"": ""Sound effect"", ""score"": 0.5294698476791382}]","{""matched"": false, ""category"": ""unknown"", ""message_vi"": """", ""is_dangerous"": false, ""confidence"": 0.6587580442428589, ""threshold"": null, ""level"": ""LOW""}",not used,no emergency,A,CED failed to recognize the event
1-84704-A-39.wav,1-84704-A-39,ESC-50,glass_breaking,glass_breaking,True,Breaking,0.6422986388206482,"[{""label"": ""Breaking"", ""score"": 0.6422986388206482}, {""label"": ""Smash, crash"", ""score"": 0.5800158381462097}, {""label"": ""Chink, clink"", ""score"": 0.5650453567504883}, {""label"": ""Glass"", ""score"": 0.5599000453948975}, {""label"": ""Sound effect"", ""score"": 0.5402597784996033}]","{""matched"": false, ""category"": ""unknown"", ""message_vi"": """", ""is_dangerous"": false, ""confidence"": 0.6422986388206482, ""threshold"": null, ""level"": ""LOW""}",not used,no emergency,A,CED failed to recognize the event
1-84705-A-39.wav,1-84705-A-39,ESC-50,glass_breaking,glass_breaking,True,"Smash, crash",0.5436896085739136,"[{""label"": ""Smash, crash"", ""score"": 0.5436896085739136}, {""label"": ""Breaking"", ""score"": 0.5383217930793762}, {""label"": ""Slap, smack"", ""score"": 0.5321508049964905}, {""label"": ""Sound effect"", ""score"": 0.5306355953216553}, {""label"": ""Whack, thwack"", ""score"": 0.5136997103691101}]","{""matched"": false, ""category"": ""unknown"", ""message_vi"": """", ""is_dangerous"": false, ""confidence"": 0.5436896085739136, ""threshold"": null, ""level"": ""LOW""}",not used,no emergency,A,CED failed to recognize the event
1-85168-A-39.wav,1-85168-A-39,ESC-50,glass_breaking,glass_breaking,True,Breaking,0.654688835144043,"[{""label"": ""Breaking"", ""score"": 0.654688835144043}, {""label"": ""Glass"", ""score"": 0.6019936203956604}, {""label"": ""Chink, clink"", ""score"": 0.5932636260986328}, {""label"": ""Sound effect"", ""score"": 0.5364394783973694}, {""label"": ""Smash, crash"", ""score"": 0.5176723003387451}]","{""matched"": false, ""category"": ""unknown"", ""message_vi"": """", ""is_dangerous"": false, ""confidence"": 0.654688835144043, ""threshold"": null, ""level"": ""LOW""}",not used,no emergency,A,CED failed to recognize the event
1-85184-A-39.wav,1-85184-A-39,ESC-50,glass_breaking,glass_breaking,True,Breaking,0.6587942838668823,"[{""label"": ""Breaking"", ""score"": 0.6587942838668823}, {""label"": ""Chink, clink"", ""score"": 0.5610545873641968}, {""label"": ""Shatter"", ""score"": 0.5369206666946411}, {""label"": ""Glass"", ""score"": 0.5271881222724915}, {""label"": ""Sound effect"", ""score"": 0.5267028212547302}]","{""matched"": false, ""category"": ""unknown"", ""message_vi"": """", ""is_dangerous"": false, ""confidence"": 0.6587942838668823, ""threshold"": null, ""level"": ""LOW""}",not used,no emergency,A,CED failed to recognize the event
1-88807-A-39.wav,1-88807-A-39,ESC-50,glass_breaking,glass_breaking,True,"Chink, clink",0.599907398223877,"[{""label"": ""Chink, clink"", ""score"": 0.599907398223877}, {""label"": ""Glass"", ""score"": 0.5439273118972778}, {""label"": ""Breaking"", ""score"": 0.5430771708488464}, {""label"": ""Jingle bell"", ""score"": 0.5164980888366699}, {""label"": ""Sound effect"", ""score"": 0.5098690390586853}]","{""matched"": false, ""category"": ""unknown"", ""message_vi"": """", ""is_dangerous"": false, ""confidence"": 0.599907398223877, ""threshold"": null, ""level"": ""LOW""}",not used,no emergency,A,CED failed to recognize the event
1-977-A-39.wav,1-977-A-39,ESC-50,glass_breaking,glass_breaking,True,"Chink, clink",0.6266515254974365,"[{""label"": ""Chink, clink"", ""score"": 0.6266515254974365}, {""label"": ""Breaking"", ""score"": 0.6258997321128845}, {""label"": ""Glass"", ""score"": 0.5733087658882141}, {""label"": ""Sound effect"", ""score"": 0.5260039567947388}, {""label"": ""Smash, crash"", ""score"": 0.5101479291915894}]","{""matched"": false, ""category"": ""unknown"", ""message_vi"": """", ""is_dangerous"": false, ""confidence"": 0.6266515254974365, ""threshold"": null, ""level"": ""LOW""}",not used,no emergency,A,CED failed to recognize the event
2-100648-A-43.wav,2-100648-A-43,ESC-50,car_horn,vehicle_horn,True,Vehicle,0.6771644949913025,"[{""label"": ""Vehicle"", ""score"": 0.6771644949913025}, {""label"": ""Speech"", ""score"": 0.6219779849052429}, {""label"": ""Traffic noise, roadway noise"", ""score"": 0.6143425703048706}, {""label"": ""Toot"", ""score"": 0.5845380425453186}, {""label"": ""Motorcycle"", ""score"": 0.572699248790741}]","{""matched"": false, ""category"": ""unknown"", ""message_vi"": """", ""is_dangerous"": false, ""confidence"": 0.6771644949913025, ""threshold"": null, ""level"": ""LOW""}",not used,no emergency,A,CED failed to recognize the event
2-106881-A-39.wav,2-106881-A-39,ESC-50,glass_breaking,glass_breaking,True,Crackle,0.5867802500724792,"[{""label"": ""Crackle"", ""score"": 0.5867802500724792}, {""label"": ""Breaking"", ""score"": 0.5620439052581787}, {""label"": ""Crushing"", ""score"": 0.5598517656326294}, {""label"": ""Crack"", ""score"": 0.5489255785942078}, {""label"": ""Chink, clink"", ""score"": 0.5182958245277405}]","{""matched"": false, ""category"": ""unknown"", ""message_vi"": """", ""is_dangerous"": false, ""confidence"": 0.5867802500724792, ""threshold"": null, ""level"": ""LOW""}",not used,no emergency,A,CED failed to recognize the event
2-112213-A-39.wav,2-112213-A-39,ESC-50,glass_breaking,glass_breaking,True,Glass,0.7007136344909668,"[{""label"": ""Glass"", ""score"": 0.7007136344909668}, {""label"": ""Breaking"", ""score"": 0.6677049398422241}, {""label"": ""Shatter"", ""score"": 0.563651442527771}, {""label"": ""Chink, clink"", ""score"": 0.5418327450752258}, {""label"": ""Sound effect"", ""score"": 0.5349923968315125}]","{""matched"": false, ""category"": ""unknown"", ""message_vi"": """", ""is_dangerous"": false, ""confidence"": 0.7007136344909668, ""threshold"": null, ""level"": ""LOW""}",not used,no emergency,B,CED recognized it but alert mapper semantic ontology label was not mapped
2-112213-B-39.wav,2-112213-B-39,ESC-50,glass_breaking,glass_breaking,True,Glass,0.672457218170166,"[{""label"": ""Glass"", ""score"": 0.672457218170166}, {""label"": ""Breaking"", ""score"": 0.6509831547737122}, {""label"": ""Chink, clink"", ""score"": 0.576513409614563}, {""label"": ""Sound effect"", ""score"": 0.5496885776519775}, {""label"": ""Smash, crash"", ""score"": 0.5349612236022949}]","{""matched"": false, ""category"": ""unknown"", ""message_vi"": """", ""is_dangerous"": false, ""confidence"": 0.672457218170166, ""threshold"": null, ""level"": ""LOW""}",not used,no emergency,B,CED recognized it but alert mapper semantic ontology label was not mapped
2-128465-A-43.wav,2-128465-A-43,ESC-50,car_horn,vehicle_horn,True,Vehicle,0.6476535797119141,"[{""label"": ""Vehicle"", ""score"": 0.6476535797119141}, {""label"": ""Traffic noise, roadway noise"", ""score"": 0.6326977610588074}, {""label"": ""Car"", ""score"": 0.5585816502571106}, {""label"": ""Outside, urban or manmade"", ""score"": 0.546467125415802}, {""label"": ""Motorcycle"", ""score"": 0.532998263835907}]","{""matched"": false, ""category"": ""unknown"", ""message_vi"": """", ""is_dangerous"": false, ""confidence"": 0.6476535797119141, ""threshold"": null, ""level"": ""LOW""}",not used,no emergency,A,CED failed to recognize the event
2-128465-B-43.wav,2-128465-B-43,ESC-50,car_horn,vehicle_horn,True,Vehicle,0.6804361343383789,"[{""label"": ""Vehicle"", ""score"": 0.6804361343383789}, {""label"": ""Traffic noise, roadway noise"", ""score"": 0.6764918565750122}, {""label"": ""Car"", ""score"": 0.583845317363739}, {""label"": ""Motor vehicle (road)"", ""score"": 0.5665518641471863}, {""label"": ""Bus"", ""score"": 0.5488640069961548}]","{""matched"": false, ""category"": ""unknown"", ""message_vi"": """", ""is_dangerous"": false, ""confidence"": 0.6804361343383789, ""threshold"": null, ""level"": ""LOW""}",not used,no emergency,A,CED failed to recognize the event
2-138465-A-43.wav,2-138465-A-43,ESC-50,car_horn,vehicle_horn,True,Music,0.5688939690589905,"[{""label"": ""Music"", ""score"": 0.5688939690589905}, {""label"": ""Vehicle"", ""score"": 0.5618721842765808}, {""label"": ""Rain"", ""score"": 0.5518344640731812}, {""label"": ""Rain on surface"", ""score"": 0.5416374802589417}, {""label"": ""Car"", ""score"": 0.5415884256362915}]","{""matched"": false, ""category"": ""unknown"", ""message_vi"": """", ""is_dangerous"": false, ""confidence"": 0.5688939690589905, ""threshold"": null, ""level"": ""LOW""}",not used,no emergency,A,CED failed to recognize the event
2-141563-A-39.wav,2-141563-A-39,ESC-50,glass_breaking,glass_breaking,True,"Chink, clink",0.6269675493240356,"[{""label"": ""Chink, clink"", ""score"": 0.6269675493240356}, {""label"": ""Breaking"", ""score"": 0.5756722092628479}, {""label"": ""Glass"", ""score"": 0.5353501439094543}, {""label"": ""Smash, crash"", ""score"": 0.5171303749084473}, {""label"": ""Vehicle"", ""score"": 0.5106447339057922}]","{""matched"": false, ""category"": ""unknown"", ""message_vi"": """", ""is_dangerous"": false, ""confidence"": 0.6269675493240356, ""threshold"": null, ""level"": ""LOW""}",not used,no emergency,A,CED failed to recognize the event
2-173559-A-39.wav,2-173559-A-39,ESC-50,glass_breaking,glass_breaking,True,Breaking,0.619610071182251,"[{""label"": ""Breaking"", ""score"": 0.619610071182251}, {""label"": ""Chink, clink"", ""score"": 0.608987033367157}, {""label"": ""Smash, crash"", ""score"": 0.5752907395362854}, {""label"": ""Glass"", ""score"": 0.5744604468345642}, {""label"": ""Burst, pop"", ""score"": 0.5103743076324463}]","{""matched"": false, ""category"": ""unknown"", ""message_vi"": """", ""is_dangerous"": false, ""confidence"": 0.619610071182251, ""threshold"": null, ""level"": ""LOW""}",not used,no emergency,A,CED failed to recognize the event
2-173607-A-39.wav,2-173607-A-39,ESC-50,glass_breaking,glass_breaking,True,Breaking,0.6193497180938721,"[{""label"": ""Breaking"", ""score"": 0.6193497180938721}, {""label"": ""Smash, crash"", ""score"": 0.575056254863739}, {""label"": ""Glass"", ""score"": 0.5731754899024963}, {""label"": ""Chink, clink"", ""score"": 0.5565380454063416}, {""label"": ""Sound effect"", ""score"": 0.5319923162460327}]","{""matched"": false, ""category"": ""unknown"", ""message_vi"": """", ""is_dangerous"": false, ""confidence"": 0.6193497180938721, ""threshold"": null, ""level"": ""LOW""}",not used,no emergency,A,CED failed to recognize the event
2-173618-A-39.wav,2-173618-A-39,ESC-50,glass_breaking,glass_breaking,True,Glass,0.5892844796180725,"[{""label"": ""Glass"", ""score"": 0.5892844796180725}, {""label"": ""Breaking"", ""score"": 0.5765384435653687}, {""label"": ""Explosion"", ""score"": 0.5345212817192078}, {""label"": ""Chink, clink"", ""score"": 0.5339116454124451}, {""label"": ""Shatter"", ""score"": 0.5310987234115601}]","{""matched"": false, ""category"": ""unknown"", ""message_vi"": """", ""is_dangerous"": false, ""confidence"": 0.5892844796180725, ""threshold"": null, ""level"": ""LOW""}",not used,no emergency,B,CED recognized it but alert mapper semantic ontology label was not mapped
2-250710-A-39.wav,2-250710-A-39,ESC-50,glass_breaking,glass_breaking,True,"Chink, clink",0.5458612442016602,"[{""label"": ""Chink, clink"", ""score"": 0.5458612442016602}, {""label"": ""Hammer"", ""score"": 0.5210962295532227}, {""label"": ""Ping"", ""score"": 0.5183038115501404}, {""label"": ""Tambourine"", ""score"": 0.5175520181655884}, {""label"": ""Jingle bell"", ""score"": 0.5173293352127075}]","{""matched"": false, ""category"": ""unknown"", ""message_vi"": """", ""is_dangerous"": false, ""confidence"": 0.5458612442016602, ""threshold"": null, ""level"": ""LOW""}",not used,no emergency,A,CED failed to recognize the event
2-28314-B-12.wav,2-28314-B-12,ESC-50,crackling_fire,fire,True,Whip,0.549264669418335,"[{""label"": ""Whip"", ""score"": 0.549264669418335}, {""label"": ""Fire"", ""score"": 0.5378932356834412}, {""label"": ""Cap gun"", ""score"": 0.5105668902397156}, {""label"": ""Gunshot, gunfire"", ""score"": 0.5084730386734009}, {""label"": ""Rain on surface"", ""score"": 0.5079983472824097}]","{""matched"": false, ""category"": ""unknown"", ""message_vi"": """", ""is_dangerous"": false, ""confidence"": 0.549264669418335, ""threshold"": null, ""level"": ""LOW""}",not used,no emergency,A,CED failed to recognize the event
2-42101-A-43.wav,2-42101-A-43,ESC-50,car_horn,vehicle_horn,True,Vehicle,0.6820052266120911,"[{""label"": ""Vehicle"", ""score"": 0.6820052266120911}, {""label"": ""Toot"", ""score"": 0.6405829787254333}, {""label"": ""Traffic noise, roadway noise"", ""score"": 0.5951621532440186}, {""label"": ""Car"", ""score"": 0.5915602445602417}, {""label"": ""Bus"", ""score"": 0.5511563420295715}]","{""matched"": false, ""category"": ""unknown"", ""message_vi"": """", ""is_dangerous"": false, ""confidence"": 0.6820052266120911, ""threshold"": null, ""level"": ""LOW""}",not used,no emergency,A,CED failed to recognize the event
2-43806-A-42.wav,2-43806-A-42,ESC-50,siren,siren,True,Emergency vehicle,0.6787448525428772,"[{""label"": ""Emergency vehicle"", ""score"": 0.6787448525428772}, {""label"": ""Police car (siren)"", ""score"": 0.6382499933242798}, {""label"": ""Siren"", ""score"": 0.6368581056594849}, {""label"": ""Fire engine, fire truck (siren)"", ""score"": 0.6156456470489502}, {""label"": ""Vehicle"", ""score"": 0.6065462231636047}]","{""matched"": false, ""category"": ""unknown"", ""message_vi"": """", ""is_dangerous"": false, ""confidence"": 0.6787448525428772, ""threshold"": null, ""level"": ""LOW""}",not used,no emergency,A,CED failed to recognize the event
2-50666-A-20.wav,2-50666-A-20,ESC-50,crying_baby,baby_crying,True,Child singing,0.6245274543762207,"[{""label"": ""Child singing"", ""score"": 0.6245274543762207}, {""label"": ""Baby cry, infant cry"", ""score"": 0.5847859382629395}, {""label"": ""Singing"", ""score"": 0.5147044658660889}, {""label"": ""Speech"", ""score"": 0.5119763016700745}, {""label"": ""Whimper"", ""score"": 0.5070997476577759}]","{""matched"": false, ""category"": ""unknown"", ""message_vi"": """", ""is_dangerous"": false, ""confidence"": 0.6245274543762207, ""threshold"": null, ""level"": ""LOW""}",not used,no emergency,A,CED failed to recognize the event
2-61311-A-12.wav,2-61311-A-12,ESC-50,crackling_fire,fire,True,"Slap, smack",0.5802309513092041,"[{""label"": ""Slap, smack"", ""score"": 0.5802309513092041}, {""label"": ""Finger snapping"", ""score"": 0.5153017044067383}, {""label"": ""Clapping"", ""score"": 0.511341392993927}, {""label"": ""Whip"", ""score"": 0.5072946548461914}, {""label"": ""Fire"", ""score"": 0.5062906742095947}]","{""matched"": false, ""category"": ""unknown"", ""message_vi"": """", ""is_dangerous"": false, ""confidence"": 0.5802309513092041, ""threshold"": null, ""level"": ""LOW""}",not used,no emergency,A,CED failed to recognize the event
2-65747-A-12.wav,2-65747-A-12,ESC-50,crackling_fire,fire,True,Patter,0.5509771108627319,"[{""label"": ""Patter"", ""score"": 0.5509771108627319}, {""label"": ""Fire"", ""score"": 0.5370219945907593}, {""label"": ""Animal"", ""score"": 0.5205138921737671}, {""label"": ""Crackle"", ""score"": 0.5187675952911377}, {""label"": ""Inside, small room"", ""score"": 0.5165997743606567}]","{""matched"": false, ""category"": ""unknown"", ""message_vi"": """", ""is_dangerous"": false, ""confidence"": 0.5509771108627319, ""threshold"": null, ""level"": ""LOW""}",not used,no emergency,A,CED failed to recognize the event
2-70052-A-42.wav,2-70052-A-42,ESC-50,siren,siren,True,Emergency vehicle,0.7027578353881836,"[{""label"": ""Emergency vehicle"", ""score"": 0.7027578353881836}, {""label"": ""Siren"", ""score"": 0.6586691737174988}, {""label"": ""Fire engine, fire truck (siren)"", ""score"": 0.6420830488204956}, {""label"": ""Ambulance (siren)"", ""score"": 0.6287562847137451}, {""label"": ""Police car (siren)"", ""score"": 0.6256237626075745}]","{""matched"": false, ""category"": ""unknown"", ""message_vi"": """", ""is_dangerous"": false, ""confidence"": 0.7027578353881836, ""threshold"": null, ""level"": ""LOW""}",not used,no emergency,A,CED failed to recognize the event
2-70052-B-42.wav,2-70052-B-42,ESC-50,siren,siren,True,Emergency vehicle,0.6902459859848022,"[{""label"": ""Emergency vehicle"", ""score"": 0.6902459859848022}, {""label"": ""Police car (siren)"", ""score"": 0.662354052066803}, {""label"": ""Siren"", ""score"": 0.6479663252830505}, {""label"": ""Vehicle"", ""score"": 0.5956555604934692}, {""label"": ""Ambulance (siren)"", ""score"": 0.5854499340057373}]","{""matched"": false, ""category"": ""unknown"", ""message_vi"": """", ""is_dangerous"": false, ""confidence"": 0.6902459859848022, ""threshold"": null, ""level"": ""LOW""}",not used,no emergency,A,CED failed to recognize the event
2-70939-A-42.wav,2-70939-A-42,ESC-50,siren,siren,True,Emergency vehicle,0.6968838572502136,"[{""label"": ""Emergency vehicle"", ""score"": 0.6968838572502136}, {""label"": ""Siren"", ""score"": 0.6951013207435608}, {""label"": ""Ambulance (siren)"", ""score"": 0.6805345416069031}, {""label"": ""Police car (siren)"", ""score"": 0.6071838736534119}, {""label"": ""Vehicle"", ""score"": 0.5278785228729248}]","{""matched"": false, ""category"": ""unknown"", ""message_vi"": """", ""is_dangerous"": false, ""confidence"": 0.6968838572502136, ""threshold"": null, ""level"": ""LOW""}",not used,no emergency,A,CED failed to recognize the event
3-104632-A-12.wav,3-104632-A-12,ESC-50,crackling_fire,fire,True,Tearing,0.5319837331771851,"[{""label"": ""Tearing"", ""score"": 0.5319837331771851}, {""label"": ""Sound effect"", ""score"": 0.5262720584869385}, {""label"": ""Speech"", ""score"": 0.5236020088195801}, {""label"": ""Fire"", ""score"": 0.5184583067893982}, {""label"": ""Music"", ""score"": 0.5141335129737854}]","{""matched"": false, ""category"": ""unknown"", ""message_vi"": """", ""is_dangerous"": false, ""confidence"": 0.5319837331771851, ""threshold"": null, ""level"": ""LOW""}",not used,no emergency,A,CED failed to recognize the event
3-104958-A-12.wav,3-104958-A-12,ESC-50,crackling_fire,fire,True,Crackle,0.587339460849762,"[{""label"": ""Crackle"", ""score"": 0.587339460849762}, {""label"": ""Flap"", ""score"": 0.5267938375473022}, {""label"": ""Static"", ""score"": 0.5257287621498108}, {""label"": ""Eruption"", ""score"": 0.513665497303009}, {""label"": ""Sound effect"", ""score"": 0.5094521045684814}]","{""matched"": false, ""category"": ""unknown"", ""message_vi"": """", ""is_dangerous"": false, ""confidence"": 0.587339460849762, ""threshold"": null, ""level"": ""LOW""}",not used,no emergency,B,CED recognized it but alert mapper semantic ontology label was not mapped
3-120644-A-12.wav,3-120644-A-12,ESC-50,crackling_fire,fire,True,Animal,0.5939489006996155,"[{""label"": ""Animal"", ""score"": 0.5939489006996155}, {""label"": ""Clip-clop"", ""score"": 0.5820826888084412}, {""label"": ""Horse"", ""score"": 0.5724956393241882}, {""label"": ""Patter"", ""score"": 0.546500563621521}, {""label"": ""Fire"", ""score"": 0.5399175882339478}]","{""matched"": false, ""category"": ""unknown"", ""message_vi"": """", ""is_dangerous"": false, ""confidence"": 0.5939489006996155, ""threshold"": null, ""level"": ""LOW""}",not used,no emergency,A,CED failed to recognize the event
3-146697-A-43.wav,3-146697-A-43,ESC-50,car_horn,vehicle_horn,True,Vehicle,0.6596954464912415,"[{""label"": ""Vehicle"", ""score"": 0.6596954464912415}, {""label"": ""Traffic noise, roadway noise"", ""score"": 0.6087079644203186}, {""label"": ""Car"", ""score"": 0.6009831428527832}, {""label"": ""Field recording"", ""score"": 0.5555115938186646}, {""label"": ""Outside, urban or manmade"", ""score"": 0.548557460308075}]","{""matched"": false, ""category"": ""unknown"", ""message_vi"": """", ""is_dangerous"": false, ""confidence"": 0.6596954464912415, ""threshold"": null, ""level"": ""LOW""}",not used,no emergency,A,CED failed to recognize the event
3-147965-A-12.wav,3-147965-A-12,ESC-50,crackling_fire,fire,True,Boiling,0.6206125020980835,"[{""label"": ""Boiling"", ""score"": 0.6206125020980835}, {""label"": ""Patter"", ""score"": 0.544257402420044}, {""label"": ""Vehicle"", ""score"": 0.5211396217346191}, {""label"": ""Fire"", ""score"": 0.5111624598503113}, {""label"": ""Water"", ""score"": 0.5108007192611694}]","{""matched"": false, ""category"": ""unknown"", ""message_vi"": """", ""is_dangerous"": false, ""confidence"": 0.6206125020980835, ""threshold"": null, ""level"": ""LOW""}",not used,no emergency,A,CED failed to recognize the event
3-155130-A-43.wav,3-155130-A-43,ESC-50,car_horn,vehicle_horn,True,Vehicle,0.6875668168067932,"[{""label"": ""Vehicle"", ""score"": 0.6875668168067932}, {""label"": ""Car"", ""score"": 0.6378913521766663}, {""label"": ""Vehicle horn, car horn, honking"", ""score"": 0.635576605796814}, {""label"": ""Toot"", ""score"": 0.6158440113067627}, {""label"": ""Outside, urban or manmade"", ""score"": 0.5773531198501587}]","{""matched"": false, ""category"": ""unknown"", ""message_vi"": """", ""is_dangerous"": false, ""confidence"": 0.6875668168067932, ""threshold"": null, ""level"": ""LOW""}",not used,no emergency,A,CED failed to recognize the event
3-155234-A-43.wav,3-155234-A-43,ESC-50,car_horn,vehicle_horn,True,Vehicle,0.6160370707511902,"[{""label"": ""Vehicle"", ""score"": 0.6160370707511902}, {""label"": ""Speech"", ""score"": 0.59213787317276}, {""label"": ""Siren"", ""score"": 0.5821130871772766}, {""label"": ""Emergency vehicle"", ""score"": 0.5779055953025818}, {""label"": ""Car"", ""score"": 0.5384632349014282}]","{""matched"": false, ""category"": ""unknown"", ""message_vi"": """", ""is_dangerous"": false, ""confidence"": 0.6160370707511902, ""threshold"": null, ""level"": ""LOW""}",not used,no emergency,A,CED failed to recognize the event
3-158476-A-12.wav,3-158476-A-12,ESC-50,crackling_fire,fire,True,Animal,0.5911495089530945,"[{""label"": ""Animal"", ""score"": 0.5911495089530945}, {""label"": ""Fire"", ""score"": 0.5899364352226257}, {""label"": ""Horse"", ""score"": 0.5539515614509583}, {""label"": ""Clip-clop"", ""score"": 0.547530472278595}, {""label"": ""Patter"", ""score"": 0.5163323283195496}]","{""matched"": false, ""category"": ""unknown"", ""message_vi"": """", ""is_dangerous"": false, ""confidence"": 0.5911495089530945, ""threshold"": null, ""level"": ""LOW""}",not used,no emergency,A,CED failed to recognize the event
3-161010-A-43.wav,3-161010-A-43,ESC-50,car_horn,vehicle_horn,True,Vehicle,0.6398831605911255,"[{""label"": ""Vehicle"", ""score"": 0.6398831605911255}, {""label"": ""Car"", ""score"": 0.6119921207427979}, {""label"": ""Toot"", ""score"": 0.5543450117111206}, {""label"": ""Outside, urban or manmade"", ""score"": 0.550689160823822}, {""label"": ""Traffic noise, roadway noise"", ""score"": 0.5468688011169434}]","{""matched"": false, ""category"": ""unknown"", ""message_vi"": """", ""is_dangerous"": false, ""confidence"": 0.6398831605911255, ""threshold"": null, ""level"": ""LOW""}",not used,no emergency,A,CED failed to recognize the event
3-203371-A-39.wav,3-203371-A-39,ESC-50,glass_breaking,glass_breaking,True,Breaking,0.6218697428703308,"[{""label"": ""Breaking"", ""score"": 0.6218697428703308}, {""label"": ""Smash, crash"", ""score"": 0.5767200589179993}, {""label"": ""Glass"", ""score"": 0.5662611722946167}, {""label"": ""Sound effect"", ""score"": 0.529903769493103}, {""label"": ""Chink, clink"", ""score"": 0.517350971698761}]","{""matched"": false, ""category"": ""unknown"", ""message_vi"": """", ""is_dangerous"": false, ""confidence"": 0.6218697428703308, ""threshold"": null, ""level"": ""LOW""}",not used,no emergency,A,CED failed to recognize the event
3-203373-A-39.wav,3-203373-A-39,ESC-50,glass_breaking,glass_breaking,True,Breaking,0.6514564752578735,"[{""label"": ""Breaking"", ""score"": 0.6514564752578735}, {""label"": ""Chink, clink"", ""score"": 0.5777596235275269}, {""label"": ""Glass"", ""score"": 0.5633420944213867}, {""label"": ""Smash, crash"", ""score"": 0.5424798727035522}, {""label"": ""Sound effect"", ""score"": 0.5248598456382751}]","{""matched"": false, ""category"": ""unknown"", ""message_vi"": """", ""is_dangerous"": false, ""confidence"": 0.6514564752578735, ""threshold"": null, ""level"": ""LOW""}",not used,no emergency,A,CED failed to recognize the event
3-203374-A-39.wav,3-203374-A-39,ESC-50,glass_breaking,glass_breaking,True,Breaking,0.6536749601364136,"[{""label"": ""Breaking"", ""score"": 0.6536749601364136}, {""label"": ""Chink, clink"", ""score"": 0.5484035015106201}, {""label"": ""Sound effect"", ""score"": 0.5229496955871582}, {""label"": ""Glass"", ""score"": 0.5228311419487}, {""label"": ""Shatter"", ""score"": 0.5117186307907104}]","{""matched"": false, ""category"": ""unknown"", ""message_vi"": """", ""is_dangerous"": false, ""confidence"": 0.6536749601364136, ""threshold"": null, ""level"": ""LOW""}",not used,no emergency,A,CED failed to recognize the event
3-203375-A-39.wav,3-203375-A-39,ESC-50,glass_breaking,glass_breaking,True,Breaking,0.665103554725647,"[{""label"": ""Breaking"", ""score"": 0.665103554725647}, {""label"": ""Glass"", ""score"": 0.5886365175247192}, {""label"": ""Smash, crash"", ""score"": 0.5507846474647522}, {""label"": ""Sound effect"", ""score"": 0.5356214642524719}, {""label"": ""Chink, clink"", ""score"": 0.5338327884674072}]","{""matched"": false, ""category"": ""unknown"", ""message_vi"": """", ""is_dangerous"": false, ""confidence"": 0.665103554725647, ""threshold"": null, ""level"": ""LOW""}",not used,no emergency,A,CED failed to recognize the event
3-203377-A-39.wav,3-203377-A-39,ESC-50,glass_breaking,glass_breaking,True,Breaking,0.5926232933998108,"[{""label"": ""Breaking"", ""score"": 0.5926232933998108}, {""label"": ""Smash, crash"", ""score"": 0.5768481492996216}, {""label"": ""Chink, clink"", ""score"": 0.532660722732544}, {""label"": ""Glass"", ""score"": 0.5287148952484131}, {""label"": ""Sound effect"", ""score"": 0.5197809934616089}]","{""matched"": false, ""category"": ""unknown"", ""message_vi"": """", ""is_dangerous"": false, ""confidence"": 0.5926232933998108, ""threshold"": null, ""level"": ""LOW""}",not used,no emergency,A,CED failed to recognize the event
3-216280-A-39.wav,3-216280-A-39,ESC-50,glass_breaking,glass_breaking,True,Breaking,0.5974894165992737,"[{""label"": ""Breaking"", ""score"": 0.5974894165992737}, {""label"": ""Chink, clink"", ""score"": 0.5829871892929077}, {""label"": ""Sound effect"", ""score"": 0.5325790047645569}, {""label"": ""Smash, crash"", ""score"": 0.5208809971809387}, {""label"": ""Glass"", ""score"": 0.513944149017334}]","{""matched"": false, ""category"": ""unknown"", ""message_vi"": """", ""is_dangerous"": false, ""confidence"": 0.5974894165992737, ""threshold"": null, ""level"": ""LOW""}",not used,no emergency,A,CED failed to recognize the event
3-216281-A-39.wav,3-216281-A-39,ESC-50,glass_breaking,glass_breaking,True,"Chink, clink",0.6430759429931641,"[{""label"": ""Chink, clink"", ""score"": 0.6430759429931641}, {""label"": ""Breaking"", ""score"": 0.5658338069915771}, {""label"": ""Sound effect"", ""score"": 0.5257149338722229}, {""label"": ""Glass"", ""score"": 0.5238049030303955}, {""label"": ""Shatter"", ""score"": 0.5102535486221313}]","{""matched"": false, ""category"": ""unknown"", ""message_vi"": """", ""is_dangerous"": false, ""confidence"": 0.6430759429931641, ""threshold"": null, ""level"": ""LOW""}",not used,no emergency,A,CED failed to recognize the event
3-216284-A-39.wav,3-216284-A-39,ESC-50,glass_breaking,glass_breaking,True,"Chink, clink",0.6339840888977051,"[{""label"": ""Chink, clink"", ""score"": 0.6339840888977051}, {""label"": ""Breaking"", ""score"": 0.5856757760047913}, {""label"": ""Glass"", ""score"": 0.5531952381134033}, {""label"": ""Sound effect"", ""score"": 0.5241111516952515}, {""label"": ""Shatter"", ""score"": 0.5114812850952148}]","{""matched"": false, ""category"": ""unknown"", ""message_vi"": """", ""is_dangerous"": false, ""confidence"": 0.6339840888977051, ""threshold"": null, ""level"": ""LOW""}",not used,no emergency,A,CED failed to recognize the event
3-243726-A-43.wav,3-243726-A-43,ESC-50,car_horn,vehicle_horn,True,Toot,0.6656010150909424,"[{""label"": ""Toot"", ""score"": 0.6656010150909424}, {""label"": ""Vehicle"", ""score"": 0.6312811374664307}, {""label"": ""Outside, urban or manmade"", ""score"": 0.5891765356063843}, {""label"": ""Speech"", ""score"": 0.5519706606864929}, {""label"": ""Car"", ""score"": 0.5395551919937134}]","{""matched"": false, ""category"": ""unknown"", ""message_vi"": """", ""is_dangerous"": false, ""confidence"": 0.6656010150909424, ""threshold"": null, ""level"": ""LOW""}",not used,no emergency,B,CED recognized it but alert mapper semantic ontology label was not mapped
3-51731-A-42.wav,3-51731-A-42,ESC-50,siren,siren,True,Emergency vehicle,0.6946187615394592,"[{""label"": ""Emergency vehicle"", ""score"": 0.6946187615394592}, {""label"": ""Siren"", ""score"": 0.6726058125495911}, {""label"": ""Ambulance (siren)"", ""score"": 0.6609338521957397}, {""label"": ""Fire engine, fire truck (siren)"", ""score"": 0.5926780104637146}, {""label"": ""Vehicle"", ""score"": 0.5910862684249878}]","{""matched"": false, ""category"": ""unknown"", ""message_vi"": """", ""is_dangerous"": false, ""confidence"": 0.6946187615394592, ""threshold"": null, ""level"": ""LOW""}",not used,no emergency,A,CED failed to recognize the event
3-51731-B-42.wav,3-51731-B-42,ESC-50,siren,siren,True,Emergency vehicle,0.6880602836608887,"[{""label"": ""Emergency vehicle"", ""score"": 0.6880602836608887}, {""label"": ""Fire engine, fire truck (siren)"", ""score"": 0.6714877486228943}, {""label"": ""Siren"", ""score"": 0.6443479061126709}, {""label"": ""Vehicle"", ""score"": 0.6394110918045044}, {""label"": ""Truck"", ""score"": 0.5940874814987183}]","{""matched"": false, ""category"": ""unknown"", ""message_vi"": """", ""is_dangerous"": false, ""confidence"": 0.6880602836608887, ""threshold"": null, ""level"": ""LOW""}",not used,no emergency,A,CED failed to recognize the event
4-102871-A-42.wav,4-102871-A-42,ESC-50,siren,siren,True,Emergency vehicle,0.6832640767097473,"[{""label"": ""Emergency vehicle"", ""score"": 0.6832640767097473}, {""label"": ""Siren"", ""score"": 0.6642540693283081}, {""label"": ""Vehicle"", ""score"": 0.6121523976325989}, {""label"": ""Ambulance (siren)"", ""score"": 0.6046020984649658}, {""label"": ""Fire engine, fire truck (siren)"", ""score"": 0.5971174836158752}]","{""matched"": false, ""category"": ""unknown"", ""message_vi"": """", ""is_dangerous"": false, ""confidence"": 0.6832640767097473, ""threshold"": null, ""level"": ""LOW""}",not used,no emergency,A,CED failed to recognize the event
4-164661-A-12.wav,4-164661-A-12,ESC-50,crackling_fire,fire,True,Vehicle,0.5890183448791504,"[{""label"": ""Vehicle"", ""score"": 0.5890183448791504}, {""label"": ""Car"", ""score"": 0.5532424449920654}, {""label"": ""Motor vehicle (road)"", ""score"": 0.516923189163208}, {""label"": ""Fire"", ""score"": 0.5077602863311768}, {""label"": ""Bicycle"", ""score"": 0.5064584016799927}]","{""matched"": false, ""category"": ""unknown"", ""message_vi"": """", ""is_dangerous"": false, ""confidence"": 0.5890183448791504, ""threshold"": null, ""level"": ""LOW""}",not used,no emergency,A,CED failed to recognize the event
4-164661-B-12.wav,4-164661-B-12,ESC-50,crackling_fire,fire,True,Sizzle,0.5256965756416321,"[{""label"": ""Sizzle"", ""score"": 0.5256965756416321}, {""label"": ""Rattle"", ""score"": 0.5241999626159668}, {""label"": ""Boiling"", ""score"": 0.5208994746208191}, {""label"": ""Chop"", ""score"": 0.5130439400672913}, {""label"": ""Frying (food)"", ""score"": 0.5121513605117798}]","{""matched"": false, ""category"": ""unknown"", ""message_vi"": """", ""is_dangerous"": false, ""confidence"": 0.5256965756416321, ""threshold"": null, ""level"": ""LOW""}",not used,no emergency,A,CED failed to recognize the event
4-170247-B-12.wav,4-170247-B-12,ESC-50,crackling_fire,fire,True,Crackle,0.5360779762268066,"[{""label"": ""Crackle"", ""score"": 0.5360779762268066}, {""label"": ""Fire"", ""score"": 0.5315220355987549}, {""label"": ""Vehicle"", ""score"": 0.520992636680603}, {""label"": ""Wind"", ""score"": 0.520409345626831}, {""label"": ""Wind noise (microphone)"", ""score"": 0.5160748958587646}]","{""matched"": false, ""category"": ""unknown"", ""message_vi"": """", ""is_dangerous"": false, ""confidence"": 0.5360779762268066, ""threshold"": null, ""level"": ""LOW""}",not used,no emergency,B,CED recognized it but alert mapper semantic ontology label was not mapped
4-171207-A-12.wav,4-171207-A-12,ESC-50,crackling_fire,fire,True,Vehicle,0.6121729016304016,"[{""label"": ""Vehicle"", ""score"": 0.6121729016304016}, {""label"": ""Car"", ""score"": 0.5578191876411438}, {""label"": ""Bicycle"", ""score"": 0.550459086894989}, {""label"": ""Keys jangling"", ""score"": 0.5183802843093872}, {""label"": ""Fixed-wing aircraft, airplane"", ""score"": 0.5170310735702515}]","{""matched"": false, ""category"": ""unknown"", ""message_vi"": """", ""is_dangerous"": false, ""confidence"": 0.6121729016304016, ""threshold"": null, ""level"": ""LOW""}",not used,no emergency,A,CED failed to recognize the event
4-175856-A-43.wav,4-175856-A-43,ESC-50,car_horn,vehicle_horn,True,Vehicle,0.6868920922279358,"[{""label"": ""Vehicle"", ""score"": 0.6868920922279358}, {""label"": ""Vehicle horn, car horn, honking"", ""score"": 0.6862025260925293}, {""label"": ""Car"", ""score"": 0.6407671570777893}, {""label"": ""Outside, urban or manmade"", ""score"": 0.5803792476654053}, {""label"": ""Toot"", ""score"": 0.5704047679901123}]","{""matched"": false, ""category"": ""unknown"", ""message_vi"": """", ""is_dangerous"": false, ""confidence"": 0.6868920922279358, ""threshold"": null, ""level"": ""LOW""}",not used,no emergency,A,CED failed to recognize the event
4-176631-A-43.wav,4-176631-A-43,ESC-50,car_horn,vehicle_horn,True,Vehicle,0.6753458976745605,"[{""label"": ""Vehicle"", ""score"": 0.6753458976745605}, {""label"": ""Car"", ""score"": 0.6726762056350708}, {""label"": ""Vehicle horn, car horn, honking"", ""score"": 0.5825451612472534}, {""label"": ""Race car, auto racing"", ""score"": 0.5622589588165283}, {""label"": ""Outside, urban or manmade"", ""score"": 0.560609757900238}]","{""matched"": false, ""category"": ""unknown"", ""message_vi"": """", ""is_dangerous"": false, ""confidence"": 0.6753458976745605, ""threshold"": null, ""level"": ""LOW""}",not used,no emergency,A,CED failed to recognize the event
4-181563-A-12.wav,4-181563-A-12,ESC-50,crackling_fire,fire,True,Rain on surface,0.5642309784889221,"[{""label"": ""Rain on surface"", ""score"": 0.5642309784889221}, {""label"": ""Fire"", ""score"": 0.5521174073219299}, {""label"": ""Bicycle"", ""score"": 0.5517807006835938}, {""label"": ""Rain"", ""score"": 0.548180878162384}, {""label"": ""Wind noise (microphone)"", ""score"": 0.5459076762199402}]","{""matched"": false, ""category"": ""unknown"", ""message_vi"": """", ""is_dangerous"": false, ""confidence"": 0.5642309784889221, ""threshold"": null, ""level"": ""LOW""}",not used,no emergency,A,CED failed to recognize the event
4-185575-B-20.wav,4-185575-B-20,ESC-50,crying_baby,baby_crying,True,Babbling,0.6232777237892151,"[{""label"": ""Babbling"", ""score"": 0.6232777237892151}, {""label"": ""Baby cry, infant cry"", ""score"": 0.5584893822669983}, {""label"": ""Crying, sobbing"", ""score"": 0.5565088987350464}, {""label"": ""Cough"", ""score"": 0.5332397818565369}, {""label"": ""Inside, small room"", ""score"": 0.5234553813934326}]","{""matched"": false, ""category"": ""unknown"", ""message_vi"": """", ""is_dangerous"": false, ""confidence"": 0.6232777237892151, ""threshold"": null, ""level"": ""LOW""}",not used,no emergency,A,CED failed to recognize the event
4-185575-C-20.wav,4-185575-C-20,ESC-50,crying_baby,baby_crying,True,"Crying, sobbing",0.5993543863296509,"[{""label"": ""Crying, sobbing"", ""score"": 0.5993543863296509}, {""label"": ""Baby cry, infant cry"", ""score"": 0.577545166015625}, {""label"": ""Babbling"", ""score"": 0.5637760758399963}, {""label"": ""Inside, small room"", ""score"": 0.5522310137748718}, {""label"": ""Child speech, kid speaking"", ""score"": 0.5243526101112366}]","{""matched"": false, ""category"": ""low_confidence"", ""candidate_category"": ""baby_crying"", ""message_vi"": """", ""is_dangerous"": false, ""confidence"": 0.5993543863296509, ""threshold"": 0.6, ""level"": ""LOW""}",not used,no emergency,B,CED recognized it but alert mapper confidence threshold rejected it
4-191015-A-43.wav,4-191015-A-43,ESC-50,car_horn,vehicle_horn,True,Vehicle,0.663229763507843,"[{""label"": ""Vehicle"", ""score"": 0.663229763507843}, {""label"": ""Car"", ""score"": 0.6131792068481445}, {""label"": ""Traffic noise, roadway noise"", ""score"": 0.6084826588630676}, {""label"": ""Outside, urban or manmade"", ""score"": 0.578874945640564}, {""label"": ""Motorcycle"", ""score"": 0.5421947836875916}]","{""matched"": false, ""category"": ""unknown"", ""message_vi"": """", ""is_dangerous"": false, ""confidence"": 0.663229763507843, ""threshold"": null, ""level"": ""LOW""}",not used,no emergency,A,CED failed to recognize the event
4-204115-A-39.wav,4-204115-A-39,ESC-50,glass_breaking,glass_breaking,True,Breaking,0.5864644646644592,"[{""label"": ""Breaking"", ""score"": 0.5864644646644592}, {""label"": ""Smash, crash"", ""score"": 0.5538274049758911}, {""label"": ""Chink, clink"", ""score"": 0.5261223912239075}, {""label"": ""Music"", ""score"": 0.5222077369689941}, {""label"": ""Burst, pop"", ""score"": 0.516639769077301}]","{""matched"": false, ""category"": ""unknown"", ""message_vi"": """", ""is_dangerous"": false, ""confidence"": 0.5864644646644592, ""threshold"": null, ""level"": ""LOW""}",not used,no emergency,A,CED failed to recognize the event
4-204119-A-39.wav,4-204119-A-39,ESC-50,glass_breaking,glass_breaking,True,Breaking,0.5376596450805664,"[{""label"": ""Breaking"", ""score"": 0.5376596450805664}, {""label"": ""Music"", ""score"": 0.5325006246566772}, {""label"": ""Sound effect"", ""score"": 0.5148429274559021}, {""label"": ""Spray"", ""score"": 0.5114951729774475}, {""label"": ""Chink, clink"", ""score"": 0.5107120871543884}]","{""matched"": false, ""category"": ""unknown"", ""message_vi"": """", ""is_dangerous"": false, ""confidence"": 0.5376596450805664, ""threshold"": null, ""level"": ""LOW""}",not used,no emergency,A,CED failed to recognize the event
4-204121-A-39.wav,4-204121-A-39,ESC-50,glass_breaking,glass_breaking,True,Breaking,0.5833755731582642,"[{""label"": ""Breaking"", ""score"": 0.5833755731582642}, {""label"": ""Chink, clink"", ""score"": 0.5795002579689026}, {""label"": ""Smash, crash"", ""score"": 0.5184643268585205}, {""label"": ""Glass"", ""score"": 0.5119255781173706}, {""label"": ""Burst, pop"", ""score"": 0.5118833780288696}]","{""matched"": false, ""category"": ""unknown"", ""message_vi"": """", ""is_dangerous"": false, ""confidence"": 0.5833755731582642, ""threshold"": null, ""level"": ""LOW""}",not used,no emergency,A,CED failed to recognize the event
4-204123-A-39.wav,4-204123-A-39,ESC-50,glass_breaking,glass_breaking,True,Breaking,0.5906325578689575,"[{""label"": ""Breaking"", ""score"": 0.5906325578689575}, {""label"": ""Speech"", ""score"": 0.5560459494590759}, {""label"": ""Chink, clink"", ""score"": 0.5533761382102966}, {""label"": ""Smash, crash"", ""score"": 0.5294881463050842}, {""label"": ""Glass"", ""score"": 0.5277451872825623}]","{""matched"": false, ""category"": ""unknown"", ""message_vi"": """", ""is_dangerous"": false, ""confidence"": 0.5906325578689575, ""threshold"": null, ""level"": ""LOW""}",not used,no emergency,A,CED failed to recognize the event
4-204777-A-39.wav,4-204777-A-39,ESC-50,glass_breaking,glass_breaking,True,Glass,0.712471067905426,"[{""label"": ""Glass"", ""score"": 0.712471067905426}, {""label"": ""Breaking"", ""score"": 0.6905181407928467}, {""label"": ""Sound effect"", ""score"": 0.5640060305595398}, {""label"": ""Chink, clink"", ""score"": 0.5469453930854797}, {""label"": ""Shatter"", ""score"": 0.5463587641716003}]","{""matched"": false, ""category"": ""unknown"", ""message_vi"": """", ""is_dangerous"": false, ""confidence"": 0.712471067905426, ""threshold"": null, ""level"": ""LOW""}",not used,no emergency,B,CED recognized it but alert mapper semantic ontology label was not mapped
4-204777-B-39.wav,4-204777-B-39,ESC-50,glass_breaking,glass_breaking,True,Glass,0.6760464310646057,"[{""label"": ""Glass"", ""score"": 0.6760464310646057}, {""label"": ""Breaking"", ""score"": 0.637890100479126}, {""label"": ""Shatter"", ""score"": 0.6318286061286926}, {""label"": ""Chink, clink"", ""score"": 0.5413186550140381}, {""label"": ""Smash, crash"", ""score"": 0.5213396549224854}]","{""matched"": false, ""category"": ""unknown"", ""message_vi"": """", ""is_dangerous"": false, ""confidence"": 0.6760464310646057, ""threshold"": null, ""level"": ""LOW""}",not used,no emergency,B,CED recognized it but alert mapper semantic ontology label was not mapped
4-204777-C-39.wav,4-204777-C-39,ESC-50,glass_breaking,glass_breaking,True,Breaking,0.643675684928894,"[{""label"": ""Breaking"", ""score"": 0.643675684928894}, {""label"": ""Glass"", ""score"": 0.6314545273780823}, {""label"": ""Shatter"", ""score"": 0.5849668979644775}, {""label"": ""Chink, clink"", ""score"": 0.5403500199317932}, {""label"": ""Sound effect"", ""score"": 0.5353975892066956}]","{""matched"": false, ""category"": ""unknown"", ""message_vi"": """", ""is_dangerous"": false, ""confidence"": 0.643675684928894, ""threshold"": null, ""level"": ""LOW""}",not used,no emergency,A,CED failed to recognize the event
4-212698-A-39.wav,4-212698-A-39,ESC-50,glass_breaking,glass_breaking,True,Breaking,0.5559374690055847,"[{""label"": ""Breaking"", ""score"": 0.5559374690055847}, {""label"": ""Smash, crash"", ""score"": 0.5547404885292053}, {""label"": ""Glass"", ""score"": 0.5190906524658203}, {""label"": ""Whip"", ""score"": 0.5086764097213745}, {""label"": ""Chink, clink"", ""score"": 0.5074821710586548}]","{""matched"": false, ""category"": ""unknown"", ""message_vi"": """", ""is_dangerous"": false, ""confidence"": 0.5559374690055847, ""threshold"": null, ""level"": ""LOW""}",not used,no emergency,A,CED failed to recognize the event
4-90014-B-42.wav,4-90014-B-42,ESC-50,siren,siren,True,Emergency vehicle,0.683841347694397,"[{""label"": ""Emergency vehicle"", ""score"": 0.683841347694397}, {""label"": ""Siren"", ""score"": 0.6775343418121338}, {""label"": ""Ambulance (siren)"", ""score"": 0.6414040923118591}, {""label"": ""Vehicle"", ""score"": 0.5774221420288086}, {""label"": ""Fire engine, fire truck (siren)"", ""score"": 0.5364654660224915}]","{""matched"": false, ""category"": ""unknown"", ""message_vi"": """", ""is_dangerous"": false, ""confidence"": 0.683841347694397, ""threshold"": null, ""level"": ""LOW""}",not used,no emergency,A,CED failed to recognize the event
5-150409-A-42.wav,5-150409-A-42,ESC-50,siren,siren,True,Train,0.6849544048309326,"[{""label"": ""Train"", ""score"": 0.6849544048309326}, {""label"": ""Rail transport"", ""score"": 0.6359758973121643}, {""label"": ""Subway, metro, underground"", ""score"": 0.6310873031616211}, {""label"": ""Railroad car, train wagon"", ""score"": 0.6247906684875488}, {""label"": ""Vehicle"", ""score"": 0.5776921510696411}]","{""matched"": false, ""category"": ""unknown"", ""message_vi"": """", ""is_dangerous"": false, ""confidence"": 0.6849544048309326, ""threshold"": null, ""level"": ""LOW""}",not used,no emergency,A,CED failed to recognize the event
5-160551-A-42.wav,5-160551-A-42,ESC-50,siren,siren,True,Emergency vehicle,0.6671088337898254,"[{""label"": ""Emergency vehicle"", ""score"": 0.6671088337898254}, {""label"": ""Police car (siren)"", ""score"": 0.6578836441040039}, {""label"": ""Siren"", ""score"": 0.6509099006652832}, {""label"": ""Vehicle"", ""score"": 0.5653812289237976}, {""label"": ""Fire engine, fire truck (siren)"", ""score"": 0.5417412519454956}]","{""matched"": false, ""category"": ""unknown"", ""message_vi"": """", ""is_dangerous"": false, ""confidence"": 0.6671088337898254, ""threshold"": null, ""level"": ""LOW""}",not used,no emergency,A,CED failed to recognize the event
5-179868-A-43.wav,5-179868-A-43,ESC-50,car_horn,vehicle_horn,True,Speech,0.7077141404151917,"[{""label"": ""Speech"", ""score"": 0.7077141404151917}, {""label"": ""Vehicle"", ""score"": 0.6256206035614014}, {""label"": ""Air horn, truck horn"", ""score"": 0.6192381978034973}, {""label"": ""Vehicle horn, car horn, honking"", ""score"": 0.5594330430030823}, {""label"": ""Outside, urban or manmade"", ""score"": 0.5590236783027649}]","{""matched"": true, ""category"": ""speech"", ""message_vi"": ""Speech"", ""is_dangerous"": false, ""confidence"": 0.7077141404151917, ""threshold"": 0.7, ""level"": ""LOW""}",not used,no emergency,A,CED failed to recognize the event
5-180156-A-43.wav,5-180156-A-43,ESC-50,car_horn,vehicle_horn,True,Vehicle,0.6598629951477051,"[{""label"": ""Vehicle"", ""score"": 0.6598629951477051}, {""label"": ""Car"", ""score"": 0.611539363861084}, {""label"": ""Traffic noise, roadway noise"", ""score"": 0.5996670722961426}, {""label"": ""Toot"", ""score"": 0.5728303790092468}, {""label"": ""Outside, urban or manmade"", ""score"": 0.5433590412139893}]","{""matched"": false, ""category"": ""unknown"", ""message_vi"": """", ""is_dangerous"": false, ""confidence"": 0.6598629951477051, ""threshold"": null, ""level"": ""LOW""}",not used,no emergency,A,CED failed to recognize the event
5-180156-B-43.wav,5-180156-B-43,ESC-50,car_horn,vehicle_horn,True,Vehicle,0.6733166575431824,"[{""label"": ""Vehicle"", ""score"": 0.6733166575431824}, {""label"": ""Traffic noise, roadway noise"", ""score"": 0.6235778331756592}, {""label"": ""Car"", ""score"": 0.616507351398468}, {""label"": ""Toot"", ""score"": 0.5962373614311218}, {""label"": ""Outside, urban or manmade"", ""score"": 0.5413590669631958}]","{""matched"": false, ""category"": ""unknown"", ""message_vi"": """", ""is_dangerous"": false, ""confidence"": 0.6733166575431824, ""threshold"": null, ""level"": ""LOW""}",not used,no emergency,A,CED failed to recognize the event
5-180156-C-43.wav,5-180156-C-43,ESC-50,car_horn,vehicle_horn,True,Vehicle,0.6500197052955627,"[{""label"": ""Vehicle"", ""score"": 0.6500197052955627}, {""label"": ""Bus"", ""score"": 0.5654432773590088}, {""label"": ""Outside, urban or manmade"", ""score"": 0.5552469491958618}, {""label"": ""Traffic noise, roadway noise"", ""score"": 0.5485953092575073}, {""label"": ""Speech"", ""score"": 0.5460667014122009}]","{""matched"": false, ""category"": ""unknown"", ""message_vi"": """", ""is_dangerous"": false, ""confidence"": 0.6500197052955627, ""threshold"": null, ""level"": ""LOW""}",not used,no emergency,A,CED failed to recognize the event
5-186924-A-12.wav,5-186924-A-12,ESC-50,crackling_fire,fire,True,Rain on surface,0.5616651773452759,"[{""label"": ""Rain on surface"", ""score"": 0.5616651773452759}, {""label"": ""Vehicle"", ""score"": 0.5511228442192078}, {""label"": ""Rain"", ""score"": 0.5298596620559692}, {""label"": ""Car"", ""score"": 0.5295429825782776}, {""label"": ""Raindrop"", ""score"": 0.5274839997291565}]","{""matched"": false, ""category"": ""unknown"", ""message_vi"": """", ""is_dangerous"": false, ""confidence"": 0.5616651773452759, ""threshold"": null, ""level"": ""LOW""}",not used,no emergency,A,CED failed to recognize the event
5-189212-A-12.wav,5-189212-A-12,ESC-50,crackling_fire,fire,True,Vehicle,0.5592584013938904,"[{""label"": ""Vehicle"", ""score"": 0.5592584013938904}, {""label"": ""Bicycle"", ""score"": 0.541779637336731}, {""label"": ""Animal"", ""score"": 0.5265620946884155}, {""label"": ""Horse"", ""score"": 0.5172027349472046}, {""label"": ""Car"", ""score"": 0.5163478851318359}]","{""matched"": false, ""category"": ""unknown"", ""message_vi"": """", ""is_dangerous"": false, ""confidence"": 0.5592584013938904, ""threshold"": null, ""level"": ""LOW""}",not used,no emergency,A,CED failed to recognize the event
5-198411-B-20.wav,5-198411-B-20,ESC-50,crying_baby,baby_crying,True,"Baby cry, infant cry",0.598366379737854,"[{""label"": ""Baby cry, infant cry"", ""score"": 0.598366379737854}, {""label"": ""Laughter"", ""score"": 0.5413237810134888}, {""label"": ""Crying, sobbing"", ""score"": 0.5407007932662964}, {""label"": ""Inside, small room"", ""score"": 0.5327840447425842}, {""label"": ""Baby laughter"", ""score"": 0.5244259834289551}]","{""matched"": false, ""category"": ""low_confidence"", ""candidate_category"": ""baby_crying"", ""message_vi"": """", ""is_dangerous"": false, ""confidence"": 0.598366379737854, ""threshold"": 0.6, ""level"": ""LOW""}",not used,no emergency,B,CED recognized it but alert mapper confidence threshold rejected it
5-213802-A-12.wav,5-213802-A-12,ESC-50,crackling_fire,fire,True,Vehicle,0.6021798849105835,"[{""label"": ""Vehicle"", ""score"": 0.6021798849105835}, {""label"": ""Helicopter"", ""score"": 0.5465465784072876}, {""label"": ""Aircraft"", ""score"": 0.5408810377120972}, {""label"": ""Propeller, airscrew"", ""score"": 0.5190232396125793}, {""label"": ""Engine"", ""score"": 0.5172967910766602}]","{""matched"": false, ""category"": ""unknown"", ""message_vi"": """", ""is_dangerous"": false, ""confidence"": 0.6021798849105835, ""threshold"": null, ""level"": ""LOW""}",not used,no emergency,A,CED failed to recognize the event
5-215658-B-12.wav,5-215658-B-12,ESC-50,crackling_fire,fire,True,Raindrop,0.5532183647155762,"[{""label"": ""Raindrop"", ""score"": 0.5532183647155762}, {""label"": ""Boiling"", ""score"": 0.5393401980400085}, {""label"": ""Rain on surface"", ""score"": 0.5351241827011108}, {""label"": ""Rain"", ""score"": 0.5297539234161377}, {""label"": ""Vehicle"", ""score"": 0.5097254514694214}]","{""matched"": false, ""category"": ""unknown"", ""message_vi"": """", ""is_dangerous"": false, ""confidence"": 0.5532183647155762, ""threshold"": null, ""level"": ""LOW""}",not used,no emergency,A,CED failed to recognize the event
5-221528-A-39.wav,5-221528-A-39,ESC-50,glass_breaking,glass_breaking,True,Breaking,0.6747610569000244,"[{""label"": ""Breaking"", ""score"": 0.6747610569000244}, {""label"": ""Glass"", ""score"": 0.5937143564224243}, {""label"": ""Chink, clink"", ""score"": 0.5567282438278198}, {""label"": ""Smash, crash"", ""score"": 0.5398191213607788}, {""label"": ""Sound effect"", ""score"": 0.530206024646759}]","{""matched"": false, ""category"": ""unknown"", ""message_vi"": """", ""is_dangerous"": false, ""confidence"": 0.6747610569000244, ""threshold"": null, ""level"": ""LOW""}",not used,no emergency,A,CED failed to recognize the event
5-221529-A-39.wav,5-221529-A-39,ESC-50,glass_breaking,glass_breaking,True,"Smash, crash",0.6203521490097046,"[{""label"": ""Smash, crash"", ""score"": 0.6203521490097046}, {""label"": ""Breaking"", ""score"": 0.5899488925933838}, {""label"": ""Glass"", ""score"": 0.5486384034156799}, {""label"": ""Chink, clink"", ""score"": 0.5290165543556213}, {""label"": ""Sound effect"", ""score"": 0.5095605254173279}]","{""matched"": false, ""category"": ""unknown"", ""message_vi"": """", ""is_dangerous"": false, ""confidence"": 0.6203521490097046, ""threshold"": null, ""level"": ""LOW""}",not used,no emergency,A,CED failed to recognize the event
5-233605-A-39.wav,5-233605-A-39,ESC-50,glass_breaking,glass_breaking,True,"Slap, smack",0.64656001329422,"[{""label"": ""Slap, smack"", ""score"": 0.64656001329422}, {""label"": ""Breaking"", ""score"": 0.5406394600868225}, {""label"": ""Sound effect"", ""score"": 0.5228634476661682}, {""label"": ""Smash, crash"", ""score"": 0.5187131762504578}, {""label"": ""Whack, thwack"", ""score"": 0.5179798603057861}]","{""matched"": false, ""category"": ""unknown"", ""message_vi"": """", ""is_dangerous"": false, ""confidence"": 0.64656001329422, ""threshold"": null, ""level"": ""LOW""}",not used,no emergency,A,CED failed to recognize the event
5-233607-A-39.wav,5-233607-A-39,ESC-50,glass_breaking,glass_breaking,True,Hammer,0.5500695109367371,"[{""label"": ""Hammer"", ""score"": 0.5500695109367371}, {""label"": ""Chink, clink"", ""score"": 0.5379123687744141}, {""label"": ""Breaking"", ""score"": 0.5315470099449158}, {""label"": ""Sound effect"", ""score"": 0.5233723521232605}, {""label"": ""Clang"", ""score"": 0.5150018930435181}]","{""matched"": false, ""category"": ""unknown"", ""message_vi"": """", ""is_dangerous"": false, ""confidence"": 0.5500695109367371, ""threshold"": null, ""level"": ""LOW""}",not used,no emergency,A,CED failed to recognize the event
5-257642-A-39.wav,5-257642-A-39,ESC-50,glass_breaking,glass_breaking,True,Breaking,0.6191167235374451,"[{""label"": ""Breaking"", ""score"": 0.6191167235374451}, {""label"": ""Sound effect"", ""score"": 0.5591087341308594}, {""label"": ""Glass"", ""score"": 0.5498080253601074}, {""label"": ""Chink, clink"", ""score"": 0.542809247970581}, {""label"": ""Shatter"", ""score"": 0.5309569239616394}]","{""matched"": false, ""category"": ""unknown"", ""message_vi"": """", ""is_dangerous"": false, ""confidence"": 0.6191167235374451, ""threshold"": null, ""level"": ""LOW""}",not used,no emergency,A,CED failed to recognize the event
5-260432-A-39.wav,5-260432-A-39,ESC-50,glass_breaking,glass_breaking,True,Breaking,0.6239890456199646,"[{""label"": ""Breaking"", ""score"": 0.6239890456199646}, {""label"": ""Chink, clink"", ""score"": 0.621366560459137}, {""label"": ""Smash, crash"", ""score"": 0.5447105765342712}, {""label"": ""Glass"", ""score"": 0.5259080529212952}, {""label"": ""Sound effect"", ""score"": 0.5244632959365845}]","{""matched"": false, ""category"": ""unknown"", ""message_vi"": """", ""is_dangerous"": false, ""confidence"": 0.6239890456199646, ""threshold"": null, ""level"": ""LOW""}",not used,no emergency,A,CED failed to recognize the event
5-260433-A-39.wav,5-260433-A-39,ESC-50,glass_breaking,glass_breaking,True,Breaking,0.5927470922470093,"[{""label"": ""Breaking"", ""score"": 0.5927470922470093}, {""label"": ""Chink, clink"", ""score"": 0.5921359658241272}, {""label"": ""Smash, crash"", ""score"": 0.5378634929656982}, {""label"": ""Sound effect"", ""score"": 0.5178060531616211}, {""label"": ""Glass"", ""score"": 0.5174827575683594}]","{""matched"": false, ""category"": ""unknown"", ""message_vi"": """", ""is_dangerous"": false, ""confidence"": 0.5927470922470093, ""threshold"": null, ""level"": ""LOW""}",not used,no emergency,A,CED failed to recognize the event
5-260434-A-39.wav,5-260434-A-39,ESC-50,glass_breaking,glass_breaking,True,"Chink, clink",0.6233423948287964,"[{""label"": ""Chink, clink"", ""score"": 0.6233423948287964}, {""label"": ""Breaking"", ""score"": 0.5954951047897339}, {""label"": ""Glass"", ""score"": 0.5373440384864807}, {""label"": ""Sound effect"", ""score"": 0.5253490805625916}, {""label"": ""Jingle bell"", ""score"": 0.5114047527313232}]","{""matched"": false, ""category"": ""unknown"", ""message_vi"": """", ""is_dangerous"": false, ""confidence"": 0.6233423948287964, ""threshold"": null, ""level"": ""LOW""}",not used,no emergency,A,CED failed to recognize the event
