trial_id,message_type,t_before_ns,t_send_ns,t_render_ack_ns,latency_ms,ack,skipped_acks,failure,screen,clock_synchronized,clock_text,firmware_ms,protocol_version
render-S-000,S,201632151924200,201632152150800,201632163907500,11.9833,SGACK|render-S-000|S|S|1|22:16|5026|1,[],,S,True,22:16,5026,1
render-S-001,S,201632164446700,201632164679600,201632176550200,12.1035,SGACK|render-S-001|S|S|1|22:16|5039|1,[],,S,True,22:16,5039,1
render-S-002,S,201632176903200,201632177275900,201632188664300,11.7611,SGACK|render-S-002|S|S|1|22:16|5051|1,[],,S,True,22:16,5051,1
render-S-003,S,201632189085300,201632189368300,201632200707400,11.6221,SGACK|render-S-003|S|S|1|22:16|5063|1,[],,S,True,22:16,5063,1
render-S-004,S,201632201155100,201632201437500,201632212509100,11.354,SGACK|render-S-004|S|S|1|22:16|5075|1,[],,S,True,22:16,5075,1
render-S-005,S,201632212853800,201632213047000,201632224731800,11.878,SGACK|render-S-005|S|S|1|22:16|5087|1,[],,S,True,22:16,5087,1
render-S-006,S,201632225246000,201632225531700,201632236524600,11.2786,SGACK|render-S-006|S|S|1|22:16|5099|1,[],,S,True,22:16,5099,1
render-S-007,S,201632236873700,201632237100400,201632248632700,11.759,SGACK|render-S-007|S|S|1|22:16|5111|1,[],,S,True,22:16,5111,1
render-S-008,S,201632248962000,201632249174400,201632260639300,11.6773,SGACK|render-S-008|S|S|1|22:16|5123|1,[],,S,True,22:16,5123,1
render-S-009,S,201632261186800,201632261510800,201632272612300,11.4255,SGACK|render-S-009|S|S|1|22:16|5135|1,[],,S,True,22:16,5135,1
render-S-010,S,201632273019400,201632273283500,201632284585600,11.5662,SGACK|render-S-010|S|S|1|22:16|5147|1,[],,S,True,22:16,5147,1
render-S-011,S,201632284907200,201632285136700,201632297023800,12.1166,SGACK|render-S-011|S|S|1|22:16|5159|1,[],,S,True,22:16,5159,1
render-S-012,S,201632297567500,201632297810900,201632309618100,12.0506,SGACK|render-S-012|S|S|1|22:16|5172|1,[],,S,True,22:16,5172,1
render-S-013,S,201632309989800,201632310266700,201632321603500,11.6137,SGACK|render-S-013|S|S|1|22:16|5184|1,[],,S,True,22:16,5184,1
render-S-014,S,201632321929600,201632322185500,201632333633400,11.7038,SGACK|render-S-014|S|S|1|22:16|5196|1,[],,S,True,22:16,5196,1
render-S-015,S,201632333940100,201632334223000,201632345568500,11.6284,SGACK|render-S-015|S|S|1|22:16|5208|1,[],,S,True,22:16,5208,1
render-S-016,S,201632345874000,201632346139800,201632357590900,11.7169,SGACK|render-S-016|S|S|1|22:16|5220|1,[],,S,True,22:16,5220,1
render-S-017,S,201632357874900,201632358048700,201632370125400,12.2505,SGACK|render-S-017|S|S|1|22:16|5232|1,[],,S,True,22:16,5232,1
render-S-018,S,201632370535200,201632370748800,201632382642900,12.1077,SGACK|render-S-018|S|S|1|22:16|5245|1,[],,S,True,22:16,5245,1
render-S-019,S,201632383625700,201632383873800,201632396008700,12.383,SGACK|render-S-019|S|S|1|22:16|5258|1,[],,S,True,22:16,5258,1
render-S-020,S,201632396440800,201632396647400,201632409101600,12.6608,SGACK|render-S-020|S|S|1|22:16|5271|1,[],,S,True,22:16,5271,1
render-S-021,S,201632409562300,201632409860300,201632421591400,12.0291,SGACK|render-S-021|S|S|1|22:16|5284|1,[],,S,True,22:16,5284,1
render-S-022,S,201632421913900,201632422117300,201632433572900,11.659,SGACK|render-S-022|S|S|1|22:16|5296|1,[],,S,True,22:16,5296,1
render-S-023,S,201632433838800,201632434015700,201632445973900,12.1351,SGACK|render-S-023|S|S|1|22:16|5308|1,[],,S,True,22:16,5308,1
render-S-024,S,201632446492200,201632446679400,201632458556300,12.0641,SGACK|render-S-024|S|S|1|22:16|5321|1,[],,S,True,22:16,5321,1
render-S-025,S,201632458846200,201632459096900,201632470595500,11.7493,SGACK|render-S-025|S|S|1|22:16|5333|1,[],,S,True,22:16,5333,1
render-S-026,S,201632470898200,201632471148100,201632482531600,11.6334,SGACK|render-S-026|S|S|1|22:16|5345|1,[],,S,True,22:16,5345,1
render-S-027,S,201632482844400,201632483085700,201632494510700,11.6663,SGACK|render-S-027|S|S|1|22:16|5357|1,[],,S,True,22:16,5357,1
render-S-028,S,201632495011000,201632495287100,201632506485700,11.4747,SGACK|render-S-028|S|S|1|22:16|5369|1,[],,S,True,22:16,5369,1
render-S-029,S,201632506824000,201632507017100,201632518593500,11.7695,SGACK|render-S-029|S|S|1|22:16|5381|1,[],,S,True,22:16,5381,1
render-S-030,S,201632518936700,201632519083100,201632530511600,11.5749,SGACK|render-S-030|S|S|1|22:16|5393|1,[],,S,True,22:16,5393,1
render-S-031,S,201632530849100,201632530984900,201632542503200,11.6541,SGACK|render-S-031|S|S|1|22:16|5405|1,[],,S,True,22:16,5405,1
render-S-032,S,201632542841600,201632542981000,201632554987300,12.1457,SGACK|render-S-032|S|S|1|22:16|5417|1,[],,S,True,22:16,5417,1
render-S-033,S,201632555504800,201632555737700,201632567998600,12.4938,SGACK|render-S-033|S|S|1|22:16|5430|1,[],,S,True,22:16,5430,1
render-S-034,S,201632568479400,201632568730700,201632580510200,12.0308,SGACK|render-S-034|S|S|1|22:16|5443|1,[],,S,True,22:16,5443,1
render-S-035,S,201632580862200,201632581040400,201632592429300,11.5671,SGACK|render-S-035|S|S|1|22:16|5455|1,[],,S,True,22:16,5455,1
render-S-036,S,201632592757900,201632592926400,201632604507500,11.7496,SGACK|render-S-036|S|S|1|22:16|5467|1,[],,S,True,22:16,5467,1
render-S-037,S,201632604838000,201632605111400,201632616526100,11.6881,SGACK|render-S-037|S|S|1|22:16|5479|1,[],,S,True,22:16,5479,1
render-S-038,S,201632616870200,201632617159400,201632628510500,11.6403,SGACK|render-S-038|S|S|1|22:16|5491|1,[],,S,True,22:16,5491,1
render-S-039,S,201632628969700,201632629150100,201632640489500,11.5198,SGACK|render-S-039|S|S|1|22:16|5503|1,[],,S,True,22:16,5503,1
render-S-040,S,201632640797300,201632640967500,201632652807300,12.01,SGACK|render-S-040|S|S|1|22:16|5515|1,[],,S,True,22:16,5515,1
render-S-041,S,201632653287200,201632653489300,201632664958800,11.6716,SGACK|render-S-041|S|S|1|22:16|5527|1,[],,S,True,22:16,5527,1
render-S-042,S,201632665469600,201632665783900,201632677884000,12.4144,SGACK|render-S-042|S|S|1|22:16|5540|1,[],,S,True,22:16,5540,1
render-S-043,S,201632678439000,201632678684800,201632691001200,12.5622,SGACK|render-S-043|S|S|1|22:16|5553|1,[],,S,True,22:16,5553,1
render-S-044,S,201632691591800,201632691857600,201632703640300,12.0485,SGACK|render-S-044|S|S|1|22:16|5566|1,[],,S,True,22:16,5566,1
render-S-045,S,201632704005300,201632704169800,201632715852700,11.8474,SGACK|render-S-045|S|S|1|22:16|5578|1,[],,S,True,22:16,5578,1
render-S-046,S,201632716239300,201632716486600,201632728263500,12.0242,SGACK|render-S-046|S|S|1|22:16|5590|1,[],,S,True,22:16,5590,1
render-S-047,S,201632728611000,201632728805500,201632741052400,12.4414,SGACK|render-S-047|S|S|1|22:16|5603|1,[],,S,True,22:16,5603,1
render-S-048,S,201632741516400,201632741822400,201632754035400,12.519,SGACK|render-S-048|S|S|1|22:16|5616|1,[],,S,True,22:16,5616,1
render-S-049,S,201632754527500,201632754839000,201632767064200,12.5367,SGACK|render-S-049|S|S|1|22:16|5629|1,[],,S,True,22:16,5629,1
render-S-050,S,201632767576200,201632767865000,201632779940300,12.3641,SGACK|render-S-050|S|S|1|22:16|5642|1,[],,S,True,22:16,5642,1
render-S-051,S,201632780502000,201632780745100,201632792602300,12.1003,SGACK|render-S-051|S|S|1|22:16|5655|1,[],,S,True,22:16,5655,1
render-S-052,S,201632792909600,201632793082200,201632804523300,11.6137,SGACK|render-S-052|S|S|1|22:16|5667|1,[],,S,True,22:16,5667,1
render-S-053,S,201632804915500,201632805105800,201632816608500,11.693,SGACK|render-S-053|S|S|1|22:16|5679|1,[],,S,True,22:16,5679,1
render-S-054,S,201632816936700,201632817112800,201632828773200,11.8365,SGACK|render-S-054|S|S|1|22:16|5691|1,[],,S,True,22:16,5691,1
render-S-055,S,201632829078600,201632829289400,201632840598300,11.5197,SGACK|render-S-055|S|S|1|22:16|5703|1,[],,S,True,22:16,5703,1
render-S-056,S,201632840930800,201632841116400,201632852618200,11.6874,SGACK|render-S-056|S|S|1|22:16|5715|1,[],,S,True,22:16,5715,1
render-S-057,S,201632852955900,201632853133200,201632864556900,11.601,SGACK|render-S-057|S|S|1|22:16|5727|1,[],,S,True,22:16,5727,1
render-S-058,S,201632864896100,201632865097500,201632876554800,11.6587,SGACK|render-S-058|S|S|1|22:16|5739|1,[],,S,True,22:16,5739,1
render-S-059,S,201632876835100,201632877007600,201632888560900,11.7258,SGACK|render-S-059|S|S|1|22:16|5751|1,[],,S,True,22:16,5751,1
render-S-060,S,201632888879000,201632889018100,201632900617900,11.7389,SGACK|render-S-060|S|S|1|22:16|5763|1,[],,S,True,22:16,5763,1
render-S-061,S,201632900948900,201632901110900,201632912466200,11.5173,SGACK|render-S-061|S|S|1|22:16|5775|1,[],,S,True,22:16,5775,1
render-S-062,S,201632912788600,201632912985400,201632924995300,12.2067,SGACK|render-S-062|S|S|1|22:16|5787|1,[],,S,True,22:16,5787,1
render-S-063,S,201632925486200,201632925764700,201632937799600,12.3134,SGACK|render-S-063|S|S|1|22:16|5800|1,[],,S,True,22:16,5800,1
render-S-064,S,201632938582800,201632939057000,201632961527800,22.945,SGACK|render-S-064|S|S|1|22:16|5813|1,[],,S,True,22:16,5813,1
render-S-065,S,201632962236800,201632962487400,201632973974000,11.7372,SGACK|render-S-065|S|S|1|22:16|5836|1,[],,S,True,22:16,5836,1
render-S-066,S,201632974839600,201632975169200,201632986968800,12.1292,SGACK|render-S-066|S|S|1|22:16|5849|1,[],,S,True,22:16,5849,1
render-S-067,S,201632987451000,201632987710600,201632999678700,12.2277,SGACK|render-S-067|S|S|1|22:16|5862|1,[],,S,True,22:16,5862,1
render-S-068,S,201633000020500,201633000201200,201633011601500,11.581,SGACK|render-S-068|S|S|1|22:16|5874|1,[],,S,True,22:16,5874,1
render-S-069,S,201633012064900,201633012264800,201633023364000,11.2991,SGACK|render-S-069|S|S|1|22:16|5886|1,[],,S,True,22:16,5886,1
render-S-070,S,201633023680200,201633023904700,201633035409900,11.7297,SGACK|render-S-070|S|S|1|22:16|5898|1,[],,S,True,22:16,5898,1
render-S-071,S,201633035787200,201633036262400,201633047564700,11.7775,SGACK|render-S-071|S|S|1|22:16|5910|1,[],,S,True,22:16,5910,1
render-S-072,S,201633047914800,201633048187000,201633059516000,11.6012,SGACK|render-S-072|S|S|1|22:16|5922|1,[],,S,True,22:16,5922,1
render-S-073,S,201633059841900,201633060027900,201633071574300,11.7324,SGACK|render-S-073|S|S|1|22:16|5934|1,[],,S,True,22:16,5934,1
render-S-074,S,201633072054000,201633072358400,201633083623400,11.5694,SGACK|render-S-074|S|S|1|22:16|5946|1,[],,S,True,22:16,5946,1
render-S-075,S,201633083992800,201633084257100,201633096003200,12.0104,SGACK|render-S-075|S|S|1|22:16|5958|1,[],,S,True,22:16,5958,1
render-S-076,S,201633096354300,201633096591700,201633108522900,12.1686,SGACK|render-S-076|S|S|1|22:16|5971|1,[],,S,True,22:16,5971,1
render-S-077,S,201633108958100,201633109265300,201633120512900,11.5548,SGACK|render-S-077|S|S|1|22:16|5983|1,[],,S,True,22:16,5983,1
render-S-078,S,201633120967600,201633121207000,201633132893300,11.9257,SGACK|render-S-078|S|S|1|22:16|5995|1,[],,S,True,22:16,5995,1
render-S-079,S,201633133450300,201633133771300,201633145622000,12.1717,SGACK|render-S-079|S|S|1|22:16|6008|1,[],,S,True,22:16,6008,1
render-S-080,S,201633145965800,201633146178700,201633162319900,16.3541,SGACK|render-S-080|S|S|1|22:16|6024|1,[],,S,True,22:16,6024,1
render-S-081,S,201633162842700,201633163104400,201633174485100,11.6424,SGACK|render-S-081|S|S|1|22:16|6037|1,[],,S,True,22:16,6037,1
render-S-082,S,201633174825600,201633175016900,201633186492100,11.6665,SGACK|render-S-082|S|S|1|22:16|6049|1,[],,S,True,22:16,6049,1
render-S-083,S,201633186818300,201633187024500,201633198483600,11.6653,SGACK|render-S-083|S|S|1|22:16|6061|1,[],,S,True,22:16,6061,1
render-S-084,S,201633198908500,201633199108500,201633210446000,11.5375,SGACK|render-S-084|S|S|1|22:16|6073|1,[],,S,True,22:16,6073,1
render-S-085,S,201633211097000,201633211369800,201633222507500,11.4105,SGACK|render-S-085|S|S|1|22:16|6085|1,[],,S,True,22:16,6085,1
render-S-086,S,201633222833400,201633223011900,201633234537400,11.704,SGACK|render-S-086|S|S|1|22:16|6097|1,[],,S,True,22:16,6097,1
render-S-087,S,201633234895700,201633235097300,201633246598900,11.7032,SGACK|render-S-087|S|S|1|22:16|6109|1,[],,S,True,22:16,6109,1
render-S-088,S,201633246979300,201633247159600,201633258681300,11.702,SGACK|render-S-088|S|S|1|22:16|6121|1,[],,S,True,22:16,6121,1
render-S-089,S,201633259034900,201633259230800,201633270677000,11.6421,SGACK|render-S-089|S|S|1|22:16|6133|1,[],,S,True,22:16,6133,1
render-S-090,S,201633271023800,201633271222100,201633282677300,11.6535,SGACK|render-S-090|S|S|1|22:16|6145|1,[],,S,True,22:16,6145,1
render-S-091,S,201633283025100,201633283194300,201633295274800,12.2497,SGACK|render-S-091|S|S|1|22:16|6157|1,[],,S,True,22:16,6157,1
render-S-092,S,201633295644600,201633295923700,201633307611600,11.967,SGACK|render-S-092|S|S|1|22:16|6170|1,[],,S,True,22:16,6170,1
render-S-093,S,201633307927800,201633308154600,201633319617800,11.69,SGACK|render-S-093|S|S|1|22:16|6182|1,[],,S,True,22:16,6182,1
render-S-094,S,201633319945600,201633320119300,201633331619500,11.6739,SGACK|render-S-094|S|S|1|22:16|6194|1,[],,S,True,22:16,6194,1
render-S-095,S,201633331943900,201633332163100,201633343561400,11.6175,SGACK|render-S-095|S|S|1|22:16|6206|1,[],,S,True,22:16,6206,1
render-S-096,S,201633343983300,201633344347900,201633355632900,11.6496,SGACK|render-S-096|S|S|1|22:16|6218|1,[],,S,True,22:16,6218,1
render-S-097,S,201633355947900,201633356180600,201633367487500,11.5396,SGACK|render-S-097|S|S|1|22:16|6230|1,[],,S,True,22:16,6230,1
render-S-098,S,201633367844400,201633368066000,201633379462300,11.6179,SGACK|render-S-098|S|S|1|22:16|6242|1,[],,S,True,22:16,6242,1
render-S-099,S,201633379784200,201633379952800,201633391661500,11.8773,SGACK|render-S-099|S|S|1|22:16|6254|1,[],,S,True,22:16,6254,1
render-C-000,C,201633442468800,201633442844300,201633451029500,8.5607,SGACK|render-C-000|C|S|1|22:16|6313|1,[],,S,True,22:16,6313,1
render-C-001,C,201633451355400,201633451671100,201633459938400,8.583,SGACK|render-C-001|C|S|1|22:16|6322|1,[],,S,True,22:16,6322,1
render-C-002,C,201633460212800,201633460366400,201633467900100,7.6873,SGACK|render-C-002|C|S|1|22:16|6330|1,[],,S,True,22:16,6330,1
render-C-003,C,201633468232700,201633468424900,201633475856100,7.6234,SGACK|render-C-003|C|S|1|22:16|6338|1,[],,S,True,22:16,6338,1
render-C-004,C,201633476183700,201633476410700,201633483909200,7.7255,SGACK|render-C-004|C|S|1|22:16|6346|1,[],,S,True,22:16,6346,1
render-C-005,C,201633484252200,201633484454900,201633491948400,7.6962,SGACK|render-C-005|C|S|1|22:16|6354|1,[],,S,True,22:16,6354,1
render-C-006,C,201633492244300,201633492445900,201633499902600,7.6583,SGACK|render-C-006|C|S|1|22:16|6362|1,[],,S,True,22:16,6362,1
render-C-007,C,201633500234700,201633500390400,201633507941300,7.7066,SGACK|render-C-007|C|S|1|22:16|6370|1,[],,S,True,22:16,6370,1
render-C-008,C,201633508226200,201633508468300,201633515892200,7.666,SGACK|render-C-008|C|S|1|22:16|6378|1,[],,S,True,22:16,6378,1
render-C-009,C,201633516185400,201633516427500,201633523921100,7.7357,SGACK|render-C-009|C|S|1|22:16|6386|1,[],,S,True,22:16,6386,1
render-C-010,C,201633524195500,201633524342500,201633531970100,7.7746,SGACK|render-C-010|C|S|1|22:16|6394|1,[],,S,True,22:16,6394,1
render-C-011,C,201633532262500,201633532473900,201633539932200,7.6697,SGACK|render-C-011|C|S|1|22:16|6402|1,[],,S,True,22:16,6402,1
render-C-012,C,201633540206800,201633540370100,201633547951200,7.7444,SGACK|render-C-012|C|S|1|22:16|6410|1,[],,S,True,22:16,6410,1
render-C-013,C,201633548257900,201633548523400,201633556260800,8.0029,SGACK|render-C-013|C|S|1|22:16|6418|1,[],,S,True,22:16,6418,1
render-C-014,C,201633556688800,201633556876100,201633565510600,8.8218,SGACK|render-C-014|C|S|1|22:16|6427|1,[],,S,True,22:16,6427,1
render-C-015,C,201633565960200,201633566161600,201633573848200,7.888,SGACK|render-C-015|C|S|1|22:16|6436|1,[],,S,True,22:16,6436,1
render-C-016,C,201633574145800,201633574299400,201633581964800,7.819,SGACK|render-C-016|C|S|1|22:16|6444|1,[],,S,True,22:16,6444,1
render-C-017,C,201633582263100,201633582414700,201633589958800,7.6957,SGACK|render-C-017|C|S|1|22:16|6452|1,[],,S,True,22:16,6452,1
render-C-018,C,201633590254000,201633590404600,201633597962000,7.708,SGACK|render-C-018|C|S|1|22:16|6460|1,[],,S,True,22:16,6460,1
render-C-019,C,201633598270700,201633598450500,201633606024900,7.7542,SGACK|render-C-019|C|S|1|22:16|6468|1,[],,S,True,22:16,6468,1
render-C-020,C,201633606324800,201633606474800,201633614013900,7.6891,SGACK|render-C-020|C|S|1|22:16|6476|1,[],,S,True,22:16,6476,1
render-C-021,C,201633614312200,201633614535500,201633622305200,7.993,SGACK|render-C-021|C|S|1|22:16|6484|1,[],,S,True,22:16,6484,1
render-C-022,C,201633622680600,201633622912600,201633630869700,8.1891,SGACK|render-C-022|C|S|1|22:16|6493|1,[],,S,True,22:16,6493,1
render-C-023,C,201633631169900,201633631327100,201633639108600,7.9387,SGACK|render-C-023|C|S|1|22:16|6501|1,[],,S,True,22:16,6501,1
render-C-024,C,201633639466700,201633639683100,201633647956800,8.4901,SGACK|render-C-024|C|S|1|22:16|6510|1,[],,S,True,22:16,6510,1
render-C-025,C,201633648251600,201633648411700,201633656346800,8.0952,SGACK|render-C-025|C|S|1|22:16|6518|1,[],,S,True,22:16,6518,1
render-C-026,C,201633656730300,201633656988100,201633665282800,8.5525,SGACK|render-C-026|C|S|1|22:16|6527|1,[],,S,True,22:16,6527,1
render-C-027,C,201633665677300,201633665915100,201633673886200,8.2089,SGACK|render-C-027|C|S|1|22:16|6536|1,[],,S,True,22:16,6536,1
render-C-028,C,201633674174900,201633674391400,201633682097500,7.9226,SGACK|render-C-028|C|S|1|22:16|6544|1,[],,S,True,22:16,6544,1
render-C-029,C,201633682563800,201633682760700,201633690866100,8.3023,SGACK|render-C-029|C|S|1|22:16|6553|1,[],,S,True,22:16,6553,1
render-C-030,C,201633691129200,201633691299600,201633699301000,8.1718,SGACK|render-C-030|C|S|1|22:16|6561|1,[],,S,True,22:16,6561,1
render-C-031,C,201633699837200,201633700057100,201633708025500,8.1883,SGACK|render-C-031|C|S|1|22:16|6570|1,[],,S,True,22:16,6570,1
render-C-032,C,201633708404300,201633708581200,201633717099100,8.6948,SGACK|render-C-032|C|S|1|22:16|6579|1,[],,S,True,22:16,6579,1
render-C-033,C,201633717384800,201633717643900,201633726465400,9.0806,SGACK|render-C-033|C|S|1|22:16|6588|1,[],,S,True,22:16,6588,1
render-C-034,C,201633726838600,201633727038100,201633735455800,8.6172,SGACK|render-C-034|C|S|1|22:16|6597|1,[],,S,True,22:16,6597,1
render-C-035,C,201633735954700,201633736204500,201633743916500,7.9618,SGACK|render-C-035|C|S|1|22:16|6606|1,[],,S,True,22:16,6606,1
render-C-036,C,201633744693800,201633744988700,201633753005600,8.3118,SGACK|render-C-036|C|S|1|22:16|6615|1,[],,S,True,22:16,6615,1
render-C-037,C,201633753406100,201633753591000,201633762048600,8.6425,SGACK|render-C-037|C|S|1|22:16|6624|1,[],,S,True,22:16,6624,1
render-C-038,C,201633762502500,201633762713000,201633771017800,8.5153,SGACK|render-C-038|C|S|1|22:16|6633|1,[],,S,True,22:16,6633,1
render-C-039,C,201633771452100,201633771646700,201633780037100,8.585,SGACK|render-C-039|C|S|1|22:16|6642|1,[],,S,True,22:16,6642,1
render-C-040,C,201633780455000,201633780676600,201633788997500,8.5425,SGACK|render-C-040|C|S|1|22:16|6651|1,[],,S,True,22:16,6651,1
render-C-041,C,201633789364400,201633789572600,201633798033300,8.6689,SGACK|render-C-041|C|S|1|22:16|6660|1,[],,S,True,22:16,6660,1
render-C-042,C,201633798428400,201633798633500,201633806961800,8.5334,SGACK|render-C-042|C|S|1|22:16|6669|1,[],,S,True,22:16,6669,1
render-C-043,C,201633807509400,201633807742100,201633816034600,8.5252,SGACK|render-C-043|C|S|1|22:16|6678|1,[],,S,True,22:16,6678,1
render-C-044,C,201633816514400,201633816720800,201633825050300,8.5359,SGACK|render-C-044|C|S|1|22:16|6687|1,[],,S,True,22:16,6687,1
render-C-045,C,201633825511000,201633825698500,201633834037300,8.5263,SGACK|render-C-045|C|S|1|22:16|6696|1,[],,S,True,22:16,6696,1
render-C-046,C,201633834441800,201633834647800,201633843058800,8.617,SGACK|render-C-046|C|S|1|22:16|6705|1,[],,S,True,22:16,6705,1
render-C-047,C,201633843509700,201633843738400,201633852041100,8.5314,SGACK|render-C-047|C|S|1|22:16|6714|1,[],,S,True,22:16,6714,1
render-C-048,C,201633852433100,201633852613000,201633861268100,8.835,SGACK|render-C-048|C|S|1|22:16|6723|1,[],,S,True,22:16,6723,1
render-C-049,C,201633861692800,201633861896800,201633870175300,8.4825,SGACK|render-C-049|C|S|1|22:16|6732|1,[],,S,True,22:16,6732,1
render-C-050,C,201633870581500,201633870832800,201633879266700,8.6852,SGACK|render-C-050|C|S|1|22:16|6741|1,[],,S,True,22:16,6741,1
render-C-051,C,201633879667700,201633879848200,201633888020700,8.353,SGACK|render-C-051|C|S|1|22:16|6750|1,[],,S,True,22:16,6750,1
render-C-052,C,201633888479600,201633888676800,201633897481500,9.0019,SGACK|render-C-052|C|S|1|22:16|6759|1,[],,S,True,22:16,6759,1
render-C-053,C,201633898166200,201633898378400,201633905887500,7.7213,SGACK|render-C-053|C|S|1|22:16|6768|1,[],,S,True,22:16,6768,1
render-C-054,C,201633906235600,201633906394000,201633913913200,7.6776,SGACK|render-C-054|C|S|1|22:16|6776|1,[],,S,True,22:16,6776,1
render-C-055,C,201633914345000,201633914572100,201633922911100,8.5661,SGACK|render-C-055|C|S|1|22:16|6785|1,[],,S,True,22:16,6785,1
render-C-056,C,201633923349300,201633923586400,201633931959600,8.6103,SGACK|render-C-056|C|S|1|22:16|6794|1,[],,S,True,22:16,6794,1
render-C-057,C,201633932355100,201633932575500,201633940903400,8.5483,SGACK|render-C-057|C|S|1|22:16|6803|1,[],,S,True,22:16,6803,1
render-C-058,C,201633941323000,201633941555000,201633950017900,8.6949,SGACK|render-C-058|C|S|1|22:16|6812|1,[],,S,True,22:16,6812,1
render-C-059,C,201633950453800,201633950634700,201633958837400,8.3836,SGACK|render-C-059|C|S|1|22:16|6821|1,[],,S,True,22:16,6821,1
render-C-060,C,201633959225100,201633959373200,201633966909600,7.6845,SGACK|render-C-060|C|S|1|22:16|6829|1,[],,S,True,22:16,6829,1
render-C-061,C,201633967310000,201633967481300,201633974834400,7.5244,SGACK|render-C-061|C|S|1|22:16|6837|1,[],,S,True,22:16,6837,1
render-C-062,C,201633975196800,201633975376600,201633982968600,7.7718,SGACK|render-C-062|C|S|1|22:16|6845|1,[],,S,True,22:16,6845,1
render-C-063,C,201633983269000,201633983454000,201633990922200,7.6532,SGACK|render-C-063|C|S|1|22:16|6853|1,[],,S,True,22:16,6853,1
render-C-064,C,201633991157900,201633991319900,201633999342300,8.1844,SGACK|render-C-064|C|S|1|22:16|6861|1,[],,S,True,22:16,6861,1
render-C-065,C,201633999794900,201634000017900,201634008445000,8.6501,SGACK|render-C-065|C|S|1|22:16|6870|1,[],,S,True,22:16,6870,1
render-C-066,C,201634008888900,201634009106700,201634017463400,8.5745,SGACK|render-C-066|C|S|1|22:16|6879|1,[],,S,True,22:16,6879,1
render-C-067,C,201634017898700,201634018137300,201634026359000,8.4603,SGACK|render-C-067|C|S|1|22:16|6888|1,[],,S,True,22:16,6888,1
render-C-068,C,201634026779900,201634027007000,201634035413700,8.6338,SGACK|render-C-068|C|S|1|22:16|6897|1,[],,S,True,22:16,6897,1
render-C-069,C,201634035795200,201634036070700,201634044441900,8.6467,SGACK|render-C-069|C|S|1|22:16|6906|1,[],,S,True,22:16,6906,1
render-C-070,C,201634044965600,201634045240600,201634052905600,7.94,SGACK|render-C-070|C|S|1|22:16|6915|1,[],,S,True,22:16,6915,1
render-C-071,C,201634053233100,201634053406800,201634060994800,7.7617,SGACK|render-C-071|C|S|1|22:16|6923|1,[],,S,True,22:16,6923,1
render-C-072,C,201634061526900,201634061812800,201634069984000,8.4571,SGACK|render-C-072|C|S|1|22:16|6932|1,[],,S,True,22:16,6932,1
render-C-073,C,201634070274700,201634070421300,201634078246500,7.9718,SGACK|render-C-073|C|S|1|22:16|6940|1,[],,S,True,22:16,6940,1
render-C-074,C,201634078694200,201634078918500,201634086767400,8.0732,SGACK|render-C-074|C|S|1|22:16|6949|1,[],,S,True,22:16,6949,1
render-C-075,C,201634087019700,201634087173000,201634095334900,8.3152,SGACK|render-C-075|C|S|1|22:16|6957|1,[],,S,True,22:16,6957,1
render-C-076,C,201634095756900,201634095963200,201634103845000,8.0881,SGACK|render-C-076|C|S|1|22:16|6966|1,[],,S,True,22:16,6966,1
render-C-077,C,201634104080600,201634104252200,201634111864800,7.7842,SGACK|render-C-077|C|S|1|22:16|6974|1,[],,S,True,22:16,6974,1
render-C-078,C,201634112120300,201634112231100,201634119829300,7.709,SGACK|render-C-078|C|S|1|22:16|6982|1,[],,S,True,22:16,6982,1
render-C-079,C,201634120083000,201634120260600,201634128293300,8.2103,SGACK|render-C-079|C|S|1|22:16|6990|1,[],,S,True,22:16,6990,1
render-C-080,C,201634128656800,201634128840300,201634136834600,8.1778,SGACK|render-C-080|C|S|1|22:16|6999|1,[],,S,True,22:16,6999,1
render-C-081,C,201634137072500,201634137200500,201634144906200,7.8337,SGACK|render-C-081|C|S|1|22:16|7007|1,[],,S,True,22:16,7007,1
render-C-082,C,201634145229200,201634145355900,201634152799300,7.5701,SGACK|render-C-082|C|S|1|22:16|7015|1,[],,S,True,22:16,7015,1
render-C-083,C,201634153076200,201634153267300,201634161359300,8.2831,SGACK|render-C-083|C|S|1|22:16|7023|1,[],,S,True,22:16,7023,1
render-C-084,C,201634161787500,201634161954200,201634169916800,8.1293,SGACK|render-C-084|C|S|1|22:16|7032|1,[],,S,True,22:16,7032,1
render-C-085,C,201634170198700,201634170397000,201634178312300,8.1136,SGACK|render-C-085|C|S|1|22:16|7040|1,[],,S,True,22:16,7040,1
render-C-086,C,201634178743500,201634178914300,201634186906900,8.1634,SGACK|render-C-086|C|S|1|22:16|7049|1,[],,S,True,22:16,7049,1
render-C-087,C,201634187219600,201634187344300,201634194931000,7.7114,SGACK|render-C-087|C|S|1|22:16|7057|1,[],,S,True,22:16,7057,1
render-C-088,C,201634195218300,201634195351400,201634202879300,7.661,SGACK|render-C-088|C|S|1|22:16|7065|1,[],,S,True,22:16,7065,1
render-C-089,C,201634203286900,201634203500200,201634211884800,8.5979,SGACK|render-C-089|C|S|1|22:16|7074|1,[],,S,True,22:16,7074,1
render-C-090,C,201634212183400,201634212300000,201634219888400,7.705,SGACK|render-C-090|C|S|1|22:16|7082|1,[],,S,True,22:16,7082,1
render-C-091,C,201634220168400,201634220320900,201634228392400,8.224,SGACK|render-C-091|C|S|1|22:16|7090|1,[],,S,True,22:16,7090,1
render-C-092,C,201634228793500,201634228999300,201634236848300,8.0548,SGACK|render-C-092|C|S|1|22:16|7099|1,[],,S,True,22:16,7099,1
render-C-093,C,201634237120500,201634237269600,201634245022400,7.9019,SGACK|render-C-093|C|S|1|22:16|7107|1,[],,S,True,22:16,7107,1
render-C-094,C,201634245286400,201634245452100,201634253406000,8.1196,SGACK|render-C-094|C|S|1|22:16|7115|1,[],,S,True,22:16,7115,1
render-C-095,C,201634253826500,201634254023500,201634261888400,8.0619,SGACK|render-C-095|C|S|1|22:16|7124|1,[],,S,True,22:16,7124,1
render-C-096,C,201634262163400,201634262330400,201634270441700,8.2783,SGACK|render-C-096|C|S|1|22:16|7132|1,[],,S,True,22:16,7132,1
render-C-097,C,201634270805300,201634270964400,201634279302800,8.4975,SGACK|render-C-097|C|S|1|22:16|7141|1,[],,S,True,22:16,7141,1
render-C-098,C,201634279686700,201634279865300,201634287862800,8.1761,SGACK|render-C-098|C|S|1|22:16|7150|1,[],,S,True,22:16,7150,1
render-C-099,C,201634288132400,201634288365900,201634295892800,7.7604,SGACK|render-C-099|C|S|1|22:16|7158|1,[],,S,True,22:16,7158,1
render-E-000,E,201634337373600,201634337576800,201634346084100,8.7105,SGACK|render-E-000|E|A|1|22:16|7208|1,[],,A,True,22:16,7208,1
render-E-001,E,201634346368000,201634346655300,201634355069700,8.7017,SGACK|render-E-001|E|A|1|22:16|7217|1,[],,A,True,22:16,7217,1
render-E-002,E,201634355369200,201634355575700,201634364600000,9.2308,SGACK|render-E-002|E|A|1|22:16|7226|1,[],,A,True,22:16,7226,1
render-E-003,E,201634365022600,201634365280100,201634373023900,8.0013,SGACK|render-E-003|E|A|1|22:16|7235|1,[],,A,True,22:16,7235,1
render-E-004,E,201634373285700,201634373421300,201634381095600,7.8099,SGACK|render-E-004|E|A|1|22:16|7243|1,[],,A,True,22:16,7243,1
render-E-005,E,201634381339700,201634381500100,201634390032300,8.6926,SGACK|render-E-005|E|A|1|22:16|7252|1,[],,A,True,22:16,7252,1
render-E-006,E,201634390257800,201634390434100,201634398469800,8.212,SGACK|render-E-006|E|A|1|22:16|7260|1,[],,A,True,22:16,7260,1
render-E-007,E,201634398849700,201634399012000,201634407069400,8.2197,SGACK|render-E-007|E|A|1|22:16|7269|1,[],,A,True,22:16,7269,1
render-E-008,E,201634407333200,201634407489200,201634416090400,8.7572,SGACK|render-E-008|E|A|1|22:16|7278|1,[],,A,True,22:16,7278,1
render-E-009,E,201634416366100,201634416591000,201634425479500,9.1134,SGACK|render-E-009|E|A|1|22:16|7287|1,[],,A,True,22:16,7287,1
render-E-010,E,201634426067400,201634426238500,201634434049100,7.9817,SGACK|render-E-010|E|A|1|22:16|7296|1,[],,A,True,22:16,7296,1
render-E-011,E,201634434343600,201634434627000,201634443093400,8.7498,SGACK|render-E-011|E|A|1|22:16|7305|1,[],,A,True,22:16,7305,1
render-E-012,E,201634443367700,201634443693800,201634452060100,8.6924,SGACK|render-E-012|E|A|1|22:16|7314|1,[],,A,True,22:16,7314,1
render-E-013,E,201634452334200,201634452485700,201634461482000,9.1478,SGACK|render-E-013|E|A|1|22:16|7323|1,[],,A,True,22:16,7323,1
render-E-014,E,201634461860800,201634462035400,201634470064600,8.2038,SGACK|render-E-014|E|A|1|22:16|7332|1,[],,A,True,22:16,7332,1
render-E-015,E,201634470340400,201634470511200,201634479024500,8.6841,SGACK|render-E-015|E|A|1|22:16|7341|1,[],,A,True,22:16,7341,1
render-E-016,E,201634479309100,201634479473800,201634487063900,7.7548,SGACK|render-E-016|E|A|1|22:16|7349|1,[],,A,True,22:16,7349,1
render-E-017,E,201634487390500,201634487610200,201634496067200,8.6767,SGACK|render-E-017|E|A|1|22:16|7358|1,[],,A,True,22:16,7358,1
render-E-018,E,201634496328500,201634496452800,201634505059300,8.7308,SGACK|render-E-018|E|A|1|22:16|7367|1,[],,A,True,22:16,7367,1
render-E-019,E,201634505352300,201634505577100,201634514046800,8.6945,SGACK|render-E-019|E|A|1|22:16|7376|1,[],,A,True,22:16,7376,1
render-E-020,E,201634514352900,201634514481200,201634523505700,9.1528,SGACK|render-E-020|E|A|1|22:16|7385|1,[],,A,True,22:16,7385,1
render-E-021,E,201634523911000,201634524093700,201634532061300,8.1503,SGACK|render-E-021|E|A|1|22:16|7394|1,[],,A,True,22:16,7394,1
render-E-022,E,201634532353400,201634532615000,201634541069100,8.7157,SGACK|render-E-022|E|A|1|22:16|7403|1,[],,A,True,22:16,7403,1
render-E-023,E,201634541362100,201634541550000,201634550053100,8.691,SGACK|render-E-023|E|A|1|22:16|7412|1,[],,A,True,22:16,7412,1
render-E-024,E,201634550335900,201634550460700,201634559519500,9.1836,SGACK|render-E-024|E|A|1|22:16|7421|1,[],,A,True,22:16,7421,1
render-E-025,E,201634559914300,201634560069700,201634568478700,8.5644,SGACK|render-E-025|E|A|1|22:16|7430|1,[],,A,True,22:16,7430,1
render-E-026,E,201634568870800,201634569080400,201634577599000,8.7282,SGACK|render-E-026|E|A|1|22:16|7439|1,[],,A,True,22:16,7439,1
render-E-027,E,201634578023300,201634578189200,201634586082800,8.0595,SGACK|render-E-027|E|A|1|22:16|7448|1,[],,A,True,22:16,7448,1
render-E-028,E,201634586357700,201634586565600,201634595559500,9.2018,SGACK|render-E-028|E|A|1|22:16|7457|1,[],,A,True,22:16,7457,1
render-E-029,E,201634595937600,201634596092700,201634604091500,8.1539,SGACK|render-E-029|E|A|1|22:16|7466|1,[],,A,True,22:16,7466,1
render-E-030,E,201634604394400,201634604570300,201634613149000,8.7546,SGACK|render-E-030|E|A|1|22:16|7475|1,[],,A,True,22:16,7475,1
render-E-031,E,201634613404700,201634613554500,201634622131000,8.7263,SGACK|render-E-031|E|A|1|22:16|7484|1,[],,A,True,22:16,7484,1
render-E-032,E,201634622631800,201634622802500,201634631586500,8.9547,SGACK|render-E-032|E|A|1|22:16|7493|1,[],,A,True,22:16,7493,1
render-E-033,E,201634631900400,201634632075000,201634640034000,8.1336,SGACK|render-E-033|E|A|1|22:16|7502|1,[],,A,True,22:16,7502,1
render-E-034,E,201634640335200,201634640683600,201634649175100,8.8399,SGACK|render-E-034|E|A|1|22:16|7511|1,[],,A,True,22:16,7511,1
render-E-035,E,201634649448100,201634649630100,201634658118100,8.67,SGACK|render-E-035|E|A|1|22:16|7520|1,[],,A,True,22:16,7520,1
render-E-036,E,201634658543200,201634658708500,201634667543200,9.0,SGACK|render-E-036|E|A|1|22:16|7529|1,[],,A,True,22:16,7529,1
render-E-037,E,201634667864900,201634668095400,201634676095100,8.2302,SGACK|render-E-037|E|A|1|22:16|7538|1,[],,A,True,22:16,7538,1
render-E-038,E,201634676421800,201634676586600,201634685067400,8.6456,SGACK|render-E-038|E|A|1|22:16|7547|1,[],,A,True,22:16,7547,1
render-E-039,E,201634685344300,201634685512600,201634694710500,9.3662,SGACK|render-E-039|E|A|1|22:16|7556|1,[],,A,True,22:16,7556,1
render-E-040,E,201634694984900,201634695121200,201634703054100,8.0692,SGACK|render-E-040|E|A|1|22:16|7565|1,[],,A,True,22:16,7565,1
render-E-041,E,201634703343900,201634703550900,201634712580600,9.2367,SGACK|render-E-041|E|A|1|22:16|7574|1,[],,A,True,22:16,7574,1
render-E-042,E,201634713094100,201634713353800,201634721179500,8.0854,SGACK|render-E-042|E|A|1|22:16|7583|1,[],,A,True,22:16,7583,1
render-E-043,E,201634721473100,201634721670200,201634730105900,8.6328,SGACK|render-E-043|E|A|1|22:16|7592|1,[],,A,True,22:16,7592,1
render-E-044,E,201634730427100,201634730750100,201634739090800,8.6637,SGACK|render-E-044|E|A|1|22:16|7601|1,[],,A,True,22:16,7601,1
render-E-045,E,201634739453800,201634739612400,201634748109800,8.656,SGACK|render-E-045|E|A|1|22:16|7610|1,[],,A,True,22:16,7610,1
render-E-046,E,201634748420700,201634748549300,201634757299100,8.8784,SGACK|render-E-046|E|A|1|22:16|7619|1,[],,A,True,22:16,7619,1
render-E-047,E,201634757643100,201634757846400,201634766069300,8.4262,SGACK|render-E-047|E|A|1|22:16|7628|1,[],,A,True,22:16,7628,1
render-E-048,E,201634766326300,201634766523500,201634775049500,8.7232,SGACK|render-E-048|E|A|1|22:16|7637|1,[],,A,True,22:16,7637,1
render-E-049,E,201634775299100,201634775458400,201634783094300,7.7952,SGACK|render-E-049|E|A|1|22:16|7645|1,[],,A,True,22:16,7645,1
render-E-050,E,201634783358000,201634783635500,201634792563800,9.2058,SGACK|render-E-050|E|A|1|22:16|7654|1,[],,A,True,22:16,7654,1
render-E-051,E,201634792960300,201634793180300,201634801131400,8.1711,SGACK|render-E-051|E|A|1|22:16|7663|1,[],,A,True,22:16,7663,1
render-E-052,E,201634801472000,201634801643200,201634810180400,8.7084,SGACK|render-E-052|E|A|1|22:16|7672|1,[],,A,True,22:16,7672,1
render-E-053,E,201634810539800,201634810773600,201634819059400,8.5196,SGACK|render-E-053|E|A|1|22:16|7681|1,[],,A,True,22:16,7681,1
render-E-054,E,201634819348000,201634819573500,201634828450800,9.1028,SGACK|render-E-054|E|A|1|22:16|7690|1,[],,A,True,22:16,7690,1
render-E-055,E,201634828814900,201634829025800,201634837109600,8.2947,SGACK|render-E-055|E|A|1|22:16|7699|1,[],,A,True,22:16,7699,1
render-E-056,E,201634837463500,201634837636700,201634846572700,9.1092,SGACK|render-E-056|E|A|1|22:16|7708|1,[],,A,True,22:16,7708,1
render-E-057,E,201634847003000,201634847268400,201634855023000,8.02,SGACK|render-E-057|E|A|1|22:16|7717|1,[],,A,True,22:16,7717,1
render-E-058,E,201634855315200,201634855498100,201634864125100,8.8099,SGACK|render-E-058|E|A|1|22:16|7726|1,[],,A,True,22:16,7726,1
render-E-059,E,201634864377300,201634864634000,201634873163600,8.7863,SGACK|render-E-059|E|A|1|22:16|7735|1,[],,A,True,22:16,7735,1
render-E-060,E,201634873497000,201634873707000,201634882158500,8.6615,SGACK|render-E-060|E|A|1|22:16|7744|1,[],,A,True,22:16,7744,1
render-E-061,E,201634882638600,201634882800400,201634891202900,8.5643,SGACK|render-E-061|E|A|1|22:16|7753|1,[],,A,True,22:16,7753,1
render-E-062,E,201634891459000,201634891614300,201634900132200,8.6732,SGACK|render-E-062|E|A|1|22:16|7762|1,[],,A,True,22:16,7762,1
render-E-063,E,201634900407200,201634900634600,201634909118800,8.7116,SGACK|render-E-063|E|A|1|22:16|7771|1,[],,A,True,22:16,7771,1
render-E-064,E,201634909461400,201634909802600,201634918395600,8.9342,SGACK|render-E-064|E|A|1|22:16|7780|1,[],,A,True,22:16,7780,1
render-E-065,E,201634918740800,201634919041700,201634927270600,8.5298,SGACK|render-E-065|E|A|1|22:16|7789|1,[],,A,True,22:16,7789,1
render-E-066,E,201634927883500,201634928103600,201634936101700,8.2182,SGACK|render-E-066|E|A|1|22:16|7798|1,[],,A,True,22:16,7798,1
render-E-067,E,201634936418200,201634936565200,201634945185600,8.7674,SGACK|render-E-067|E|A|1|22:16|7807|1,[],,A,True,22:16,7807,1
render-E-068,E,201634945468200,201634945598100,201634954615800,9.1476,SGACK|render-E-068|E|A|1|22:16|7816|1,[],,A,True,22:16,7816,1
render-E-069,E,201634955087800,201634955373200,201634963130900,8.0431,SGACK|render-E-069|E|A|1|22:16|7825|1,[],,A,True,22:16,7825,1
render-E-070,E,201634963423000,201634963632700,201634972107100,8.6841,SGACK|render-E-070|E|A|1|22:16|7834|1,[],,A,True,22:16,7834,1
render-E-071,E,201634972372600,201634972614800,201634981123600,8.751,SGACK|render-E-071|E|A|1|22:16|7843|1,[],,A,True,22:16,7843,1
render-E-072,E,201634981384100,201634981612400,201634990134700,8.7506,SGACK|render-E-072|E|A|1|22:16|7852|1,[],,A,True,22:16,7852,1
render-E-073,E,201634990370900,201634990612300,201634999138100,8.7672,SGACK|render-E-073|E|A|1|22:16|7861|1,[],,A,True,22:16,7861,1
render-E-074,E,201634999399700,201634999592700,201635008091700,8.692,SGACK|render-E-074|E|A|1|22:16|7870|1,[],,A,True,22:16,7870,1
render-E-075,E,201635008329900,201635008464700,201635017213900,8.884,SGACK|render-E-075|E|A|1|22:16|7879|1,[],,A,True,22:16,7879,1
render-E-076,E,201635017544700,201635017726700,201635026381400,8.8367,SGACK|render-E-076|E|A|1|22:16|7888|1,[],,A,True,22:16,7888,1
render-E-077,E,201635027080000,201635027270700,201635035197300,8.1173,SGACK|render-E-077|E|A|1|22:16|7897|1,[],,A,True,22:16,7897,1
render-E-078,E,201635035477600,201635035657900,201635044712700,9.2351,SGACK|render-E-078|E|A|1|22:16|7906|1,[],,A,True,22:16,7906,1
render-E-079,E,201635045145600,201635045349000,201635053176900,8.0313,SGACK|render-E-079|E|A|1|22:16|7915|1,[],,A,True,22:16,7915,1
render-E-080,E,201635053520700,201635053721800,201635062172000,8.6513,SGACK|render-E-080|E|A|1|22:16|7924|1,[],,A,True,22:16,7924,1
render-E-081,E,201635062440600,201635062590300,201635071179400,8.7388,SGACK|render-E-081|E|A|1|22:16|7933|1,[],,A,True,22:16,7933,1
render-E-082,E,201635071412100,201635071554100,201635080200500,8.7884,SGACK|render-E-082|E|A|1|22:16|7942|1,[],,A,True,22:16,7942,1
render-E-083,E,201635080465300,201635080617500,201635089172800,8.7075,SGACK|render-E-083|E|A|1|22:16|7951|1,[],,A,True,22:16,7951,1
render-E-084,E,201635089446400,201635089595500,201635098180300,8.7339,SGACK|render-E-084|E|A|1|22:16|7960|1,[],,A,True,22:16,7960,1
render-E-085,E,201635098434700,201635098639700,201635107262600,8.8279,SGACK|render-E-085|E|A|1|22:16|7969|1,[],,A,True,22:16,7969,1
render-E-086,E,201635107583500,201635107801700,201635116120300,8.5368,SGACK|render-E-086|E|A|1|22:16|7978|1,[],,A,True,22:16,7978,1
render-E-087,E,201635116410500,201635116590300,201635125117500,8.707,SGACK|render-E-087|E|A|1|22:16|7987|1,[],,A,True,22:16,7987,1
render-E-088,E,201635125400300,201635125608200,201635134110800,8.7105,SGACK|render-E-088|E|A|1|22:16|7996|1,[],,A,True,22:16,7996,1
render-E-089,E,201635134361400,201635134595700,201635143128900,8.7675,SGACK|render-E-089|E|A|1|22:16|8005|1,[],,A,True,22:16,8005,1
render-E-090,E,201635143492400,201635143665500,201635152185400,8.693,SGACK|render-E-090|E|A|1|22:16|8014|1,[],,A,True,22:16,8014,1
render-E-091,E,201635152453300,201635152613500,201635165219900,12.7666,SGACK|render-E-091|E|A|1|22:16|8027|1,[],,A,True,22:16,8027,1
render-E-092,E,201635165484200,201635165639000,201635174152700,8.6685,SGACK|render-E-092|E|A|1|22:16|8036|1,[],,A,True,22:16,8036,1
render-E-093,E,201635174459800,201635174598200,201635183206800,8.747,SGACK|render-E-093|E|A|1|22:16|8045|1,[],,A,True,22:16,8045,1
render-E-094,E,201635183517200,201635183721100,201635192190000,8.6728,SGACK|render-E-094|E|A|1|22:16|8054|1,[],,A,True,22:16,8054,1
render-E-095,E,201635192429600,201635192586400,201635201064300,8.6347,SGACK|render-E-095|E|A|1|22:16|8063|1,[],,A,True,22:16,8063,1
render-E-096,E,201635201333700,201635201479300,201635210170000,8.8363,SGACK|render-E-096|E|A|1|22:16|8072|1,[],,A,True,22:16,8072,1
render-E-097,E,201635210446400,201635210616300,201635219099100,8.6527,SGACK|render-E-097|E|A|1|22:16|8081|1,[],,A,True,22:16,8081,1
render-E-098,E,201635219385400,201635219616700,201635228141300,8.7559,SGACK|render-E-098|E|A|1|22:16|8090|1,[],,A,True,22:16,8090,1
render-E-099,E,201635228392000,201635228574100,201635237181400,8.7894,SGACK|render-E-099|E|A|1|22:16|8099|1,[],,A,True,22:16,8099,1
