trial_id,message_type,t_before_ns,t_send_ns,t_render_ack_ns,latency_ms,ack,skipped_acks,failure,screen,clock_synchronized,clock_text,firmware_ms,protocol_version,transition,expected_screen,intermediate_incorrect_screen_observed
transition-0-000,S,201686980215800,201686980435400,201686991850200,11.6344,SGACK|transition-0-000|S|S|1|22:17|59856|1,[],,S,True,22:17,59856,1,HOME->SUBTITLE,S,False
transition-0-001,S,201687040256800,201687040456500,201687051726200,11.4694,SGACK|transition-0-001|S|S|1|22:17|59916|1,[],,S,True,22:17,59916,1,HOME->SUBTITLE,S,False
transition-0-002,S,201687100229400,201687100433900,201687111820700,11.5913,SGACK|transition-0-002|S|S|1|22:17|59976|1,[],,S,True,22:17,59976,1,HOME->SUBTITLE,S,False
transition-0-003,S,201687160739700,201687160964800,201687171701300,10.9616,SGACK|transition-0-003|S|S|1|22:17|60036|1,[],,S,True,22:17,60036,1,HOME->SUBTITLE,S,False
transition-0-004,S,201687227670300,201687227845700,201687238709800,11.0395,SGACK|transition-0-004|S|S|1|22:17|60103|1,[],,S,True,22:17,60103,1,HOME->SUBTITLE,S,False
transition-0-005,S,201687287134800,201687287348000,201687297739500,10.6047,SGACK|transition-0-005|S|S|1|22:17|60162|1,[],,S,True,22:17,60162,1,HOME->SUBTITLE,S,False
transition-0-006,S,201687346197100,201687346403700,201687357638100,11.441,SGACK|transition-0-006|S|S|1|22:17|60222|1,[],,S,True,22:17,60222,1,HOME->SUBTITLE,S,False
transition-0-007,S,201687406186000,201687406435800,201687417847700,11.6617,SGACK|transition-0-007|S|S|1|22:17|60282|1,[],,S,True,22:17,60282,1,HOME->SUBTITLE,S,False
transition-0-008,S,201687467245600,201687467382900,201687478690400,11.4448,SGACK|transition-0-008|S|S|1|22:17|60343|1,[],,S,True,22:17,60343,1,HOME->SUBTITLE,S,False
transition-0-009,S,201687527192900,201687527331200,201687538633200,11.4403,SGACK|transition-0-009|S|S|1|22:17|60403|1,[],,S,True,22:17,60403,1,HOME->SUBTITLE,S,False
transition-0-010,S,201687587244400,201687587415700,201687598787400,11.543,SGACK|transition-0-010|S|S|1|22:17|60463|1,[],,S,True,22:17,60463,1,HOME->SUBTITLE,S,False
transition-0-011,S,201687647226900,201687647368200,201687658632400,11.4055,SGACK|transition-0-011|S|S|1|22:17|60523|1,[],,S,True,22:17,60523,1,HOME->SUBTITLE,S,False
transition-0-012,S,201687707244200,201687707429400,201687718900200,11.656,SGACK|transition-0-012|S|S|1|22:17|60583|1,[],,S,True,22:17,60583,1,HOME->SUBTITLE,S,False
transition-0-013,S,201687768181800,201687768365600,201687779678000,11.4962,SGACK|transition-0-013|S|S|1|22:17|60644|1,[],,S,True,22:17,60644,1,HOME->SUBTITLE,S,False
transition-0-014,S,201687828261900,201687828425800,201687839684200,11.4223,SGACK|transition-0-014|S|S|1|22:17|60704|1,[],,S,True,22:17,60704,1,HOME->SUBTITLE,S,False
transition-0-015,S,201687888126800,201687888247400,201687899653100,11.5263,SGACK|transition-0-015|S|S|1|22:17|60764|1,[],,S,True,22:17,60764,1,HOME->SUBTITLE,S,False
transition-0-016,S,201687947232000,201687947399200,201687958627900,11.3959,SGACK|transition-0-016|S|S|1|22:17|60823|1,[],,S,True,22:17,60823,1,HOME->SUBTITLE,S,False
transition-0-017,S,201688007120200,201688007295800,201688018627800,11.5076,SGACK|transition-0-017|S|S|1|22:17|60883|1,[],,S,True,22:17,60883,1,HOME->SUBTITLE,S,False
transition-0-018,S,201688067264100,201688067413000,201688078717100,11.453,SGACK|transition-0-018|S|S|1|22:17|60943|1,[],,S,True,22:17,60943,1,HOME->SUBTITLE,S,False
transition-0-019,S,201688128211300,201688128391900,201688139660700,11.4494,SGACK|transition-0-019|S|S|1|22:17|61004|1,[],,S,True,22:17,61004,1,HOME->SUBTITLE,S,False
transition-0-020,S,201688188184600,201688188471100,201688199635600,11.451,SGACK|transition-0-020|S|S|1|22:17|61064|1,[],,S,True,22:17,61064,1,HOME->SUBTITLE,S,False
transition-0-021,S,201688249679300,201688249946700,201688261042600,11.3633,SGACK|transition-0-021|S|S|1|22:17|61125|1,[],,S,True,22:17,61125,1,HOME->SUBTITLE,S,False
transition-0-022,S,201688311771200,201688311968900,201688323157300,11.3861,SGACK|transition-0-022|S|S|1|22:17|61187|1,[],,S,True,22:17,61187,1,HOME->SUBTITLE,S,False
transition-0-023,S,201688373170200,201688373363800,201688384739700,11.5695,SGACK|transition-0-023|S|S|1|22:17|61249|1,[],,S,True,22:17,61249,1,HOME->SUBTITLE,S,False
transition-0-024,S,201688434165500,201688434325500,201688445622600,11.4571,SGACK|transition-0-024|S|S|1|22:17|61310|1,[],,S,True,22:17,61310,1,HOME->SUBTITLE,S,False
transition-0-025,S,201688494160100,201688494295400,201688505591600,11.4315,SGACK|transition-0-025|S|S|1|22:17|61370|1,[],,S,True,22:17,61370,1,HOME->SUBTITLE,S,False
transition-0-026,S,201688554208700,201688554345600,201688565630500,11.4218,SGACK|transition-0-026|S|S|1|22:17|61430|1,[],,S,True,22:17,61430,1,HOME->SUBTITLE,S,False
transition-0-027,S,201688614171500,201688614323900,201688626381600,12.2101,SGACK|transition-0-027|S|S|1|22:17|61490|1,[],,S,True,22:17,61490,1,HOME->SUBTITLE,S,False
transition-0-028,S,201688675195300,201688675341200,201688686640500,11.4452,SGACK|transition-0-028|S|S|1|22:17|61551|1,[],,S,True,22:17,61551,1,HOME->SUBTITLE,S,False
transition-0-029,S,201688735203200,201688735350900,201688746622200,11.419,SGACK|transition-0-029|S|S|1|22:17|61611|1,[],,S,True,22:17,61611,1,HOME->SUBTITLE,S,False
transition-1-000,E,201688795168100,201688795292400,201688804008500,8.8404,SGACK|transition-1-000|E|A|1|22:17|61669|1,[],,A,True,22:17,61669,1,HOME->ALERT,A,False
transition-1-001,E,201688849204800,201688849395200,201688858179700,8.9749,SGACK|transition-1-001|E|A|1|22:17|61723|1,[],,A,True,22:17,61723,1,HOME->ALERT,A,False
transition-1-002,E,201688903146600,201688903343000,201688911995200,8.8486,SGACK|transition-1-002|E|A|1|22:17|61777|1,[],,A,True,22:17,61777,1,HOME->ALERT,A,False
transition-1-003,E,201688957105100,201688957298300,201688965986900,8.8818,SGACK|transition-1-003|E|A|1|22:17|61831|1,[],,A,True,22:17,61831,1,HOME->ALERT,A,False
transition-1-004,E,201689011158100,201689011284700,201689020049200,8.8911,SGACK|transition-1-004|E|A|1|22:17|61885|1,[],,A,True,22:17,61885,1,HOME->ALERT,A,False
transition-1-005,E,201689065182900,201689065343400,201689073991300,8.8084,SGACK|transition-1-005|E|A|1|22:17|61939|1,[],,A,True,22:17,61939,1,HOME->ALERT,A,False
transition-1-006,E,201689119213400,201689119359100,201689128059800,8.8464,SGACK|transition-1-006|E|A|1|22:17|61993|1,[],,A,True,22:17,61993,1,HOME->ALERT,A,False
transition-1-007,E,201689173156100,201689173309000,201689181987300,8.8312,SGACK|transition-1-007|E|A|1|22:17|62047|1,[],,A,True,22:17,62047,1,HOME->ALERT,A,False
transition-1-008,E,201689231217200,201689231346700,201689239962700,8.7455,SGACK|transition-1-008|E|A|1|22:17|62105|1,[],,A,True,22:17,62105,1,HOME->ALERT,A,False
transition-1-009,E,201689285221600,201689285341000,201689294008400,8.7868,SGACK|transition-1-009|E|A|1|22:17|62159|1,[],,A,True,22:17,62159,1,HOME->ALERT,A,False
transition-1-010,E,201689339060700,201689339178500,201689346990600,7.9299,SGACK|transition-1-010|E|A|1|22:17|62212|1,[],,A,True,22:17,62212,1,HOME->ALERT,A,False
transition-1-011,E,201689391241800,201689391462900,201689400018200,8.7764,SGACK|transition-1-011|E|A|1|22:17|62264|1,[],,A,True,22:17,62264,1,HOME->ALERT,A,False
transition-1-012,E,201689445216400,201689445350000,201689453938800,8.7224,SGACK|transition-1-012|E|A|1|22:17|62319|1,[],,A,True,22:17,62319,1,HOME->ALERT,A,False
transition-1-013,E,201689498108900,201689498222300,201689506928500,8.8196,SGACK|transition-1-013|E|A|1|22:17|62372|1,[],,A,True,22:17,62372,1,HOME->ALERT,A,False
transition-1-014,E,201689552129700,201689552246200,201689560954300,8.8246,SGACK|transition-1-014|E|A|1|22:17|62426|1,[],,A,True,22:17,62426,1,HOME->ALERT,A,False
transition-1-015,E,201689606121200,201689606232500,201689614894000,8.7728,SGACK|transition-1-015|E|A|1|22:17|62479|1,[],,A,True,22:17,62479,1,HOME->ALERT,A,False
transition-1-016,E,201689663178400,201689663332500,201689671870600,8.6922,SGACK|transition-1-016|E|A|1|22:17|62537|1,[],,A,True,22:17,62537,1,HOME->ALERT,A,False
transition-1-017,E,201689716124800,201689716257900,201689724917100,8.7923,SGACK|transition-1-017|E|A|1|22:17|62590|1,[],,A,True,22:17,62590,1,HOME->ALERT,A,False
transition-1-018,E,201689770111300,201689770293800,201689778964800,8.8535,SGACK|transition-1-018|E|A|1|22:17|62644|1,[],,A,True,22:17,62644,1,HOME->ALERT,A,False
transition-1-019,E,201689824097900,201689824223300,201689832920200,8.8223,SGACK|transition-1-019|E|A|1|22:17|62698|1,[],,A,True,22:17,62698,1,HOME->ALERT,A,False
transition-1-020,E,201689878133200,201689878284000,201689886920700,8.7875,SGACK|transition-1-020|E|A|1|22:17|62752|1,[],,A,True,22:17,62752,1,HOME->ALERT,A,False
transition-1-021,E,201689932168700,201689932300800,201689940964900,8.7962,SGACK|transition-1-021|E|A|1|22:17|62806|1,[],,A,True,22:17,62806,1,HOME->ALERT,A,False
transition-1-022,E,201689986009900,201689986177500,201689994896800,8.8869,SGACK|transition-1-022|E|A|1|22:17|62860|1,[],,A,True,22:17,62860,1,HOME->ALERT,A,False
transition-1-023,E,201690039132000,201690039334700,201690047996900,8.8649,SGACK|transition-1-023|E|A|1|22:17|62913|1,[],,A,True,22:17,62913,1,HOME->ALERT,A,False
transition-1-024,E,201690092409900,201690092536100,201690100964100,8.5542,SGACK|transition-1-024|E|A|1|22:17|62966|1,[],,A,True,22:17,62966,1,HOME->ALERT,A,False
transition-1-025,E,201690146208100,201690146331500,201690154950800,8.7427,SGACK|transition-1-025|E|A|1|22:17|63019|1,[],,A,True,22:17,63019,1,HOME->ALERT,A,False
transition-1-026,E,201690200178000,201690200343400,201690209181600,9.0036,SGACK|transition-1-026|E|A|1|22:17|63074|1,[],,A,True,22:17,63074,1,HOME->ALERT,A,False
transition-1-027,E,201690254079400,201690254197100,201690262915500,8.8361,SGACK|transition-1-027|E|A|1|22:17|63127|1,[],,A,True,22:17,63127,1,HOME->ALERT,A,False
transition-1-028,E,201690308114500,201690308262800,201690316863500,8.749,SGACK|transition-1-028|E|A|1|22:17|63182|1,[],,A,True,22:17,63182,1,HOME->ALERT,A,False
transition-1-029,E,201690362168000,201690362322000,201690370810500,8.6425,SGACK|transition-1-029|E|A|1|22:17|63236|1,[],,A,True,22:17,63236,1,HOME->ALERT,A,False
transition-2-000,E,201690426630000,201690426893500,201690434905600,8.2756,SGACK|transition-2-000|E|A|1|22:17|63300|1,[],,A,True,22:17,63300,1,SUBTITLE->ALERT,A,False
transition-2-001,E,201690498642700,201690498784200,201690506906500,8.2638,SGACK|transition-2-001|E|A|1|22:17|63372|1,[],,A,True,22:17,63372,1,SUBTITLE->ALERT,A,False
transition-2-002,E,201690570834500,201690570986700,201690578900600,8.0661,SGACK|transition-2-002|E|A|1|22:17|63444|1,[],,A,True,22:17,63444,1,SUBTITLE->ALERT,A,False
transition-2-003,E,201690642664400,201690642792900,201690651448900,8.7845,SGACK|transition-2-003|E|A|1|22:17|63516|1,[],,A,True,22:17,63516,1,SUBTITLE->ALERT,A,False
transition-2-004,E,201690716138700,201690716329600,201690725412700,9.274,SGACK|transition-2-004|E|A|1|22:17|63590|1,[],,A,True,22:17,63590,1,SUBTITLE->ALERT,A,False
transition-2-005,E,201690788553300,201690788725500,201690796905400,8.3521,SGACK|transition-2-005|E|A|1|22:17|63662|1,[],,A,True,22:17,63662,1,SUBTITLE->ALERT,A,False
transition-2-006,E,201690860637200,201690860785000,201690868887800,8.2506,SGACK|transition-2-006|E|A|1|22:17|63734|1,[],,A,True,22:17,63734,1,SUBTITLE->ALERT,A,False
transition-2-007,E,201690932648000,201690932783300,201690940868900,8.2209,SGACK|transition-2-007|E|A|1|22:17|63806|1,[],,A,True,22:17,63806,1,SUBTITLE->ALERT,A,False
transition-2-008,E,201691004740600,201691004905900,201691012967500,8.2269,SGACK|transition-2-008|E|A|1|22:17|63878|1,[],,A,True,22:17,63878,1,SUBTITLE->ALERT,A,False
transition-2-009,E,201691077622000,201691077750000,201691085881300,8.2593,SGACK|transition-2-009|E|A|1|22:17|63951|1,[],,A,True,22:17,63951,1,SUBTITLE->ALERT,A,False
transition-2-010,E,201691149648300,201691149817300,201691157891000,8.2427,SGACK|transition-2-010|E|A|1|22:17|64023|1,[],,A,True,22:17,64023,1,SUBTITLE->ALERT,A,False
transition-2-011,E,201691226610400,201691226755500,201691234947400,8.337,SGACK|transition-2-011|E|A|1|22:17|64100|1,[],,A,True,22:17,64100,1,SUBTITLE->ALERT,A,False
transition-2-012,E,201691298834400,201691298985400,201691307400300,8.5659,SGACK|transition-2-012|E|A|1|22:17|64172|1,[],,A,True,22:17,64172,1,SUBTITLE->ALERT,A,False
transition-2-013,E,201691371070400,201691371231500,201691379902200,8.8318,SGACK|transition-2-013|E|A|1|22:17|64245|1,[],,A,True,22:17,64245,1,SUBTITLE->ALERT,A,False
transition-2-014,E,201691443591600,201691443756200,201691452475000,8.8834,SGACK|transition-2-014|E|A|1|22:17|64317|1,[],,A,True,22:17,64317,1,SUBTITLE->ALERT,A,False
transition-2-015,E,201691516422500,201691516664100,201691525359500,8.937,SGACK|transition-2-015|E|A|1|22:17|64390|1,[],,A,True,22:17,64390,1,SUBTITLE->ALERT,A,False
transition-2-016,E,201691589198300,201691589418000,201691597911100,8.7128,SGACK|transition-2-016|E|A|1|22:17|64463|1,[],,A,True,22:17,64463,1,SUBTITLE->ALERT,A,False
transition-2-017,E,201691661597400,201691661793000,201691670041800,8.4444,SGACK|transition-2-017|E|A|1|22:17|64535|1,[],,A,True,22:17,64535,1,SUBTITLE->ALERT,A,False
transition-2-018,E,201691734662800,201691734777700,201691742923500,8.2607,SGACK|transition-2-018|E|A|1|22:17|64608|1,[],,A,True,22:17,64608,1,SUBTITLE->ALERT,A,False
transition-2-019,E,201691806482800,201691806646500,201691814934300,8.4515,SGACK|transition-2-019|E|A|1|22:17|64680|1,[],,A,True,22:17,64680,1,SUBTITLE->ALERT,A,False
transition-2-020,E,201691878676400,201691878796700,201691886908400,8.232,SGACK|transition-2-020|E|A|1|22:17|64752|1,[],,A,True,22:17,64752,1,SUBTITLE->ALERT,A,False
transition-2-021,E,201691951058400,201691951273100,201691960282600,9.2242,SGACK|transition-2-021|E|A|1|22:17|64825|1,[],,A,True,22:17,64825,1,SUBTITLE->ALERT,A,False
transition-2-022,E,201692023564800,201692023739400,201692032349200,8.7844,SGACK|transition-2-022|E|A|1|22:17|64897|1,[],,A,True,22:17,64897,1,SUBTITLE->ALERT,A,False
transition-2-023,E,201692095561000,201692095726600,201692103906600,8.3456,SGACK|transition-2-023|E|A|1|22:17|64969|1,[],,A,True,22:17,64969,1,SUBTITLE->ALERT,A,False
transition-2-024,E,201692168063600,201692168248100,201692177389900,9.3263,SGACK|transition-2-024|E|A|1|22:17|65042|1,[],,A,True,22:17,65042,1,SUBTITLE->ALERT,A,False
transition-2-025,E,201692241041900,201692241280000,201692249912200,8.8703,SGACK|transition-2-025|E|A|1|22:17|65115|1,[],,A,True,22:17,65115,1,SUBTITLE->ALERT,A,False
transition-2-026,E,201692314154100,201692314336000,201692322934400,8.7803,SGACK|transition-2-026|E|A|1|22:17|65188|1,[],,A,True,22:17,65188,1,SUBTITLE->ALERT,A,False
transition-2-027,E,201692386514400,201692386673100,201692394894700,8.3803,SGACK|transition-2-027|E|A|1|22:17|65260|1,[],,A,True,22:17,65260,1,SUBTITLE->ALERT,A,False
transition-2-028,E,201692459056500,201692459250500,201692468138600,9.0821,SGACK|transition-2-028|E|A|1|22:17|65333|1,[],,A,True,22:17,65333,1,SUBTITLE->ALERT,A,False
transition-2-029,E,201692531954100,201692532157100,201692541429100,9.475,SGACK|transition-2-029|E|A|1|22:17|65406|1,[],,A,True,22:17,65406,1,SUBTITLE->ALERT,A,False
transition-3-000,E,201692613991200,201692614153100,201692625992500,12.0013,SGACK|transition-3-000|E|S|1|22:17|65491|1,[],,S,True,22:17,65491,1,ALERT->SUBTITLE,S,False
transition-3-001,E,201692698003500,201692698181800,201692710457000,12.4535,SGACK|transition-3-001|E|S|1|22:17|65575|1,[],,S,True,22:17,65575,1,ALERT->SUBTITLE,S,False
transition-3-002,E,201692781963500,201692782080500,201692794037800,12.0743,SGACK|transition-3-002|E|S|1|22:17|65659|1,[],,S,True,22:17,65659,1,ALERT->SUBTITLE,S,False
transition-3-003,E,201692867361800,201692867573800,201692878997800,11.636,SGACK|transition-3-003|E|S|1|22:17|65744|1,[],,S,True,22:17,65744,1,ALERT->SUBTITLE,S,False
transition-3-004,E,201692950929100,201692951082400,201692962985300,12.0562,SGACK|transition-3-004|E|S|1|22:17|65828|1,[],,S,True,22:17,65828,1,ALERT->SUBTITLE,S,False
transition-3-005,E,201693036648600,201693036817800,201693048424900,11.7763,SGACK|transition-3-005|E|S|1|22:17|65913|1,[],,S,True,22:17,65913,1,ALERT->SUBTITLE,S,False
transition-3-006,E,201693119970200,201693120084200,201693132425000,12.4548,SGACK|transition-3-006|E|S|1|22:17|65997|1,[],,S,True,22:17,65997,1,ALERT->SUBTITLE,S,False
transition-3-007,E,201693209020600,201693209133300,201693220986000,11.9654,SGACK|transition-3-007|E|S|1|22:17|66086|1,[],,S,True,22:17,66086,1,ALERT->SUBTITLE,S,False
transition-3-008,E,201693295944000,201693296070300,201693308197300,12.2533,SGACK|transition-3-008|E|S|1|22:17|66173|1,[],,S,True,22:17,66173,1,ALERT->SUBTITLE,S,False
transition-3-009,E,201693380205200,201693380480400,201693392349200,12.144,SGACK|transition-3-009|E|S|1|22:17|66257|1,[],,S,True,22:17,66257,1,ALERT->SUBTITLE,S,False
transition-3-010,E,201693464987900,201693465109800,201693476981100,11.9932,SGACK|transition-3-010|E|S|1|22:17|66342|1,[],,S,True,22:17,66342,1,ALERT->SUBTITLE,S,False
transition-3-011,E,201693548946200,201693549065400,201693561488900,12.5427,SGACK|transition-3-011|E|S|1|22:17|66426|1,[],,S,True,22:17,66426,1,ALERT->SUBTITLE,S,False
transition-3-012,E,201693635495700,201693635703600,201693647052800,11.5571,SGACK|transition-3-012|E|S|1|22:17|66512|1,[],,S,True,22:17,66512,1,ALERT->SUBTITLE,S,False
transition-3-013,E,201693720361700,201693720550100,201693731914200,11.5525,SGACK|transition-3-013|E|S|1|22:17|66597|1,[],,S,True,22:17,66597,1,ALERT->SUBTITLE,S,False
transition-3-014,E,201693803910300,201693804024100,201693815967000,12.0567,SGACK|transition-3-014|E|S|1|22:17|66681|1,[],,S,True,22:17,66681,1,ALERT->SUBTITLE,S,False
transition-3-015,E,201693887947500,201693888124100,201693900045100,12.0976,SGACK|transition-3-015|E|S|1|22:17|66765|1,[],,S,True,22:17,66765,1,ALERT->SUBTITLE,S,False
transition-3-016,E,201693972633400,201693972742900,201693983984500,11.3511,SGACK|transition-3-016|E|S|1|22:17|66849|1,[],,S,True,22:17,66849,1,ALERT->SUBTITLE,S,False
transition-3-017,E,201694055875300,201694055994200,201694068004700,12.1294,SGACK|transition-3-017|E|S|1|22:17|66933|1,[],,S,True,22:17,66933,1,ALERT->SUBTITLE,S,False
transition-3-018,E,201694139901300,201694140173000,201694151980300,12.079,SGACK|transition-3-018|E|S|1|22:17|67017|1,[],,S,True,22:17,67017,1,ALERT->SUBTITLE,S,False
transition-3-019,E,201694224568100,201694224785600,201694235954800,11.3867,SGACK|transition-3-019|E|S|1|22:17|67101|1,[],,S,True,22:17,67101,1,ALERT->SUBTITLE,S,False
transition-3-020,E,201694309760800,201694310104600,201694321995900,12.2351,SGACK|transition-3-020|E|S|1|22:17|67187|1,[],,S,True,22:17,67187,1,ALERT->SUBTITLE,S,False
transition-3-021,E,201694394944900,201694395059900,201694406945700,12.0008,SGACK|transition-3-021|E|S|1|22:17|67272|1,[],,S,True,22:17,67272,1,ALERT->SUBTITLE,S,False
transition-3-022,E,201694479601300,201694479777000,201694491091200,11.4899,SGACK|transition-3-022|E|S|1|22:17|67356|1,[],,S,True,22:17,67356,1,ALERT->SUBTITLE,S,False
transition-3-023,E,201694565135000,201694565281300,201694577466600,12.3316,SGACK|transition-3-023|E|S|1|22:17|67442|1,[],,S,True,22:17,67442,1,ALERT->SUBTITLE,S,False
transition-3-024,E,201694650151800,201694650316400,201694662008700,11.8569,SGACK|transition-3-024|E|S|1|22:17|67527|1,[],,S,True,22:17,67527,1,ALERT->SUBTITLE,S,False
transition-3-025,E,201694733898500,201694734033900,201694746007000,12.1085,SGACK|transition-3-025|E|S|1|22:17|67611|1,[],,S,True,22:17,67611,1,ALERT->SUBTITLE,S,False
transition-3-026,E,201694817878500,201694818063000,201694830049800,12.1713,SGACK|transition-3-026|E|S|1|22:17|67695|1,[],,S,True,22:17,67695,1,ALERT->SUBTITLE,S,False
transition-3-027,E,201694901861900,201694901980800,201694913981400,12.1195,SGACK|transition-3-027|E|S|1|22:17|67779|1,[],,S,True,22:17,67779,1,ALERT->SUBTITLE,S,False
transition-3-028,E,201694986305600,201694986472600,201694998390000,12.0844,SGACK|transition-3-028|E|S|1|22:17|67863|1,[],,S,True,22:17,67863,1,ALERT->SUBTITLE,S,False
transition-3-029,E,201695070012600,201695070166700,201695082412400,12.3998,SGACK|transition-3-029|E|S|1|22:17|67947|1,[],,S,True,22:17,67947,1,ALERT->SUBTITLE,S,False
transition-4-000,S,201695146493100,201695146644100,201695154936900,8.4438,SGACK|transition-4-000|S|H|1|22:17|68020|1,[],,H,True,22:17,68020,1,SUBTITLE->HOME,H,False
transition-4-001,S,201695216526900,201695216656700,201695225278500,8.7516,SGACK|transition-4-001|S|H|1|22:17|68090|1,[],,H,True,22:17,68090,1,SUBTITLE->HOME,H,False
transition-4-002,S,201695282510300,201695282632900,201695290765600,8.2553,SGACK|transition-4-002|S|H|1|22:17|68156|1,[],,H,True,22:17,68156,1,SUBTITLE->HOME,H,False
transition-4-003,S,201695348489900,201695348613600,201695356687000,8.1971,SGACK|transition-4-003|S|H|1|22:17|68222|1,[],,H,True,22:17,68222,1,SUBTITLE->HOME,H,False
transition-4-004,S,201695414456100,201695414590800,201695422726400,8.2703,SGACK|transition-4-004|S|H|1|22:17|68288|1,[],,H,True,22:17,68288,1,SUBTITLE->HOME,H,False
transition-4-005,S,201695480396700,201695480560300,201695488710400,8.3137,SGACK|transition-4-005|S|H|1|22:17|68354|1,[],,H,True,22:17,68354,1,SUBTITLE->HOME,H,False
transition-4-006,S,201695546514100,201695546711300,201695554737800,8.2237,SGACK|transition-4-006|S|H|1|22:17|68420|1,[],,H,True,22:17,68420,1,SUBTITLE->HOME,H,False
transition-4-007,S,201695612384100,201695612512000,201695620665100,8.281,SGACK|transition-4-007|S|H|1|22:17|68486|1,[],,H,True,22:17,68486,1,SUBTITLE->HOME,H,False
transition-4-008,S,201695678494400,201695678630500,201695686738800,8.2444,SGACK|transition-4-008|S|H|1|22:17|68552|1,[],,H,True,22:17,68552,1,SUBTITLE->HOME,H,False
transition-4-009,S,201695744593000,201695744728400,201695752750400,8.1574,SGACK|transition-4-009|S|H|1|22:17|68618|1,[],,H,True,22:17,68618,1,SUBTITLE->HOME,H,False
transition-4-010,S,201695809484600,201695809604700,201695817691900,8.2073,SGACK|transition-4-010|S|H|1|22:17|68683|1,[],,H,True,22:17,68683,1,SUBTITLE->HOME,H,False
transition-4-011,S,201695875399700,201695875538200,201695883703600,8.3039,SGACK|transition-4-011|S|H|1|22:17|68749|1,[],,H,True,22:17,68749,1,SUBTITLE->HOME,H,False
transition-4-012,S,201695940489800,201695940754400,201695948772600,8.2828,SGACK|transition-4-012|S|H|1|22:17|68814|1,[],,H,True,22:17,68814,1,SUBTITLE->HOME,H,False
transition-4-013,S,201696006532200,201696006701500,201696014755200,8.223,SGACK|transition-4-013|S|H|1|22:17|68880|1,[],,H,True,22:17,68880,1,SUBTITLE->HOME,H,False
transition-4-014,S,201696072353700,201696072521900,201696080759500,8.4058,SGACK|transition-4-014|S|H|1|22:17|68946|1,[],,H,True,22:17,68946,1,SUBTITLE->HOME,H,False
transition-4-015,S,201696139405300,201696139552300,201696147755900,8.3506,SGACK|transition-4-015|S|H|1|22:17|69013|1,[],,H,True,22:17,69013,1,SUBTITLE->HOME,H,False
transition-4-016,S,201696205516300,201696205661400,201696213729300,8.213,SGACK|transition-4-016|S|H|1|22:17|69079|1,[],,H,True,22:17,69079,1,SUBTITLE->HOME,H,False
transition-4-017,S,201696271408700,201696271545300,201696279761900,8.3532,SGACK|transition-4-017|S|H|1|22:17|69145|1,[],,H,True,22:17,69145,1,SUBTITLE->HOME,H,False
transition-4-018,S,201696337469600,201696337583700,201696345762100,8.2925,SGACK|transition-4-018|S|H|1|22:17|69211|1,[],,H,True,22:17,69211,1,SUBTITLE->HOME,H,False
transition-4-019,S,201696403449900,201696403568400,201696411784400,8.3345,SGACK|transition-4-019|S|H|1|22:17|69277|1,[],,H,True,22:17,69277,1,SUBTITLE->HOME,H,False
transition-4-020,S,201696469330400,201696469642400,201696477737100,8.4067,SGACK|transition-4-020|S|H|1|22:17|69343|1,[],,H,True,22:17,69343,1,SUBTITLE->HOME,H,False
transition-4-021,S,201696535368300,201696535516300,201696543690000,8.3217,SGACK|transition-4-021|S|H|1|22:17|69409|1,[],,H,True,22:17,69409,1,SUBTITLE->HOME,H,False
transition-4-022,S,201696601386800,201696601518800,201696609711900,8.3251,SGACK|transition-4-022|S|H|1|22:17|69475|1,[],,H,True,22:17,69475,1,SUBTITLE->HOME,H,False
transition-4-023,S,201696667364900,201696667511800,201696675677100,8.3122,SGACK|transition-4-023|S|H|1|22:17|69541|1,[],,H,True,22:17,69541,1,SUBTITLE->HOME,H,False
transition-4-024,S,201696733446900,201696733578900,201696741721400,8.2745,SGACK|transition-4-024|S|H|1|22:17|69607|1,[],,H,True,22:17,69607,1,SUBTITLE->HOME,H,False
transition-4-025,S,201696799436300,201696799660000,201696807843500,8.4072,SGACK|transition-4-025|S|H|1|22:17|69673|1,[],,H,True,22:17,69673,1,SUBTITLE->HOME,H,False
transition-4-026,S,201696865362300,201696865518100,201696873758600,8.3963,SGACK|transition-4-026|S|H|1|22:17|69739|1,[],,H,True,22:17,69739,1,SUBTITLE->HOME,H,False
transition-4-027,S,201696931372900,201696931593400,201696940013300,8.6404,SGACK|transition-4-027|S|H|1|22:17|69805|1,[],,H,True,22:17,69805,1,SUBTITLE->HOME,H,False
transition-4-028,S,201696997379200,201696997552400,201697005792300,8.4131,SGACK|transition-4-028|S|H|1|22:17|69871|1,[],,H,True,22:17,69871,1,SUBTITLE->HOME,H,False
transition-4-029,S,201697064610000,201697064776400,201697073291100,8.6811,SGACK|transition-4-029|S|H|1|22:17|69938|1,[],,H,True,22:17,69938,1,SUBTITLE->HOME,H,False
transition-5-000,E,201697128106300,201697128261900,201697136881600,8.7753,SGACK|transition-5-000|E|H|1|22:17|70002|1,[],,H,True,22:17,70002,1,ALERT->HOME,H,False
transition-5-001,E,201697191121100,201697191278600,201697199907000,8.7859,SGACK|transition-5-001|E|H|1|22:17|70065|1,[],,H,True,22:17,70065,1,ALERT->HOME,H,False
transition-5-002,E,201697259509100,201697259692000,201697267918900,8.4098,SGACK|transition-5-002|E|H|1|22:17|70133|1,[],,H,True,22:17,70133,1,ALERT->HOME,H,False
transition-5-003,E,201697321845900,201697321983100,201697330623600,8.7777,SGACK|transition-5-003|E|H|1|22:17|70196|1,[],,H,True,22:17,70196,1,ALERT->HOME,H,False
transition-5-004,E,201697384767500,201697384880300,201697393773100,9.0056,SGACK|transition-5-004|E|H|1|22:17|70259|1,[],,H,True,22:17,70259,1,ALERT->HOME,H,False
transition-5-005,E,201697450692100,201697450906900,201697460203400,9.5113,SGACK|transition-5-005|E|H|1|22:17|70325|1,[],,H,True,22:17,70325,1,ALERT->HOME,H,False
transition-5-006,E,201697517488200,201697517750900,201697526096600,8.6084,SGACK|transition-5-006|E|H|1|22:17|70391|1,[],,H,True,22:17,70391,1,ALERT->HOME,H,False
transition-5-007,E,201697583946400,201697584232700,201697593150100,9.2037,SGACK|transition-5-007|E|H|1|22:17|70458|1,[],,H,True,22:17,70458,1,ALERT->HOME,H,False
transition-5-008,E,201697647629400,201697647913500,201697656587900,8.9585,SGACK|transition-5-008|E|H|1|22:17|70521|1,[],,H,True,22:17,70521,1,ALERT->HOME,H,False
transition-5-009,E,201697715066100,201697715238300,201697723900900,8.8348,SGACK|transition-5-009|E|H|1|22:17|70589|1,[],,H,True,22:17,70589,1,ALERT->HOME,H,False
transition-5-010,E,201697779580200,201697779792600,201697788649600,9.0694,SGACK|transition-5-010|E|H|1|22:17|70653|1,[],,H,True,22:17,70653,1,ALERT->HOME,H,False
transition-5-011,E,201697844700000,201697845015900,201697854702600,10.0026,SGACK|transition-5-011|E|H|1|22:17|70719|1,[],,H,True,22:17,70719,1,ALERT->HOME,H,False
transition-5-012,E,201697912830600,201697913083000,201697922272000,9.4414,SGACK|transition-5-012|E|H|1|22:17|70787|1,[],,H,True,22:17,70787,1,ALERT->HOME,H,False
transition-5-013,E,201697982921600,201697983140400,201697992247700,9.3261,SGACK|transition-5-013|E|H|1|22:17|70857|1,[],,H,True,22:17,70857,1,ALERT->HOME,H,False
transition-5-014,E,201698051052100,201698051349600,201698060158000,9.1059,SGACK|transition-5-014|E|H|1|22:17|70925|1,[],,H,True,22:17,70925,1,ALERT->HOME,H,False
transition-5-015,E,201698118352700,201698118623400,201698127110900,8.7582,SGACK|transition-5-015|E|H|1|22:17|70992|1,[],,H,True,22:17,70992,1,ALERT->HOME,H,False
transition-5-016,E,201698183762100,201698184006800,201698193204000,9.4419,SGACK|transition-5-016|E|H|1|22:17|71058|1,[],,H,True,22:17,71058,1,ALERT->HOME,H,False
transition-5-017,E,201698251105600,201698251435700,201698261814900,10.7093,SGACK|transition-5-017|E|H|1|22:17|71125|1,[],,H,True,22:17,71125,1,ALERT->HOME,H,False
transition-5-018,E,201698318692300,201698318972100,201698328241600,9.5493,SGACK|transition-5-018|E|H|1|22:17|71193|1,[],,H,True,22:17,71193,1,ALERT->HOME,H,False
transition-5-019,E,201698387548800,201698387929500,201698396578100,9.0293,SGACK|transition-5-019|E|H|1|22:17|71261|1,[],,H,True,22:17,71261,1,ALERT->HOME,H,False
transition-5-020,E,201698454583400,201698454937300,201698463141300,8.5579,SGACK|transition-5-020|E|H|1|22:17|71328|1,[],,H,True,22:17,71328,1,ALERT->HOME,H,False
transition-5-021,E,201698521681800,201698521935200,201698531093800,9.412,SGACK|transition-5-021|E|H|1|22:17|71396|1,[],,H,True,22:17,71396,1,ALERT->HOME,H,False
transition-5-022,E,201698586392900,201698586604800,201698595211300,8.8184,SGACK|transition-5-022|E|H|1|22:17|71460|1,[],,H,True,22:17,71460,1,ALERT->HOME,H,False
transition-5-023,E,201698650971500,201698651150000,201698660144500,9.173,SGACK|transition-5-023|E|H|1|22:17|71525|1,[],,H,True,22:17,71525,1,ALERT->HOME,H,False
transition-5-024,E,201698713846200,201698714034700,201698722705000,8.8588,SGACK|transition-5-024|E|H|1|22:17|71588|1,[],,H,True,22:17,71588,1,ALERT->HOME,H,False
transition-5-025,E,201698777448300,201698777726600,201698786152200,8.7039,SGACK|transition-5-025|E|H|1|22:17|71651|1,[],,H,True,22:17,71651,1,ALERT->HOME,H,False
transition-5-026,E,201698844258500,201698844472900,201698853170700,8.9122,SGACK|transition-5-026|E|H|1|22:17|71718|1,[],,H,True,22:17,71718,1,ALERT->HOME,H,False
transition-5-027,E,201698907959200,201698908169900,201698916962900,9.0037,SGACK|transition-5-027|E|H|1|22:17|71782|1,[],,H,True,22:17,71782,1,ALERT->HOME,H,False
transition-5-028,E,201698971040700,201698971283700,201698980107000,9.0663,SGACK|transition-5-028|E|H|1|22:17|71845|1,[],,H,True,22:17,71845,1,ALERT->HOME,H,False
transition-5-029,E,201699039522100,201699040006700,201699049596600,10.0745,SGACK|transition-5-029|E|H|1|22:17|71914|1,[],,H,True,22:17,71914,1,ALERT->HOME,H,False
transition-6-000,E,201699106119600,201699106436600,201699115097900,8.9783,SGACK|transition-6-000|E|A|1|22:17|71980|1,[],,A,True,22:17,71980,1,CED-only->ALERT,A,False
transition-6-001,E,201699170541200,201699170720600,201699178608100,8.0669,SGACK|transition-6-001|E|A|1|22:17|72044|1,[],,A,True,22:17,72044,1,CED-only->ALERT,A,False
transition-6-002,E,201699236230200,201699236432900,201699245085800,8.8556,SGACK|transition-6-002|E|A|1|22:17|72110|1,[],,A,True,22:17,72110,1,CED-only->ALERT,A,False
transition-6-003,E,201699302403000,201699302774800,201699311236200,8.8332,SGACK|transition-6-003|E|A|1|22:17|72176|1,[],,A,True,22:17,72176,1,CED-only->ALERT,A,False
transition-6-004,E,201699366291300,201699366613300,201699374668700,8.3774,SGACK|transition-6-004|E|A|1|22:17|72240|1,[],,A,True,22:17,72240,1,CED-only->ALERT,A,False
transition-6-005,E,201699428097500,201699428384400,201699437176900,9.0794,SGACK|transition-6-005|E|A|1|22:17|72302|1,[],,A,True,22:17,72302,1,CED-only->ALERT,A,False
transition-6-006,E,201699491663300,201699491822900,201699500784800,9.1215,SGACK|transition-6-006|E|A|1|22:17|72366|1,[],,A,True,22:17,72366,1,CED-only->ALERT,A,False
transition-6-007,E,201699553925400,201699554105400,201699563074800,9.1494,SGACK|transition-6-007|E|A|1|22:17|72428|1,[],,A,True,22:17,72428,1,CED-only->ALERT,A,False
transition-6-008,E,201699618773300,201699618965200,201699628203600,9.4303,SGACK|transition-6-008|E|A|1|22:17|72493|1,[],,A,True,22:17,72493,1,CED-only->ALERT,A,False
transition-6-009,E,201699683097800,201699683346000,201699691923700,8.8259,SGACK|transition-6-009|E|A|1|22:17|72557|1,[],,A,True,22:17,72557,1,CED-only->ALERT,A,False
transition-6-010,E,201699741856000,201699742037200,201699751615200,9.7592,SGACK|transition-6-010|E|A|1|22:17|72616|1,[],,A,True,22:17,72616,1,CED-only->ALERT,A,False
transition-6-011,E,201699805903000,201699806051900,201699815380000,9.477,SGACK|transition-6-011|E|A|1|22:17|72680|1,[],,A,True,22:17,72680,1,CED-only->ALERT,A,False
transition-6-012,E,201699870918400,201699871104500,201699879851400,8.933,SGACK|transition-6-012|E|A|1|22:17|72745|1,[],,A,True,22:17,72745,1,CED-only->ALERT,A,False
transition-6-013,E,201699936079500,201699936254900,201699946042500,9.963,SGACK|transition-6-013|E|A|1|22:17|72810|1,[],,A,True,22:17,72810,1,CED-only->ALERT,A,False
transition-6-014,E,201700000907100,201700001214900,201700009754100,8.847,SGACK|transition-6-014|E|A|1|22:17|72875|1,[],,A,True,22:17,72875,1,CED-only->ALERT,A,False
transition-6-015,E,201700065341200,201700065708100,201700074117000,8.7758,SGACK|transition-6-015|E|A|1|22:17|72939|1,[],,A,True,22:17,72939,1,CED-only->ALERT,A,False
transition-6-016,E,201700129174600,201700129472200,201700138370600,9.196,SGACK|transition-6-016|E|A|1|22:17|73003|1,[],,A,True,22:17,73003,1,CED-only->ALERT,A,False
transition-6-017,E,201700194245800,201700194554200,201700203107200,8.8614,SGACK|transition-6-017|E|A|1|22:17|73068|1,[],,A,True,22:17,73068,1,CED-only->ALERT,A,False
transition-6-018,E,201700258910400,201700259161800,201700268044700,9.1343,SGACK|transition-6-018|E|A|1|22:17|73133|1,[],,A,True,22:17,73133,1,CED-only->ALERT,A,False
transition-6-019,E,201700317290100,201700317500900,201700325507700,8.2176,SGACK|transition-6-019|E|A|1|22:17|73191|1,[],,A,True,22:17,73191,1,CED-only->ALERT,A,False
transition-6-020,E,201700377529100,201700377652300,201700385517000,7.9879,SGACK|transition-6-020|E|A|1|22:17|73251|1,[],,A,True,22:17,73251,1,CED-only->ALERT,A,False
transition-6-021,E,201700441443200,201700441713500,201700450460000,9.0168,SGACK|transition-6-021|E|A|1|22:17|73315|1,[],,A,True,22:17,73315,1,CED-only->ALERT,A,False
transition-6-022,E,201700503591900,201700503774000,201700512880200,9.2883,SGACK|transition-6-022|E|A|1|22:17|73378|1,[],,A,True,22:17,73378,1,CED-only->ALERT,A,False
transition-6-023,E,201700573196000,201700573456800,201700582163900,8.9679,SGACK|transition-6-023|E|A|1|22:17|73447|1,[],,A,True,22:17,73447,1,CED-only->ALERT,A,False
transition-6-024,E,201700633639300,201700633855900,201700642625100,8.9858,SGACK|transition-6-024|E|A|1|22:17|73508|1,[],,A,True,22:17,73508,1,CED-only->ALERT,A,False
transition-6-025,E,201700697158000,201700697386000,201700705683000,8.525,SGACK|transition-6-025|E|A|1|22:17|73571|1,[],,A,True,22:17,73571,1,CED-only->ALERT,A,False
transition-6-026,E,201700769194600,201700769541300,201700777510600,8.316,SGACK|transition-6-026|E|A|1|22:17|73643|1,[],,A,True,22:17,73643,1,CED-only->ALERT,A,False
transition-6-027,E,201700831727000,201700831935200,201700841083700,9.3567,SGACK|transition-6-027|E|A|1|22:17|73706|1,[],,A,True,22:17,73706,1,CED-only->ALERT,A,False
transition-6-028,E,201700894945900,201700895178300,201700903974800,9.0289,SGACK|transition-6-028|E|A|1|22:17|73769|1,[],,A,True,22:17,73769,1,CED-only->ALERT,A,False
transition-6-029,E,201700956868300,201700957050700,201700965474600,8.6063,SGACK|transition-6-029|E|A|1|22:17|73831|1,[],,A,True,22:17,73831,1,CED-only->ALERT,A,False
transition-7-000,E,201701025145400,201701025310700,201701033550200,8.4048,SGACK|transition-7-000|E|S|1|22:17|73898|1,[],,S,True,22:17,73898,1,ALERT->CED-only,S,False
transition-7-001,E,201701093061600,201701093217000,201701101114100,8.0525,SGACK|transition-7-001|E|S|1|22:17|73966|1,[],,S,True,22:17,73966,1,ALERT->CED-only,S,False
transition-7-002,E,201701163484200,201701163743100,201701171326300,7.8421,SGACK|transition-7-002|E|S|1|22:17|74036|1,[],,S,True,22:17,74036,1,ALERT->CED-only,S,False
transition-7-003,E,201701237683200,201701237885400,201701246109200,8.426,SGACK|transition-7-003|E|S|1|22:17|74111|1,[],,S,True,22:17,74111,1,ALERT->CED-only,S,False
transition-7-004,E,201701303542200,201701303766900,201701311200200,7.658,SGACK|transition-7-004|E|S|1|22:17|74176|1,[],,S,True,22:17,74176,1,ALERT->CED-only,S,False
transition-7-005,E,201701369660700,201701369779100,201701378668000,9.0073,SGACK|transition-7-005|E|S|1|22:17|74243|1,[],,S,True,22:17,74243,1,ALERT->CED-only,S,False
transition-7-006,E,201701442448800,201701442649600,201701450980800,8.532,SGACK|transition-7-006|E|S|1|22:17|74315|1,[],,S,True,22:17,74315,1,ALERT->CED-only,S,False
transition-7-007,E,201701516837800,201701517067800,201701525672600,8.8348,SGACK|transition-7-007|E|S|1|22:17|74390|1,[],,S,True,22:17,74390,1,ALERT->CED-only,S,False
transition-7-008,E,201701594050300,201701594440100,201701602517700,8.4674,SGACK|transition-7-008|E|S|1|22:17|74467|1,[],,S,True,22:17,74467,1,ALERT->CED-only,S,False
transition-7-009,E,201701666837100,201701667131800,201701675510900,8.6738,SGACK|transition-7-009|E|S|1|22:17|74540|1,[],,S,True,22:17,74540,1,ALERT->CED-only,S,False
transition-7-010,E,201701741307000,201701741720400,201701749270000,7.963,SGACK|transition-7-010|E|S|1|22:17|74614|1,[],,S,True,22:17,74614,1,ALERT->CED-only,S,False
transition-7-011,E,201701812355500,201701812598700,201701820568300,8.2128,SGACK|transition-7-011|E|S|1|22:17|74685|1,[],,S,True,22:17,74685,1,ALERT->CED-only,S,False
transition-7-012,E,201701882633000,201701882761800,201701891142300,8.5093,SGACK|transition-7-012|E|S|1|22:17|74756|1,[],,S,True,22:17,74756,1,ALERT->CED-only,S,False
transition-7-013,E,201701952610200,201701952743400,201701961421400,8.8112,SGACK|transition-7-013|E|S|1|22:17|74826|1,[],,S,True,22:17,74826,1,ALERT->CED-only,S,False
transition-7-014,E,201702025550200,201702025704200,201702034136500,8.5863,SGACK|transition-7-014|E|S|1|22:17|74899|1,[],,S,True,22:17,74899,1,ALERT->CED-only,S,False
transition-7-015,E,201702091934500,201702092125700,201702100532600,8.5981,SGACK|transition-7-015|E|S|1|22:17|74965|1,[],,S,True,22:17,74965,1,ALERT->CED-only,S,False
transition-7-016,E,201702162295600,201702162542600,201702170836000,8.5404,SGACK|transition-7-016|E|S|1|22:17|75035|1,[],,S,True,22:17,75035,1,ALERT->CED-only,S,False
transition-7-017,E,201702238471500,201702238841700,201702247994400,9.5229,SGACK|transition-7-017|E|S|1|22:17|75112|1,[],,S,True,22:17,75112,1,ALERT->CED-only,S,False
transition-7-018,E,201702316468800,201702316671600,201702324242800,7.774,SGACK|transition-7-018|E|S|1|22:17|75189|1,[],,S,True,22:17,75189,1,ALERT->CED-only,S,False
transition-7-019,E,201702383104100,201702383428100,201702391749400,8.6453,SGACK|transition-7-019|E|S|1|22:17|75256|1,[],,S,True,22:17,75256,1,ALERT->CED-only,S,False
transition-7-020,E,201702457423900,201702457718500,201702465987300,8.5634,SGACK|transition-7-020|E|S|1|22:17|75330|1,[],,S,True,22:17,75330,1,ALERT->CED-only,S,False
transition-7-021,E,201702530318500,201702530566900,201702538766200,8.4477,SGACK|transition-7-021|E|S|1|22:17|75403|1,[],,S,True,22:17,75403,1,ALERT->CED-only,S,False
transition-7-022,E,201702601004400,201702601180000,201702609565400,8.561,SGACK|transition-7-022|E|S|1|22:17|75474|1,[],,S,True,22:17,75474,1,ALERT->CED-only,S,False
transition-7-023,E,201702672957100,201702673135900,201702681704700,8.7476,SGACK|transition-7-023|E|S|1|22:17|75546|1,[],,S,True,22:17,75546,1,ALERT->CED-only,S,False
transition-7-024,E,201702747969200,201702748332200,201702756276300,8.3071,SGACK|transition-7-024|E|S|1|22:17|75621|1,[],,S,True,22:17,75621,1,ALERT->CED-only,S,False
transition-7-025,E,201702822746300,201702822942000,201702831225300,8.479,SGACK|transition-7-025|E|S|1|22:17|75696|1,[],,S,True,22:17,75696,1,ALERT->CED-only,S,False
transition-7-026,E,201702894237800,201702894655500,201702903065600,8.8278,SGACK|transition-7-026|E|S|1|22:17|75767|1,[],,S,True,22:17,75767,1,ALERT->CED-only,S,False
transition-7-027,E,201702974072300,201702974543400,201702983024900,8.9526,SGACK|transition-7-027|E|S|1|22:17|75847|1,[],,S,True,22:17,75847,1,ALERT->CED-only,S,False
transition-7-028,E,201703050886300,201703051162100,201703059424300,8.538,SGACK|transition-7-028|E|S|1|22:17|75924|1,[],,S,True,22:17,75924,1,ALERT->CED-only,S,False
transition-7-029,E,201703124431700,201703124744100,201703133847300,9.4156,SGACK|transition-7-029|E|S|1|22:17|75998|1,[],,S,True,22:17,75998,1,ALERT->CED-only,S,False
